Text,Score,Suggestion
قیمت مناسب ولی صدا خیلی زیاد ,60,2
دو سالی مشه که از دیجی کالا خریدم خیلی خوبه قدرتش زیاده صفش ضد خشه صداش هم کم نیست وقتی که تا ته زیاد میکنین مانند بقیه تبلتا یهو زیاد نمیشه اروم اروم زیاد میشه صبور باشید تو جای نم دار شارژ نکنین اصلا از نم دور باشه چون تاچش مشکل پیدا میکنه واسه خودم یه مدت خراب بود ولش حالا که از نم دوره مثل جت کار میکنه مثلا توی اتاق حمام شارژ نکنین باطری عالی داره دوربینش کمی ضعیفه  اگه واسه بازی میخواین عالیه ,100,1
سلام دوستای عزیزم  من دیروز این محصول رو خریداری کردم  واقعاً خوبه  کیفیتش صداش هم خیلی خوبه  حجم صداش هم بستگی به سیستم   تلفن همراه و  کیفیت موزیکتون داره  در کل واقعاً ممنونم دیجی جان  ,80,1
تازه از دیجی کالا خریدم بیشتر از قابلیت متر که تو بقیه مترها مشترکه از قابلیت تراز سنج زاویه ش خوشم اومد واسه من که تو کار عمران و ساختمان هستم خیلی به دردم خورد هم فریم های درب و پنجره هم دیوارها هم سطح رو تراز سنجی میکنه فقط از لحاظ بدنه یخورده ضعیفه چون صفحش هم لمسیه باید یه برچسب موبایل بزنین روش که خطو خش ورنداره ,88,1
اگه هدفون ارزون میخوایید بخرید ,60,2
من 1 سال خریدمش و  از همه چیزش راضی ام حتی من روی سی پیوش که ci3 هستش بازی ci5 ریختم بدون لگ راحت اجرا شد  ,96,1
برای چاپ رنگی کاغذ گلاسه خوبه برای کاغذ معمولی نه سرهم کردنش خوبه ولی باید دفترچه راهنما رو داشته باشی کار با هاش راحته  کابلUSBداخل جعبه نیست باید از بیرون تهیه شه نرم افزار موبایلش از طریق گوگل پلی در دست رس ایران نیست ,60,2
هم ارزش خرید بالایی داره و هم کارایی خوبی  ,88,1
بهترین گزینه برای مصارف نیمه حرفه ای و خانگی  ,96,1
می ارزه واقعا و ابهت خاصی داره البته ساخت اسپانیا است که شاید به محصولات  آلمان نرسه ,88,1
خوبه من چند ماه مدام استفاده میکنم  پلو ساده و استامبولی و همه چی باهاش درست کردم ازش راضی ام  ته دیگشم خوبه  ,60,1
تو هفته اولی که ازش استفاده میکردم یکی از همکارام گفت چقد پوستت خوب شده   آخرای همون هفته اینو از دوستمم شنیدم بهش گفتم از این محصول استفاده میکنم شبش زنگ زد اسمشو بپرسه و یکی واسه خودش بخره ,48,2
کمی سنگین ولی مقاوم بزرگ ولی برای کار های ظریف هم میتوان استفاده کرد  ,76,2
سلام  در ابتدا مثل همیشه ممنون از دیجی تازه به دستم رسیده  خیلی خوبه  بخرید پشیمون نمیشید  ,92,1
با سلام به خواننندگان من این تابه را برای همسرم از دیجی کالا خریدم  ساخت فرانسه است  بنظر می رسد سفارش کشورهای اسیای میانه بوده باشد  کیفیت نچسب داخلی خیلی خوبی دارد  از نظر ظاهری بنظر می رسد کیفیت لایه داخلی بسیار بهتر از بدنه بیرونی باشد مثلا معلوم است که  در استفاده بلند مدت بیرون تابه خش بر  می داردکه از نظر طبیعی در خصوص تابه ها کیفیت داخلی خیلی مهمتر است  از نظر کیفی از بسیاری از تابه هائی که در بازار موجود است  بهتر است  حداقل از یک برند خوب و با سابقه و با کیفیت اصلی خرید کرده اید  در خصوص قیمت  هم به نسبت کالاهای برندهای متفرقه خارجی  قیمت معقولی دارد  ,92,1
این تلویزیون واقعا عالی هست هم از نظر کیفیت هم از نظر صدا و رابط کاربری تیزن اما کنترل بسیار بی کیفیتی داره حتما باید کنترل مجزا تهیه شود ,68,1
رنگ و طرحشزیبا صدا کم و قدرت مکشش عالی ,76,1
درجواب اون دانشجوی عزیزی که گفت هزینه خرید کارتریج زیاده  البته   چون هد های افشان و پمپ هم جزئی از کارتریج هستند  پس عجیب نیست که قیمت سرسام آور باشه  قرار نیست کارتریج عوض شه   بلکه کافیه خودتون کارتریج رو با بطری های جوهر که تو دیجی کالا و بازار به وفور یافت میشه پر کنید کافیه یه ویدو اموزشی از تو وب پیدا کنین  و هیچ نیازی به مراجعه به تعمیر کار نیست سادست  اینجوری با خرید 4 رنگِ بطری جوهر  نه کارتریج   با مبلغی کمتر می توانید تا مدت های زیادی از چاپگر خود لذت ببرید   ضمنا نسبت به این قیمت واقعا چاپگر فوق العاده ایه  حتما توصیه میشه ,84,1
بازی injustice 2 بسیار بهتر از نسخه قبلی هست و حتما پیشنهاد می کنم امتحان کنید با داستان بسیار محیج خود کنسول هم خیلی خوب کار میکنه ولی اگر نزدیک 1 ساعت بازی کنید کمی داغ میکنه تنها مشکل این هست که برای اینکه دو دسته داشته باری نمی توانید با هم دسته ها را با usb شارژ کنید به همین دلیل باید شارژر دو تایی دسته را تهیه کنید که در خود دیجیکالا هم موجود هست  ممنون بابت خواندن نظر  ,100,1
عالیه ,100,1
محصولی کاربردی و خوش فرم البته دوتا قفل در کناره داره که یکیش کمی سفته که ممکن در این یک موردی که من خریدم این ایراد وجود داره  ,80,1
این پرینتر فوق العادس تازه من چند ماه قبل با قیمت کمتر از دیجی کالا گرفتم کمی کارکرد بیسیم مشکل است ولی چیزی از خوبی های این پرینتر کم نمیکند ,92,1
محصول بسیار شیک  زیبا و نسبت یه هزینه و امکاناتش قدرتمندی است  کسانی که قصد خرید این محصول را دارند توجه داشته باشند باید قسمت مانیتور را شارژ نمایند نه صفحه کلید  البته می توانند روی صفحه کلید هم این کار را انجام دهند  اما برای شارز دستگاه از مانیتور اقدام نمایید  نکته بعدی اینکه مانیتور دستگاه را 12 ساعت زیر شارژ اولیه قرار دهید تا سلول های باتری به خوبی پر شوند و در آینده به مشکل عدم کارآمدی باتری بر نخورید  ,92,1
جهت کارهای روزمره مناسب هست ولی دوتا مشکل داره اول اینکه زاویه دید صفحه نمایش خیلی بد هست به نحوی که باید حتمآ از روبرو به اون نگاه کنی وگرنه رنگ و کنتراست رو خوب نشون نمیده  دوم اینکه فقط دوتا پورت یو اس بی داره و اونم سمت چپ ,72,2
جاروی بسیار خوبی هست و گردو خاک از از عمق فرش بیرون میکشه و پس از استفاده واقعا رنگ و روی فرش باز میشه و معلوم میشه که جارو شده  نکته ای دوستان باید در مورد جارو های بدون پاکت الجی رعایت کنن که باعث از کار افتادن و کاهش قدرت و داغ کردن دستگاه نشه  بهتره پس از هر 3 یا 4 بار استفاده فیلتر های دستگاه تمیز کنن و البته بستگی به شرایط آب و هوایی منطقه و شدت گرد و غبار منطقه ای که زندگی میکنن داره که چقدر فیلترها کثیف بشن   فیلتر ها رو نشویید  هر چند در دفترچه دستگاه اشاره شده این کار باعث کاهش مکش و فشار به موتور و در نتیجه نارضایتی شما و پشیمونی از خردید میشه   فقط کافیه با چند ضربه  به یک سطح خاک جمع شده در فیلتر رو پاک کنید   فقط در فضای آزاد این کارو بکنید  ,88,1
سیم مثبت ومنفی نداره به سوکت فابریک 206میزنی سیمها برعکس میکنی جواب میده ,72,1
پایش در مقایسه با سایر تلوزیونها اونقدر هم ضعیف نیست ,68,3
حدودا 3 ماه میشه که تهیه کردم این لپ تاپ رو و در این مدت راضی بودم  البته قیمت پایین تر بود  ,72,1
تو پیشنهاد شگفت انگیز ارزش خرید داره ,100,1
من چند ماهی هست که گرفتم  در یک کلام میگم که انتخاب بعدیم هم سرفس  شاید سرفس بوک  هست  اما در مرود اجرای نرم افزارها  شما به راحتی متلب و نرم افزارهای مهندسی رو اجرا میکنید  من برای نوشتن الگوریتم و شبکه های عصبی استفاده میکنم و فوق العادست عملکردش کلی باهاش کارهای خیلی خیلی سنگین میکنم که لپ تاپهای دوستانم با اون هیکل گندشون از پسش بر نمیان  مسئله آپدیتای ویندوز به نظرم یه نقطه قوتش ولی واسه کشور ما با این وضع اینترنت گویا مشکل ساز شده ولی خیالتون راحت آپدیتا خیلی کم حجم هستن و اگه هم دوس نداشتین می تونین قطعش کنین که من توصیه نمیکنم چون آپدیتا واقعا بدرد بخور هستن اپل یا مایکروسافت  ویندوز یا مک او اس  ما معمولا محصولات ویندوزی رو روی کامپیوترهای ضعیف خونگییا لپ تاپای ضعیف  با یک ویندوز کرک شده و کلی نرم افزارهای آلوده و قلابی استفاده کردیم و این دید منفی نسبت به ویندوز پیدا کردیم و فکر میکنیم مک خیلی روونه در مقابل ویندوز    در صورتی که این یک سوتفاهمی بیش نبوده  شما تو این محصول با ویندوز 10 تجربه فوق العاده روون و بدون هنگ و لگ خواهید داشت  تو ویندوز 10 با وجود ویندوز دیفندر نیازی به آنتی ویروس ندارین و عملا ویندوز 10 ویروس نمیگیره و در کل اگه قصد قیاس مک و ویندوز دارین برین تو دستگاه هایی که تو یه رنج قیمت هستن مقایسه کنین قطعا مک شکست میخوره تو امکانات و بهره وری خلاصه اگه خواستین با مک قیاس کنین همه موارد رو در نظر بگیرین و سعی کنین با دستگاهی قیاس کنین که تو یک رنج قیمتی باشه  قلمش خیلی خوبه و حس عالی داره  من جزوه های درسی رو با قلمش مینویسم  خوراک برنامه نویسیه خیلی حس خوبی میده  داغ نمیشه واسه من موقع وب گردی به خصوص اگه واسه مرورگرتون اد بلاکر نصب کنین  یه چندتا نقطه ضعف و انتقاد بود که من تو بخش نقاط ضعف لیست کردمشون  که مهم ترینش واسه من نبود درگاه یو اس بی تایپ سی و در نتیجه شارژ نشدن با یو اس تایپ سی  برای کارهای گرافیکی سنگین هم خوب نیست  اگه گرافیست هستین یا معماری میخونین  و رندرهای سه بعدی و کارهای سنگین گرافیکی می کنین برید سراغ گزینه های دیگه ,84,1
من خریدم حدود دوماهه چیز خوبیه مخصوصا برای دانشجوها که بازی نخوان بکنن باهاش  بازی های معمولی رو هم بخوبی اجرا میکنه و فقط مقاله نویسی کار های روزانه میتونم بگم بهترین انتخابه چون گارانتی خوبی هم داره طراحیش خیلی خوبه تنها ایرادی که میتونم ازش بگیرم اینه که پشت مانیتور جای انگشت میمونه روش   ,60,1
سلام دوستان حتما دقت کنید که این گیفت کارت فقط اکانتتون پلاس میکنه وحساب کاربریتونو شارز نمیکنه حواستون باشه ,96,1
عالی  راضی بودم ,88,1
در کل دستگاه خوبی هست  ولی قوری آن جنس بسیار ضعیفی بود و همان روزهای اول اندکی بدون آب روی جای خودش مانده بود و ترک خورد متاسفانه جنسهای تولید داخل در رقابت سختی هستند ,76,2
سلام من تقریبا دو ماهی میشه که این گوشی رو خریدم و خدا رو شکر هیچ عیب قابل توجهی نداشته که بخواد اذیت کنه از لحاظ ظاهری خیلی پشت گوشی قشنگه و تو چشمه و همون اول که میبینیش خود نمایی میکنه توی قدرت همه جور بازی رو اجرا میکنه پس نگران قدرت و عملکردش نباشید من  خودم بازی های مختلفی رو روش اجرا کردم مثل Mortal kombat X که واقها بازی سنگینیه ولی بدون کوچکترین مشکلی اجراش کرد گوشی همون اول Android 7 با رابط کاربری EMUI 5 1 اما به Android 8 و رابط کاربری EMUI 8 اپدیت میشه تو اپدیت قابلیت Game suit هم اضافه شده که میتونید قدرت گوشی رو تو اجرای بازی کنترل کنید و اگه اون رو روی حالت Gaming mode بزارید بازی مثل asfalt 8 رو تو پس زمینه حتی بعد از چند ساعت باز نگه میداره و این خبر خوبیه برای گیمرا توی دوربین هم هواوی چیزی کم نزاشته و واقعا امکانات عالی داره تو شب و محیط های کم نور میتونید از حالت Night mode استفاده کنید  توی این حالت عکس ها بدون نویز ثبت میشه ولی نیاز به پایه دارید توی روز هم که خودتون میدونید عالیه خود رابط کاربری توی اپدیت جدید بحبود هایی رو داشته و گزینه تشخیص چهره  Face unlock  هم بهش اضافه شده توی باطری هم نه میشه گفت بد و نه عالی اما خوبه توی یک ساعت و ده دقیقه کامل شارژ میشه و در استفاده ترکیبی از گوشی 1 روز کامل رو شارژ داره توی بازی های انلاین هم مثل Clash of Clans تو 1 ساعت بازی کردن با نت 4G باطری 6 درصد و توی Asfalt 8 تو 1 ساعت بازی 11 درصد کم شد در کل توی همه چیزش عالیه شک نکنید بخریدش اما اگه به دوربین اهمیت میدیید پیشنهاد من به شما Huawei P10 هست درضمن من این گوشی رو از دیجیکالا خریدم وتو 2 بدستم رسید شما هم اگه میخواید این گوشی رو بخرید از دیجی کالا بخرید که خیلی توپه ممنون از شما که نظر من رو درباره ی این گوشی خواندید ,96,1
این سیستم بیشتر به درد اتاق نوجوان میخوره تا استفاده به عنوان سیستم صوتی خانگی قیمتش در حالت عادی زیاده ورودیهای صداشم کمه تفکیک صداشم چنگی به دل نمیزنه  ,76,1
سلام خیلی با کیفیت و عالی ,100,1
فقط جنس کیبوردش کمی بده وگرنه لپتاپ بسیار خوبیه ,60,1
خیلی عالیه همه کاری باهاش کردم ولی فقط واسه بازی لنگ میزنه اونم فقط بازی های سنگین ولی اگر کیفیت بازی هارو یکم کم کنیم حتا سنگین ترین بازی های روز هم به خوبی میاره   ولی اگر دنبال وب گردی هستید این لبتال بهترین چیزیه که میشه خریدش چون خیلی کم لبتاب 14 اینچی هست که دراو نوری  CD Rom  داشته باشه واسه همین از دستش ندین من 3 ماهه که اینو خریدم و بسیار هم راضی هستم خیلی لبتاب خوبیه   فقط ماوس همراه آن کمی بیکیفیت است مثلا اگر کلیک راست و چپ را همزمان فشار دهد گیر میکند که این اصلا چیز مهمی نیست و میشود یک ماوس خوب خریداری کرد واسه کالر های توسط مثل فتوشاپ هم خوبه ولی واسه بازی های سنگین نمیشه انتضار داشته باشید که بدونه باگ بیاره واسه تو بازی های سنگین کنده اگرم به شار زر وصل نباشه هی بازی گیر میکنه واسه باز یهای سنگین حتما باید به شارژر وصل باشه   ,88,1
با اولین بار چرخ کردن گوشت  چرخ دنده ی پلاستیکی شکست  و متاسفانه این قطعه گیر نمیاد  و چرخ گوشت رو باید دور انداخت  ,0,3
نسبت به قیمت و محصولات مشابه عملکرد خوب و قابل قبولی داره ,72,1
تقربیا 9 ماه هست که اینو دارم و از دیجی گرفتم از همچیش راضی ام اما تنها عیبی که میتونم بگیرم اینه که دکمه هاش نرم نیست   نسبت به مدل قبلی     مدل قبلی دکمه های نرم تری داره   اینو گفتم واسه کسایی که براشون مثله خودم نرمی دکمه ها اهمیت داره   من خودم شخصا اگه دوباره برگردم به همون موقع که سفارش دادم   مدل قبلیش رو انتخاب میکردم  البته این نظر شخصی منه شاید خیلی ها براشون اصلا مهم نباشه و این حرف من هم اصلا عیب نباشه که من این عیب رو ازش گرفتم اما به هر حال از ما گفتن بود  با تشکر ,60,1
هندز فری خوش ساختیه و کیفیت ساخت خیلی خوبی داره اما به نسبت قیمتش کاری انجام نمیده  بر خلاف نظر دوستان من در محیط پر سرو صدا و محیز با صدای ثابت تست کردم قابلیت حذف نویز تقریبا کار نمی کنه می تونم بگم شاید 20 درصد از نویز محیط رو کم می کنه  ولی صدای بسیار بلندی داره و لی بخشی که باطری داره خیلی به کانکتور گوشی نزدیکه برای همین هی سنگینی می کنه  من این هندزفری رو با توجه به قیمتش توصیه نمی کنم  ,52,3
واقعا نگهداری شارژش پایینه بیشتر از یک ساعت روشن نمیمونه ,52,3
نصبت به قیمتش خیلی لپ تاپ خوبیه تو این دوهفته ای که خریدم مشکلی ندیدم ,84,1
آقا حتما پیشنهاد میکنیم هم جا داره هم قیمتش مناسبه و هم کیفیت ساخت عالی ,100,1
روز مهندس برای همسرم خریدم و راضی هست ,100,1
اگر بین خرید اطو مخزنی و پرسی مردد هستید من این دستکاه را پیشنهاد میکنم   در عرض 2 دقیقه یک پیراهن یا شلوار کامل اطو کنید و خسته نشوید   بدلیل حذف مخزن آب از دسته اطو وزن دسته کم شده و مچ دستتان خسته نمی شود  با فشار دادن دکمه بخار 500 گرم بخار خارج میشود که سخت ترین چروکها بسرعت باز میشود ,100,1
به نسبت قیمت که داره فوق العاده میباشد همه چیزش عالیییی میباشد حتما بخرید  ,100,1
ھدفونہ خوبیہ عالیہ بخرہدپشیمون نمیشید ,96,1
چند ماهی هست این محصول رو تهیه کردم  قدرت انچنانی نداره و لی کیفیت صداش خوبه  دنبال بیس قوی نبایستی باشید توی این محصول سیمش م خیلی نازکه ولی با کیفیت و خوبه ظاهر ش هم عالیه موفق باشید  ,84,2
بیاس بسیار زیبا و صدای شفاف  درکل تو رنج خودش بسیار با کیفیت ,72,1
اول برای خرید دو انتخاب داشتم یکی لپتاپ hp بودش که هارد 1ترا وگرفیک 2 AMD بود  درحالی که هارد و گرافیک دو برابر این مدل ایسوس بود با مشاوره بلعخره با توجه به برند وکیفیت asus رو انتخاب کردم  چند روزه لپ تاپ پو گرفتم بار اول خواستم ویندوز 7 روش نصب کنم تاچ پد و موس کار نمیکرد وخیلی مشگل داشت برام بلعخره ویندوز 10 رو نصب کردم که فوق العاده بود گرافیک بالا کیفیت و تنوع خوب صدا  خرید این لپ تابو بهتون پیشنهاد میکنم خیلی از خریدم راضیم   ,72,1
خیلی ازش راضیم  به پوست یه برق خاصی میده مرطوب نگه میداره پوستمو ,96,1
دو ماهه خریدمش   محشره اول این که باتری فوق العاده عالی داره   تو پاور سیوش ده ساعت و معمولی هفت ساعت رو جوابه   ثانیا کیفیت ساخت عالی  بعد ابنکه با اینکه ای فایوه ولی 6200 u  ک کار ای سون 5000  رو میکنه  ثالثادو تا گرافیک داره یکی برا امور ساده و یکی برا محاسبات سنگین مث گیم  سنسور اثر انگشتشم عالیه  فقط بدیش اینه ک کیبوردش نور پس نداره و اینکه وبکمش ضعیفه ,80,1
بسیار  با کیفیت   با تکنولوژی روز و زیبا  ,84,1
دریل بسیار باکیفیتی است توصیه میکنم تهیه کنید  ,88,1
چهار سال عالی با این گوشی و ادامه داره  گوشی جدید رو هم باز از سونی می گیرم که بی سر و صدا  جنس عالی عرضه می کنه  ,84,1
امروز به دستم رسید همون چیزی که انتظار داشتم از خریدتون پشیمون نمیشید ,88,1
این لپ تاپ رو از دی جی کالا خریدم نزدیک دو سال دارمش باورتون نمیشه دقیقا 1سال ویندوز عوض نکردم با اینکه همش تو اینترنت هستم کارای روزمره مثل وب گردی فتوشاپ بازی   بدون هیچ مشکلی کارامو را میندازه و ازش راضیم ,100,1
سلام  این هدفون صدای زیر بسیار ضعیفی داره بصورتی که اولین باری که استفاده کنید دلتونو میزنه و پشیمون میشید بهترِ در خرید هدفون عجله نکنید و از خودتون قبلش امتحان کنید ,44,3
آقا یه ساله دارمش واقعا حرف نداره هر بازی و نرم افزار سنگینی رو بگی با بهترین کیفیت اجرا میکنه از gta v تا battle 4 حرف نداره ,100,1
اصلا پیشنهاد نمی دهم چون خیلی بی کیفیت است ,20,3
من فکر میکردم از نظر کیفیت  بدنه شبیه چرخ گوشت توشیبا که چرخ گوشتای قدیمی پارس خزر هست باشه ولی در ظاهر بی کیفیت میومد حتی من یک بار لوازم استیلشو شستم و دیدم رنگ داخل گلویی چرخ گوشت یه جوری شده انگار که ساییده شده باشه و مواد شوینده روش باقی مونده باشه شستمش باز ولی نرفتم بدنه و گوشت کوب و سینی هم که پلاستیکه   فقط صداش نسبت به مدل قدیمیش گمتر ,60,1
همچی عالی هیچ صدایی شنیده نمیشه جز صدای موزیک مخصوصا با قابلت نویز کنسلینگ عالی ,68,1
خرید این محصول رو به همه پیشنهاد میکنم خیلى سریع و راحت ارایش رو پاک میکنه و ارایش سنگین چشم به راحتى و فقط با یه پد ارایشى و یکم ازین پاک کننده کامل و سریع پاک میشه ,92,2
سلام دوستان من این باند رو دو هفته پیش گرفتم از دیجی کالا پخشم جی وی سیه و قصد بستن آمپ و ساب رو هم نداشتم و ندارم دنبال باندی بودم که بیس زیادی داشته باشه با توجه به بودجه ای که داشتم بین این باند و 6975کنوود مونده بودم خیلی تحقیق کردم و آخرش به این نتیجه رسیدم که این باند عمر قدرت بیشتری داره  الانم کاملا ازش راضیم و بهتون پیشنهاد میکنم این باند رو انتخاب کنید با تشکر از دیجی کالا ,96,2
خیلی خوب بود برای کسانی که میخان عکس و فیلم های خانوادگی بگیرن ,82,1
من شهریور ماه 96 این لپ تاپ رو از دیجیکالا خریدم از شانس بدم مشکل auto power off داشت  یعنی خاموش شدن بدون دلیل   این مشکل به علت قطعات نامرغوب ایجاد میشه    گارانتی لپ تاپ آواژنگ بود  الان که این مطلب رو می نویسم دو هفته است که دادمش به آواژنگ برای حل مشکل  ولی خبری نشده و پیگیری هم میکنم میگند تو فرایند تعمیر است    از خرید این لپ تاپ واقعا پشیمونم و به همه توصیه میکنم اصلا سمت ASUS نرند  دیگه هم بعید می دونم که از دیجیکالا خرید کنم  با تشکر ,40,3
خوشگله ولی خیلی گرونه  ,68,2
من پوستم مختلطه  حدود دو ساله که از این کرم استفاده میکنم و خیلی دوسش دارم  پوستمو خیلی براق نمیکنه ولی یه برق قشنگ و دلپذیری بهش میده که دوست دارم  چون من پوست کاملا مات رو نمیپسندم  پوشش دهی این کرم معمولیه  پوست من جوش یا لک نداره برای همین از پوشش کرم راضی ام  شاید پوستای جوشدار یا لک دار خیلی خوب نباشه  قبلا از الارو استفاده کردم ولی منافذ پوستمو باز میکرد و ظاهر خیلی چربی ایجاد میکرد  ,96,1
بعد از شش ماه که بین همه مدل قابلمه های دیجی تحقیق و بررسی کردم این مدل ایرانی رو انتخاب کردم و از خریدم کاملا راضیم  جنس بدنه داخلی و خارجی عالی هست به حدی که اصلا احتمال نمیشه داد که خراب بشه  سایز و ابعاد خیلی کاربردی هست  ظاهر خیلی زیبایی هم داره   با همه اینها واقعا چرا تولیدات کشورهای دیگه رو بخریم   ,100,1
لپتاپ بسیار بسیار خوبی هستش تو  این رنج قیمت و فراتر از اون  گزینه بسیار مناسبیه فقط استاندارد وای فای 5 گیگاهرتز هم پشتیبانی میکنه که دیجیکالا ننوشته ازش باتریشم خیلی خوبه و نسبتا قویه حافظه گرافیکیشم 4 گیگابایت از نوع دی دی آر 5 هستش که دیجیکالا اشتباه نوشته  قدرت سی پیوش از آی 7 نسل  7 هم بهتره در کل اگر میخواید لپتاپی بخرید حتما حتما نسل 8 بخرید ,100,1
جنسش عالیه تنها ایرادی که داره لبه ظرف محافظ نداره اگه به جایی بخوره یا با قاشق ضربه بزنید خط میفته اکثر خانمها عادت دارن بعد هم زدن غذا با قاشق به لبه ظرف ضربه میزنن در مورد این باید رعایت کنین  ,100,1
خیلی ازش راضی ام سیم بلدنش دست و پاگیر هست اما خیلی کیفیتش خوبه ,60,1
من این اتو را از دیجیکالا خریداری کردم  به نظرم اتو از کیفیت مناسبی برخوردار می باشد و همچنین با توجه به اینکه در تخفیف یلدا خریداری کردم از قیمت هم راضی می باشم ولی متاسفانه بعداز باز نمودن کارتن دیجیکالا با  بسته بندی بسیار نا مناسب روبه رو شدم کارتن اتو بطور کلی خراب و درب آن باز و همچنین پیمانه آب نیز داخل آن نبود البته اتو صدمه ندیده بود ولی انتظار بیشتری از دیجیکالا داشتم   ,84,1
من چند ماه است که این محصول را خریداری کرده ام و از هر لحاظ خرید این محصول را پیشنهاد میکنم    با تشکر از  دی جی کالا ,96,1
در کل خوب و قابل قبوله  فقط دفترچه راهنماش خیلی ریز نوشته شده و ترجمه خوبی هم از طرف سامسونگ نشده  نمیشه گفت به خوبی و کارایی فر گازی هستش اما کار آشپز رو راه میندازه و میشه باهاش کار کرد و نتیجه گرفت ,80,1
سلام من چند روز پیش این دستگاه رو خریدم و خیلی ازش راضی هستم  قدرت خیلی خوبه داره و من مشکلی باهاش ندارم  فقط اگر می خواهید چرخش معکوس رو فعال کنید باید صبر بدید تا کاملا از حرکت بایسته والا ممکنه جرقا بزنه در ضمن جلوه خیلی زیبایی داره به خاطر قطعات براقی که داره و در آشپزخانه خیلی قشنگ و شیک هست در عین حال که کاراییش هم خوب هست کسانی که علاقمند به خرید کالای ایرانی هستند این هم به نوعی در ایران ساخته شده و روش نوشته Iran   Japan ازش راضیم ,88,1
وقتی بعد از چند روز معطلی تحویل گرفتم و سیستم نصب شد  مانیتور گهگاه خط خطی میشد  ناشیگری کردم و اطمینان به دیجی کالا که جنس معیوب نمی فروشه  تا اینکه بعد چند ماه کلا مانیتور  رفت و دو ماه تو گارانتی بود تا تعمیر بشه  ,44,3
گوشیه فوق العاده ای هستش اصلا نمیشه براش عیب و ایرادی گرفت دیجی جووون بابت هدیه ها ممنون ,100,1
هرچند که به نسبت آبمرکبات گیرهای مشابه دارای قیمت بالاتری میباشد ولی به نسبت راحتی و کم صدایی از خرید خود خیلی راضی هستم  به راحتی با 4 یا 5 عدد پرتغال یک لیوان آب پرتغال طبیعی نوش جان میکنید  ,80,1
واسه رنگ آمیزی خیلی خوبه خودش پمپ هوای  کمپرسور  سیار داره و دیگه نیاز به پمپ هوای مستقل  که هم سنگینه و هم معمولا محدودیت در جابجایی داره  نیست  شاید شیلنگ هوای فنری به لحاظ دست و پاگیر بودن با سیم برق این محصول مقایسه بشه ولی سیم برق زیاد دست و پا گیر نیست  ضمن اینکه برای ازدیاد طول سیم برق به راحتی میتوان یک سیم سیار برق را استفاده کرد ولی برای ازدیاد طول شلنگ هوا به این راحتی نمیتوان اقدام کرد  ظاهرا جنس مخزن رنگ پیستوله  پلاستیکی هست که این موضوع مغایر با حس با کیفیت و خوش ساخت بودن محصولات بوش میباشد  در خصوص توان و عملکرد کمپرسور هوای آن نظری ندارم ولی ظاهرا با 440 وات  کم قدرت بنظر میرسه  ,80,1
سبک و زیباست اما بیسش اونجوری که فکر میکردم نبود ,60,2
چند ماهی میشه که خردیدمش  دلیله اصلیش حمایت از محصولاته ملی بود  که تا حالا هم خیلی راضیم پارس خزر از وقتی با شرکت توشیبا قرار داد بست خیلی از نظر طراحی و تولید پیشرفت کرد  من هم از همین دیجی کلی محصولاتش رو خریدم که تقریبا از همش راضیم  ,60,1
این لب تاپ در یک کلام عالیه  اما سرویس دیجی کالا و اطمینانی که در خرید این محصول به من داد قابل تقدیر است  من یک فلش بوت برای نصب ویندوز درست کردم که متاسفانه اشتباه بود  برای اولین بار می بایست دی وی دی بوت داشته باشید  اما بعد از چند روز که با دیجی تماس می گرفتم ضمن راهنمائی یک هفته دیگر گارانتی تعویض رو افزایش داد از دیجی به خاطر ایجاد اطمینان و احساس امنیت در خرید کالاهائی اینچنین متشکرم ,92,1
این هندس فری تازه به دستم رسیده  و برای کسایی که انتظار شنیدن یک موسیقی با کیفیت دارن حتما پیشنهاد میکنم  بعد از شنیدن آهنگ با این هدست آدم به این فکر میکنه انگار تا حالا آهنگ نشنیده ,96,1
سرعت  فرستادن  محصول و دقت در سالم رسیدن آن  ستودنی است  تنها نکته ی ضعیف این اشت که در معرفی کالا  هیچ جا اشاره نکرده اید که این ظرف  ساخت کشور چین است  برای نگه داشتن اعتماد مشتریان نیکوست که تمام اطلاعات محصول را شفاف و گویا در سایت درج کنید   ,88,2
این هدفون رو من از دیجی کالا سفارش دادم اولین چیزی که وقتی قوطی رو باز یکنید توجه آدم رو جلب میکنه اندازه این ایرفون هست که تقریبا هم انداره کوچکش هست خیلی کوچیکتر از اون چیزی هست که تو عکساش دیده میشه  سیمش هم نازک و جمع و جوره هردو اینا باعث میشه که اگه مثلا اهنگ رو استوپ کنید یادتون بره هدفون تو گوش تون هست جالب اینه که با این اندازه هرچقدر ولم بدید کم نمیاره و صدای قابل قبولی داره  یکی از نقاط قوت این هدفون این هست که در ولم بالا از کیفیت موسیقی کم نمیشه و اذیت نمیکنه  صدای ایرفون هجم و بیس خوبی داره و این باعث نمیشه از تفکیک و جزعیات آن کم بشه  کیفیت ساختش که حرفی برای گذاشتن نمیذاره  از نقاط ضعف بخوام بگم  ای کاش کابلش از هدفون جدا میشد که با این اندازه کوچیک و کیفیت کابلش تا اندازه ای قابل توجبهه و از اونجا که سری های این ایرفون گیر نمیاد یکم محکم تر سرجاش وا میستاد بهتر بود  البته خرید این جور هدفون ها به سلیقه صدایی شما هم بستگی داره ولی من به شخصه بخوام مثلا با شور مقایسه کنم شور تفکیک بهتری داره ولی زود خسته میکنه آدم رو و تو صدای بلند گوش ادم ازیت میکنه  واسه همینه که میگن بیشتر به درد استریو های موسیقی میخوره  من فقط یه توصیه از تجربه خودم واستون دارم  رسیدن به این کیفیت برای سازنده های این ایرفون ها کار راحتی نبوده الان تو بازار هدفون های های اند زیادی هست اولین چیزی باید توجه کنید از مارک های به نام و قدیمی مثل سونی  سنهایزر  شور  بیتس خرید کنید    بیتس در حد و اندازه قیمتش هست   اگه هدفون های سونی گیر آوردید حتما تست کنید برق از سه فازتون می پره  خلاصه پولی که به این هدفون دادم هلالشون باشه من راضی هستم  ,96,1
اصلا نسبت به قیمتش نمی ارزه کیفیت صدای خوبی داره بیشتر جنبه دکوری داره ,76,1
روز اول که روشن کردم و خواستم باهاش کار کنم در ابتدا 1GB برای بروزرسانی دانلود شد که بخاطر سرعت پایین شبکه XBOX در ایران و همچنین سرعت دانلود پایین اینترنت حدود 3 ساعت طول کشید بعد از آپدیت شدن و انجام یک سری تنظیمات کاربری بلاخره وارد محیط کاربری خوب و جالبش شدم بعد از وارد کردن کد بازی تازه متوجه شدم که بازی باید در ابتدا 20GB دانلود کنه تا بشه شروع به بازی کرد و در ادامه تا 65GB این دانلود ادامه داره در نهایت 2 روز طول کشید تا 20GB دانلود شد و بازی Halo که شامل نسخه 1 الی 4 هست آمداده شد ولی الان بعد از گذشت 4 روز همچنان در حال دانلود هست و تازه به 60   رسیده دلیل عمده کندی دانلود  کندی شبکه XBOX توی ایران هست و باید تا اتمام دانلود صبر کنیم در نهایت بازی halo بسیار خوب و با کیفیت عالی هست و تجربه بازی خیلی خوبی داره  همچنین از دیجی کالا برای ارسال خوب و با کیفیت تشکر میکنم ,60,1
متاسفانه پس از 8 ماه از خرید این تبلت در اطراف صفحه ی نمایش هاله تغییر رنگ ایجاد شده که بعد از مراجعه به نمایندگی گارانتی به من گفتند در اثر فشار به ال سی دی بوده و البته این مورد تحت گارانتی نبود  من تبلت رو فقط در دست میگرفتم و هیچ فشار یا ضربه ای نخورده  مگر اینکه با فشار ناشی از در دست گرفتن صفحه ی نمایش دچار آسیب شده باشه و این هاله نور زرد رنگ اطراف صفحه ایجاد شده  قبل از ایجاد این مشکل خیلی راضی بودم از تبلت  ,60,2
موبایل بسیار خوبی است ,100,2
هفت ماهی هست که این اتورو خریدم و استفاده میکتم چندبار نزدیک بود لباسو بسوزونه که احتمالا بخاطر نامناسب بودن کفش باشه  مشخص نبودن مقدار آب داخل اتو هم آدمو اذیت میکنه  با توجه به اینکه اتو یک وسیله دم دستی و پرمصرف هست این اتو اصلا انتظارات آدمو برآورده نمیکنه و ارزش خرید نداره چون خیلی حال آدمو میگیره  ,40,3
متن من این لپ تاپ رو یه هفته است از دیجی گرفتم واقعا عالیه اصلا داغ چیه گرم هم نمیشه سرعتش خیلی خوبه تنها ایرادش مات نبودنشه که اونام باید تمییز نگه داشته بشه اگه میخواین یه لپ تاب خوب بگیرید شک نکنید بهترینه   ,96,1
من داخلش گلدونای کوچیک رنگی که تو همین سایت موجوده خریدم وبه دیوار تراس زدم خیلی خوب شد ,100,1
اگه مواد وافل رو داخلش بریزید و توی یه ماهیتابه یکم آب بریزین و قتلب بزارید توش و در ماهیتابه رو چند دقیقه ببندین بعد باز کنید و بزارین حدود ده دقیقه اینطوری درحالی که آب داره بپزه خیلی خوب میشه ,88,1
متاسفانه مشکل بزرگی که این تلویزیون داره اینه که وقتی کابل اچ دی ام ای دستگاه بهش وصل میشه آنتن تلویزیون میپره و سیگنال نمیده که من فکر میکنم این مشکل تو نمونه های گلدیرانی باشه اگر کسی راه حلی داره ارائه بده ممنون میشم  ,92,1
خیلی از خریدش راضیم  بی صدا و ساکت و آروم  کارشو درست انجام میده سیستم حباب سازش باعث میشه حتی شوینده ی کم هم به اندازه مناسب کف کنه  و این خوبه سیستم شستشوی سریعش هم لباسهارو خوب میشوره روی اتو کردن آسون هم بزارید  لباس ها رو چروک نمیکنه  گرچه نزارید هم چروک خاصی ایجاد نمیکنه در کل خوبه و پیشنهاد میکنم ,88,1
کف این اتو تفلون هست  و با توجه به اتوهای دیگه که دیدم  به نظرم کف سرامیکی برای اتو از همه بهتره  ولی این اتو برای استفاده های کم  خوبه  سیمش بلنده و کارایی نسبتا خوبی داره  اینکه مخزن آب شفاف نیست یکم اذیت میکنه ولی در کل مشکل خاصی نیست  ,56,2
من با این دستگاه فرمت mkv mp4 avi  اجرا کردم بدون مشکل و زیرنویسشو هم بدون مشکل اورد در ضمن فیلم بلوری 1080 اجرا کرد بدون هیچ مشکلی سرعت اجرا از فلش عالی نبود ولی بد هم نبود نسبت به قیمتش پیشنهاد میدم بگیرید با تشکر از دیجی کالا ,76,1
ساخت آلمان  فقط برای فلزات از حالت چکشی استفاده نکنید  و حداکثر دور دریل 2000 دور در دقیقه باشه  که تو کاتالوگ دریل متیونین پیدا کنید ,88,1
قبل هرچیز بگم قسمت لوازم آرایش دیجی کالا تا جایی که من دیدم واقعا خیلی بهم ریخته است  معرفی بعضی محصولات و رنگ واقعیشون هم واقعا ضعیفه بعنوان مثال این کانسیلر  رنگش تیره است  این نوع کانسیلر بورژوا سه رنگ روشن  متوسط و تیره داره که این شماره تیره هست ولی تو توضیحات نوشیته شده روشن دوم اینکه این کانسیلر  اصلا پوشش دهی خوبی نداره و خیلی آبکیه  بنظرم با قیمت کمتر مثلا میتونید کانسیلر میسلین مدل say hello to brighter eyes خیلی عالیه و پوشش دهیش خیلی خوبه  ولی این کانسیلرو اصلا توصیه نمیکنم ,84,1
از بهترین سیستمها برای کاربرد مهندسیه و برای گیمینگ هم خوبه  ,92,1
دوستانی که نظر می نویسند تبلت ها هیچ وقت نمی توانند جای لپ تاپ هارا پر کنند به این نکته توجه کنند که شرکت های اپل و مایکروسافت در چند سال اخیر تمام تلاش های خود را برای نزدیک کردن تبلت ها به دنیای pc کرده اند من خودم به عنوان یکی از دارندگان این محصولات دو رگه   حتماً خرید این محصول را پیشنهاد می کنم   ,100,1
کسانی که پوست چرب و تقریبا روشنی دارن استفاده کنن من اصلا باهاش جوش نزدم و خیلی خیلی خوب رو پوست میشینه پشتشم یه پنکیک سبک بزنین کامله ,84,1
بی کیفیت در هر زمینه  ,8,3
با سلام خدمت دوستان من این لپ تاپ مدت 1سال دارم و ازش راضیم و کارامو را می ندازه  ببینید ازش انتظار کارای سخت نداشته باشید در حد کارای وب فتوشاپ  ورد خوبه  واسه بازی های سنگین ازش انتظار نداشته باشید ,80,1
من 5 روزه که این لپ تاپ رو خریدم  فن به شدت صدا میده  من قبلا لپ تاپvaio داشتم  با اینکه 3 سالی فن رو تمیز نکرده بودم این همه صدا نمیداد  که واقعا عجیبه  مشکل دیگه هم اینکه دکمه های کیبورد  مخصوصا دکمه های سمت چپ  و بدنه ی کیبورد موقع تایپ کاملا میرن پایین و بالا میان  جوری که تایپ کردن رو واقعا اعصاب خرد کن می کنه  من که واقعا پشیمونم از خریدش ,52,3
از خرید این قیچی اشپزحانه راضی هستم ,0,1
کار کردن باهاش راحته و خیلی خوب پیاز رو خرد میکنه و حالت له و رنده نمیشه  قبلا دلمونتی داشتم که کاملا پیاز رو حالت رنده درمیاورد ,88,1
در قسمت عکس ها یه عکس از دوربین هست که 180درجه چرخش داره یعنی میشه برای سلفی گرفتن استفاده کرد من وقتی این دوربین روخریدم فقط صفحه نمایشش فقط90درجه چرخش داره نه180درجه ولی تمام امکاناتش عالیه ,60,1
در فروش ویژه خریدم و عالیه اگر بازم فروش ویژه باشه بازم می خرم دقت کنید اگر تحت لیسانس تفال و تولید چین باشه ته ظرف Made In France  ندارد اگر ساخت فرانسه باشه حتما زیرش نوشته Made In France ,88,1
درکل عالیه من که راضیم ,100,1
بسیار از این محصول راضیم خیلی تمیز چاپ میکنه از طریق موبایل و لپ تاب بدون سیم کار میکنه  من بعد یک عالم تحقیق فهمیدم این مدل از مدل های دیگه سامسونگ بهتر ,100,1
به درد نخور لپ تاپ دنیا ,20,3
لب تاب خوبی  موقع بازی pes  2016 باید باطری خارج کنید وگر نه لگ میزنه ,92,1
من هم نمونه ارزونتر ش A1 وهم نمونه گرونترش A5  دارم باید بگم  فرق چندانی با نمونه گرونه  نداره تنها تفاوتی که با این دو مدل داره اکولایزرهای گرافیکی وتنظیم بیس وتریبل  A5  هست که داشتن یه اپ خوب روی گوشی یا لپ تاب و  اونو به نحو احسن جبران میکنه درباره حجم صدا هم بگم در هیچ یک از اینها نمی توان برای مدت طولانی از ماکزیمم حجم صدا استفاده کرد  ولی اگر گوشهاتو نیاز نداشته باشی  همگی جوابگو هستند ,96,1
سلام امروز دستم رسیده و نسبتا از خریدم راضیم   در وهله اول که تست کردم دیدم  صداش بصورت اذیت کننده ای بیرون پخش میشه  خیلی تعجب کردم  اما سبک بودن و راحت بودن دور گوشی جبران مافات میکنه  اینکه اپشنی روی گوشی نباشه تو ذوق میزنه  خیلی ساده است  ,56,1
من از خرید راضی هستم  ,100,1
من بعد از چند ماه جستجو در این رنج قیمت به این نتیجه رسیدم که بهترین لپتابی که میشه گرفت همین مدل هست و خریدمش  3 ماه هست که دارم ازش استفاده میکنم و کاملا راضی هستم   فقط یک مشکل داره که اونم مربوط به خود لپتاب نیست و اونم این هست که بعضی از بازی ها رو نمیشه با کارت گرافیک nvidia باز کرد و فقط با گرافیک intel خود لپتاب باز میشه که طبیعتا قدرت nvidia رو نداره و بازی لگ دار میشه   خیلی تحقیق کردم ولی هنوز راه حل دقیقی برای حل این مشکل پیدا نکردم ظاهرا مشکل مربوط به user account control هست که با خاموش کردنش مشکل حل میشه ولی خب از طرفی خاموش بودن این سرویس مشکلات دیگه ای به وجود میاره ,100,1
امروز حجم صداشو با گوشی آیفون هم امتحان کردم و وقتی صداشو تا اخر بردم صداش اونقدر زیاد شد که گوشم درد گرفت و نتونستم اصلا تحملش کنم گوشی خودم نوت 5 هستش و با اون تا اخرین حد صداش به 70 درصد ایفون میرسه حدودا پس میزان صدا به پخش کننده بستگی داره نه هدفون البته هدفون هم سقفی داره اما سقفش اونقدر است که نتونید برای یک لحظه هم تحمل کنید   کیفیت تفکیک صداشم واقعا شگفت زدتون میکنه با یک اهنگ با کیفیت فلک امتحان کردم صداهایی ازش مینوید که هرگز با هدفون معمولی شنیده نمیشه و من اول فکر کردم صدا داره از بیرون میاد صداشو تا اخرم که زیاد کنید هیچ نویزی نداره واقعا پیشنهاد میکنم ,96,1
سایز قابلمه و ماهیتابه بزرگ است و جنس خوبی دارد  تنها اشکال این است که پیچ برای نصب دسته ماهیتابه به بدنه آن در جعبه موجود نبود  ,84,1
سرعت هارش خیلی عامل محدودکننده ایه و واقعا جلوی استفاده از تمام قدرتش رو گرفته  ترجیحا مدل  اس اس دی دارش رو بگیرید یا این که خودتون روش اس اس دی نصب کنید  ,60,2
من این لپتاپ رو تقریبا 1 ماهی هست خریدم از دیجی کالا  خیلی زود به دستم رسید تو کمتر از 24 ساعت با وجود اینکه تهران نبودم  حافظه ssd به شدت سرعت لپتاپ رو بالا برده و حتی  کار های سنگین رو  به خوبی انجام میده  حسگر اثر انگشت هم یکی دیگه از خوبیای این لپتاپه  به کلی ندیدم کم بیاره این لپتاپ هنوز و ازش خیلی راضیم  فقط توجه کنید  2gb حافظه گرافیکی مجزا رو واسه گیم روش حساب نکنید  در کل راضیم و مرسی از دیجی کالا ,92,1
متاسفانه فوق العاده بی کیفیت بود اصلا راضی نبودم   حتی از منتاژ داخل هم بدتر    چون نمونه خارجی رو دیده بودم 100 درصد با این تفاوت داشت فهمیدم این اون نیست جک 3 5 کار نمیکنه با اسپیکر یا هر جک دیگه ای فقط و فقط با هدست Xboxکار میکنه خواستی دسته بگیری سری وان اس بهترین گزینس از ما گفتن بود ,60,1
18 ماه پیش این جارو برقی رو برای خونم از دیجی خریدم  تا 15 ماه خوب بود    مصرف هر سه تا چهار روز یکبار   بعد از 15 ماه یکدفعه قدرتش کم شد و صدای موتور دوبرابر شد و مجبور شدم بفرستم گارانتی  یه جاروبرقی که نام یه شرکت معظم آلمانی رو با خودش یدک می کشه ازش انتظار بیشتر از اینها رو باید داشت  جارو برقی های زمان قدیم اقوام هنوز هم پرقدرت و با صدای معمولی و تا حدودی زیاد دارن همین کار رو انجام میدن   البته با بیشتر از 20 سال کارکرد  به همین دلیل از همچین محصول و برندی انتظار نداشتم بعد از این مدت کوتاه  تلنگش در بره  ,36,2
قیمتش هم مناسب تره نسبت به جاهای دیگه ,88,1
باسلام   قبل از هر چیز باید تشکر بکنم از سایت معتبر و دوست داشتنی دجی کالا و تبریک بهشون بگم از بابت حسن کارکرد و جلب اطمینان مشتری در خرید اینترنتی     بنده بشخصه هر خریدی ازش داشتم رضایت کامل داشتم    و اما نظرم در مورد این محصول    باید عرض کنم تو پیشنهاد شگفت انگیز خریدمش و امروز به دستم رسید  قیمتشم با نمایندگی بوش در یک حد بود   جاروبرقی شیک و جمع و جوریه قدرتش نسبت به واتی که زده یک مقدار پایین تر هست  سرو صدای خاصی نداره  قدرت مکشش خوبه  لوله خرطومی که تو عکس می بینید فقط روکشش پارچه هست  جنس اصلیش پلاستیک نرمه خاری که روی لوله رابط با بدنه جارو برقی تعبیه کردن برآمدگی کمی داره و بنظر میاد استقامت مطلوبی نداره چرخ های بزرگی داره که خیلی خوب رو سطوح مختلف عمل میکنه با کیسه یبار مصرف کار میکنه و یدکی براش نذاشتن تو کارتن  و در نهایت باید بگم برای کسی که قصد خرید این محصول و در کل از دجی کالا رو داره سعی کردم اصلاعات مفیدی رو در اختیار بزارم موفق باشید   امروز این محصول به دستم رسید و تو پیشنهاد شگفت انگیز تهیه اش کردم  ,68,1
اگر قصد وبگردی و عدم اجرای نرم افزارهای تخصصی و سنگین رو دارید و بودجه تون هم کمه   بهترین انتخاب البته در زمان خودش هست  ,100,1
خیلی عالیه     ,100,1
انتظاری که از یک جارو برقی دارید فقط کشش و مکش خوب نیس در حال حاضر با وجود برندهای مختلف باید به جز کیفیت محصول به دنبال ارگونومی و جذابیت بصری هم باشیم که این مدل انتظار رو برآورده نمی کنه جایی برای نگهداری سری ها نداره پس بعد مدتی شما سری رو گم می کنید و فقط از یک سری استفاده خواهید کرد ظرفیت مخزن جمع آوری گرد و خاک کمه من دقت نکرده بودم مهمترین ایراد کیفیت بد لوله خرطومی هست  در حین حرکت گردش 360 درجه خوبی نداره  و لوله تا میشود و باید بادست اونرو آزاد کنید و تاب لوله خرطومی رو رها کنید تو خرید شگفت انگیز انتخاب خوبی بود اما به طور معمولی به قیمتش نمی ارزه ,52,2
لپتاپ خوبیه بهترین بازی هارو خیلی روون اجرا میکنه   صدای بلندگوهاش حرف نداره  ,92,1
خوب بود ولی خیلی تیرس ,60,1
فوق العادس حتما بخرید منم از رو کامنتا خریدمش و اصلا پشیمون نیستم خیلی راحت میشه بشوریش و برندش اونقدر معتبره که فک نکنم لازم باشه راجع بش ت ,60,1
من سه ساله اینو دارم و فقط میتونم بگم تا الان برام فوق العاده کار کرده ,100,1
من این دستگاه تهیه کردم و بدون حتی یه قطره روغن ماهی  برگر  سیب زمینی رو به بهترین شکل کباب میکنه حتما به کسانی که ارزش غذایی براشون مهمه و تو فکر رژیم هستن پیشنهاد میکنم لطفا پیشنهاد ویژه بشه چون یدونه دیگه هم میخوام ,88,1
با توجه به قیمتش ماشین لباسشویی خوبیه  مدل تسمه ایه موتورش  البته صدای مزاحمش قابل قبوله  من تو جشنواره به تخفیف پانزده درصدی خریدم  از قیمتش با تخفیف راضیم  فقط از خدمات نصب سام سرویس تو یاسوج اصلا راصی نیستم  چه از برخوردشون و چه بخاطر پول اضافه ای که طلب کردن و چه از پیگیری سام سرویس تهران که هنوز بعد سه ماه پیگیری و چند بار تماس قول دادن پیگیری کنن ولی اصلا خبری ازشون نشده  حداقل به من بگن آقا به فلان دلیل حق با شما نیست    ما به این حد هم قانعیم  که اتفاق نیفتاده هنوز  الان برگه گارانتی من پیش نصابه  من که قید گارانتیو زدم  خدمات پس از فروش مخصوصا تو شهرستانها خیلی بده  ,76,1
بارها باهاش انواع گوشت چرخ کردم بدون هیچ مشکلی خرد کن ها و رنده ها من استفاده نکردم  اما با ابمیوه گیریش هویج و سیب اب گرفتم ک بابد تفاله ها رو دو سه بار دیگه بریزین توی دستگاه چون پر آبن ,84,1
حتما بخرید بعد از یک سال هنوز هم عاشقشم از بس عالیه انحصاری هاش فوق العادن گرافیکی کخ به نمایش میزاره خیره کنندس دسته هاش هم که خیلی راحتن مشکل شارژ هم ندارن اصلا شارژشون معقوله دو تا دسته بگیرین راحت ترین تا هر وقت شارژ یکی تموم شد آون یکی باشه ولی با یه دسته همثکارتون راه میفته کلا خیلی عالیه و حتما بخریدش ,100,1
من این دسته را دارم به نظر من اگه یک محافظ گرفته شود زیباست ,68,1
دوستان من مدت ها بدنبال یک هدفون باکیفیت با قیمت زیر صد تومن بودم  از نظر کیفیت صدا و راحتی فوق العادس  کیفیت تفکیک صداش بینظیره  صدارو تا هرچقد زیاد کنید گوش آزار نمیده ,92,1
باسلام  امروز به دستم رسید دستگاه بسیار خوبى هستش تواین رنج قیمت از همه مارک ها بهتره واسه خریدشک نکنید  باتشکر از دیجى کالا به خاطر محصولات خوبش ,84,1
تو استفاده طولانی خیلی گوش رو اذیت میکنه و گوشتون عرق میکنه ,76,3
حدود یه ماهه ازش استفاده میکنم خیلی خوبه تقریبا بدون روغن میشه ازش استفاده کرد تنها ایرادش اینه که خیلی سنگینه ,68,2
امروز به دستم رسید بسته بندیش که عالی بود همه چی طبق میل بود فقط یه زدگی خیلی کوچیک داشت رو قاب وسط که انحنا داشت البته فک کنم مال خود لپ تاپ باشه نمیدونم ولی در کل لپ تاپ عالیه تو خریدش شک نکنید ,100,1
دو سال هست که خریدم از دیجی کالا واقعا عالی هست اسیابش واقعا عالی عمل میکنه و مخلوط کن قوی و باکیفیت هست ,92,1
در خریدش شک نکنید نه هنگ داره نه داغ میکنه  دوربینش هم که عالیه فقط هندزفری نداره همراش که همین بدیشه  وگرنه عالییییه ,92,1
تبلت خوبیه ولی باتری ضعیفه ,80,1
دیجی کالا لطفا این تلویزیونو موجود کنید واقعا معرکه اس  مطمئنم خیلی های دیگه مثل من خریدارش هستند  ,60,3
برای استفاده در ورزش خریدم  راحت است  و موقع استفاده از گوش جدا نمی شود  ولی صدای آن کیفیت مورد انتظار را نداشت  یک مقدار صدا انگار از ته یک لوله می آید  یک مقدار خفه هست  به نسبت قیمت به نظرم نمی ارزد  ,60,3
من این تبلت رو اردیبهشت خریدم و اوایل کارکرد خوبی داشت بجز اینکه باید رم اش رو زود زود پاک می کردی در آبان صدای تبلت خش خش و بعد قطع شد که به گرانای سازگار دادم و اسپیکر و مادریرد شو کلا رایگان تعویض کردند الان از روز اولش بهتر کار می کنه و شارژ دهی اش فوق العاده است  برای خواندن کتاب و مقاله کاملا توصیه می شود هر چند من فیلم با کیفیت اچ دی از فیلیمو نیز باهاش نگاه کردم و بازی آسفالت رو هم خوب باز می کنه ولی من هدفم از خریدش خوندن پی دی اف بود  ,80,1
شبیه ماشین چینیه همه چیز فقط داره کیفیت تصویر پایین پنل کم نور تصویر ضد حال ,76,1
از لحاظ سرعت و قدرت پردازنده وکارت گرافیک و        خیلی عالیه من دهها نرم افزار طراحی سه بعدی و گرافیکی و برنامه نویسی روش نصب کردم و بدون مشکل داره واسم کار میکنه   مشکل اصلی این مدل کیفیت بد صفحه نمایشه  ولی در کل از خریدم راضی ام  ,56,1
مدتی هست داریم و واقعا راضی هستیم ,84,1
قسمت خرد کن این محصول با تیغه های متعددی که داره واقعا اون رو تبدیل به یه محصول کاربردی توی آشپزخونه کرده  اما مشکل اصلی اینه که کف پارچ مخلوط کن صاف نیست و تیغه توی یه قسمت کوچیک قرار گرفته  این باعث میشه زمانیکه شما بخواید طالبی یا هندونه یا سایر میوه های جامد رو توی مخلوط کن میکس کنید  همه چیز  کنار تیغه گیر بیفته و اصن میوه میکس نشه  به نظر  من این محصول هیچ کارایی به عنوان مخلوط کن نداره  اما خرد کن خیلی خوبیه  ,88,3
این پرینتر را خریدم و   اصلا راضی نیستم  پیشنهاد می کنم لیزری بخرید  ,56,3
با سلام نزدیک به چهار ماهه این تلویزیون رو از دی جی کالا خریدم باید بگم از تلویزیونهای معمولی ال سی دی هم کیفیتش فوق العاده پایین تره نمیدونم چرا اما تلویزیون قبلی من ال سی دی 32 اینچ سامسونگ بود ولی واقعا هم از نظر متریال به کار رفته هم کیفیت تصویر بسیار سرتر از این تلویزیون هست شاید علت اینه که بسیاری از قطعاتش ساخت داخل ایران شده به هیچ وجه شباهتی با محصولات اصلی خود سامسونگ نداره و میشه گفت یک فیک بی کیفیت من که همون تی وی ال سی دی 8 سال پیشه 32 اینچه سامسونگ اصلی رو به این ترجیح میرم حتی کنسول بازی رو هم بهتر از این تی وی جدید نشون میده گفتم شاید ماله من خرابه اما نمایندگیش اومد و گفت نه همشون همینطوره اپدیت هم کردم بازم تصاویر به خصوص وقتی نزدیک بهش میشی بسیار شطرنجی رنگها بی روح و تصاویر ماته مثلا سیستم ارتقا تصاویر داره که کلا الکی چیزی که مشخصه مدل اصلی این تی وی رو در ایران تولید نمیشه چون یکی از اقوام از بانه یک تی وی با همین مشخصات و ابعاد گرفته ولی کلا یه دنیایی اینو میشه گفت سامسونگ اصلا غیر قابل مقایسه اس با این تی وی سامسونگ ساخت داخل خلاصه باید بگم بهتره در انتخابتون دقت کنید  ,56,3
سلام به همه دوستان من خودم پارسال تابستان ps4 خریده بودم و چون این پایه رو نداشتم مجبور بودم کنسول رو فقط به حالت افقی قرار بدم و دیگه از افقی بودن کنسول خسته شده بودم اگه هم کنسول رو بدون پایه به صورت عمودی بذارین احتمال افتادن و داغون شدن دستگاه وجود داره پس این پایه رو خریداری کردم و الان بدون هیچ نگرانی از افتادن دستگاه میتونم اون رو عمودی قرار بدم تازه اینجوری جای کمتری رو هم اشغال میکنه  ,72,2
پوست من مختلط هست   روی پوست اثر ماسیدگی بجا میزاره  مخصوصا شیرازه ما که گرمه و پوست دچاره تعریق میشه  با عرق کردن کلا میماسه و منظره بدی داره  ولی بافت لطیفی داره  پوشش دهندگیش خوبه ,60,2
ایسوز بهترین مارک لپ ناپه اونم ایسوز دیجی کالا با باتری های اصلی فقط دیجی جون زیاد هوای مشتری هاش رو نداره  ,100,2
سلام دوستان با توجه به اینکه 1 ماهی میشه من این لپ تاپ رو گرفتم خواستم چند مورد تجربیات خودم رو بازگو کنم اول از همه اینکه تنها تفاوتی که من بین این مدل و مدل 78J1 دیدم این هست که این مدل 70XR بلوری داره و اونیکی دی وی دی طی چند بخش توضیحات رو کامل میکنم هارد   سرعت خوبی داره دورش  7200 و تستی  که انجام دادم تا 160 170 mb هم سرعت خوندن داشتم که البته یه بخشیش بر ای بافرشه متوسط عملکردش نوشتنش رو 70 mb دیدم ssd   مهترین نکته ای رو که باید بهتون بگم در مورد این بخشه روی لپ تاپ من ssd توشیبا بود   روی خیلی مدلای دیگه ssd  مارک Liteon نصبه   البته مدل های جدید با گرافیک 1070  رو در سایت های مهم خبری دنیا دیدم که از همین مدل توشیبا استفاده شده و دیگه از  مدلهای مارک Liteon استفاده نمیشه سرعتی که با این مدل گرفتم  خواندن تا 545mb و نوشتن تا 483mb بر ثانیه بود  این مدل البته نوع m 2 و البته از نوع nvme نیست و یه خصوصیت خیلی خوبی که داره اینه که از هر دو کلید M و B  پشتیبانی میکنه   حالا چه فایده داره  فایدش اینه که میتونین این ssd رو رو اسلات بالایی 21110  نصب کنین   البته حتما باید قطعه نگه دارنده شو تهیه کنین چون طول این ssd  که از نوع 2280 هست 80میلی متر هست  وبرای نسب رو اسلات بالا ssd کلید B با طول 100 میلی متر نیاز دارین که تو بازار حداقل من ندیدم و خیلی کمه کسایی که دنبال عوض کردن ssd این دستگاه با انواع فوق پرسرعت مثل Samsung 950 pro nvme هستن باید عرض کنم که با اینکه اسلات M این لپتاپ این مدل رو ساپورت میکنه اما به دلیل ضعف بایاس ایسر این کار بسادگی انجام نمیشه و بصورت پیش فرض این مدل در بایاس دتکت نمیشه   و علاوه بر اینکه نسخه بایاس این لپ تاپ رو باید به نسخه 1 10 که آخرین انتشار این نسخه هست آپدیت کنین   یک سری تنظیمات خاص رو هم باید اعمال کنین تا از سرعت این نوع ssd لذت ببرین  صدا   کلیت صدای دستگاه قابل قبول بوده تا حالا گرافیک   در مورد گرافیک  980m  دیگه پرچمدار نیست ولی قابل قبوله سیستم خنک کننده   با توجه به اینکه کار من بیشتر سیستم های مجازی و لودینگ سنگین سیستم هست گرمای خیلی زیادی رو مشاهده نکردم البته صدای سیستم خنک کننده کم نیست رم   خیلی راحت قابل ارتقا  و حتی باس 2400 رو هم براحتی ساپورت میکنه گرچه سیستم بصورت اتوماتیک روی 2133 تنطیمش میکنه صفحه نمایش   این مدل رو خروجی G Sync رو ساپورت میکنه یعنی نمایشگر خودش این قابلیت رو نداره بلکه روی خروجی این قابلیت فعاله   البته مدلای جدید با گرافیک 1070 روی نمایشگر خود لپ تاپ این  ویژگی موجوده مطالب خیلی بیشتری هم بود که عنوان نکردم امیدوارم بددتون بخوره ,84,2
اصلا نمیشه عیب پ ایرادی از این پرینتر بگیریم خیلی عالیه 2 سالی میشه برا استفاده خونگی خریدمش هنوز کارتریج استارترش رو عوض نکردم مثا روز اوله  ,100,2
خیلی خوبه خوبیش اینه میکروفن داره وps4 وصل میشه ,100,1
واقعاً عالیه البته ما از دیجی کالا نخریدم ولی از نظر وضوح تصویر و صدا واقعا راضی کننده است اما اگه خواستین بخرین 55 اینچ و 49 زیاد فرق ندارن   حدود چهار پنج ماه خریدم راضی ام  الجی در زمینه نمایشگر ها رقیب نداره  ,96,1
رنگ خیلی زیبا با درخشش مناسبه نه زیاد براق نه زیاد مات من که خیلی راضیم ,80,1
به نام خدا من این دوربین رو خریدم و عالی هستش  خلاصه از همه نظر خوبه ,88,1
بنده بیشتر از 6 ماهه که خریداری کردم و بسیار راضی هستم   به نظز من اگر میتوانید پول بازی هاش رو بدید پیشنهاد میکنم حتما بخرید  ,92,1
راه خوب صرفه جویی توخرید نون و از اون مهمتر لذت طعم نون برشته و تازه هیچ عطری هم نمیده ,80,1
بسیار عالی ازش راضی هستم و مشکلی نداره ,80,1
کیفیتش خیلی خوبه نسبت به قیمتش عالیه  ,100,1
با سلام  من این سیستم رو دو ماهه خریداری کردم از دیجی جان فقط میخواستم بگم شانس با من همراه بود که تونستم اینو بخرم درست وقتی خریداری کردم دیگه تمام شد  یه سیستم عالی بدون نقص هستش داغ نمیکنه   اروم ساکت   Cori7  من برای انجام پایان نامه ام میخواستم اختصاصی داشته باشم اینو خرید کردم توصیه میکنم    جون میده برا ویندوز 10  با تنظیمات ویندوز 10 میتونی شارژ باتری رو خیلی خیلی بهتر مدیریت کنی خلاصه یه سیستمی که تمامی امتیازات رو یه جا تو خودش جمع داره  ,96,1
لپ تاپ خوبیه هم شیکه هم برای کارای معمولی کار راه اندازه ,60,1
پرینتر خوبیه من از دیجى گرفتم فقط اولش یک خورده باهاش مشکل داشتم بعد از اینکه آپدیت اش رو از سایت برادر دانلود کردم ردیف شد   سرعت و کیفیت خوبى داره ,88,1
عالیه ولی آداپتورش بزرگه ,68,1
واقعا بیکیفیت تلویزیون باید حد اقل تصویر واضح نشون بده wifi کار یه وسیله دیگست عجب اشتباهی کردم ,88,1
چیزی که عجیب بود اینه که سطح مقطعش کاملا دایره نیست  انگار ضربه خورده و تورفتگی پیدا کرده  برای همین دربش با یه فشار کوچولو بسته میشه   تقریبا همزمان با این  یه تابه زرساب 28 سانتی خریدم  فکر میکردم ایرانیه و کیفیتش باید پایینتر از تقال باشه  اما نظرم کاملا تغییر کرد  انتظار این فرورفتگی را روی بدنه تفال نداشتم  دفعه بعد حتما زرساب میخرم  حداقل  قیمتش یک دوم قیمت مدل prima تفاله  نسبت به بقیه مدلهای تفالم که خیلی ارزونتره  ضمنا کیفیتشم واقعا خوبه   حتی از این مدل تفال بالاتره  اینو در مقایسه دوتا محصول دیدم  ,60,2
ابعاد جعبه این محصول 8 12  وبلندی  رابط بیت  6 سانت و ابعاد آچار جغجغه 9  در 0 8 سانت است   مسلما پهنای آچار 0 8 سانت موید قابلیت استفاده برای دستان ظریف و کارهای نه چندان دشوار می باشد لذا با نگاه به کیفیت متوسط 20 بیت و 5 بکس همراه نگاه حرفه ای امثال بنده را براورده نمی کند با اینحال به لحاظ پشتوانه برند بوش و قیمت مناسب دیجیکالا برای کارهای سبک خانگی کاملا مناسب است  ,84,1
تجربه استفاده از این گوشی جای هیچ حرف و حدیثی باقی نمیگداره ,100,1
توی این رنج قیمت بهتر از این پیدا نمی کنید  بهتره امکانات سخت افزاری رو مقایسه کنید و به ظاهر توجهی نداشته باشید  با این قیمت ایسوس اگه بخواید بگیرید از لحاظ سخت افزاری خیلی پایین تر خواهد بود  ایسر هم مال تایوانه  من مدل های جدید ایسوس رو دیدم اونا هم باطریشون قابل جداسازی نبود  دو تا هم درگاه یو اس بی داشتن  یدونه سه یدونه دو  کیفیت صفحه نمایش این فقط فول اچ دی نیست که من لپ تاپ قبلیمم نبود و عادت دارم  روکش اسکرین هم مات نیست  توی این رنج قیمت اچ پی پرو بوک 450 هم خوبه و صفحه ش ماته  اما من سخت افزار  واسم مهم بود که رم این ddr4 هست ولی اون ddr3 بود و اینکه گرافیک اینم از اون خیلی سر تره توی اینترنت میتونید ببینید  من زیاد جا به جا نمی کنم لپ تاپ رو که زیر نور  آفتاب بخوام کار کنم و آینه بشه و   تازه این حدود دویست تومن ارزون تر از اچ پی هستش  سی دی درایور داخل کارتنش بود و نصب اتوماتیک داشت مثل ایسوس  اچ پی نداره باید بری دانلود کنی  خلاصه اینکه من خیلی بررسی کردم به دو راهی این و اچ پی بر خوردم و در نهایت اینو انتخاب کردم و راضی هم هستم  ضمن اینکه سر  اچ پی نظر داده بودن که هاردش صدا میخوره و نویز داره و   گارانتیش هم معتبر نبود  امیدوارم بخرید و لذت ببرید  البته با توقع به جا   این دوستی که میگه صفحه نمایشش خوب نیست قبل از خرید باید مشخصات رو میخوند  قابل پیش بینی بود کاملا  سوالی بود در خدمتم  ,72,1
پردازنده و کارت گرافیک قوی داره  حجم رم هم مناسبه  تقریبا همش در اختیار ویندوز هست  دو تا کارت گرافیک داره  در استفاده معمولی از کارت اینتل آنبورد استفاده میکنه  و برای کارهای گرافیک سنگین از geforce استفاده میکنه  که قابل تنظیم هست البته  محل قرارگیری اسپیکرها زیر لپتاپه که یه مقدار کیفیت صدا رو میاره پایین و گنگ میشه  صدای فن لپتاپ هم زیاد هست به نسبت  تو محیط های ساکت کاملا احساس میشه  وسط های کیبورد هم  مثل اکثر لپ تاپ ها  زیاد صلب نیست و با فشردن کلید خم میشه  کیفیت FHD صفحه نمایش خیلی خوبه  زاویه دید هم زیاده و اصلا محدود نیست  باتریش هم در حد نرمال  حداقل 4 ساعت  جواب میده  داخل جعبه لپ تاپ  یک کوله پشتی و یک موس وایرلس هم هست   ,80,2
واقعا عالی عه از همه نظر ,100,1
محصول واقعا عالی مطابق با مشخصاتی که ذکرشده اصلا چرب نیست وکاملا جلوه مات داره وماندگاری بسیار بالا ازخریدم واقعا راضی ام خصوصا تو پیشنهاد شگفت انگیز که قیمت مناسبی داشت اولین کرم پودری بود که بدون تست قبلی وباتوجه به مشخصات گفته شده خریدم و دقیقا همه مشخصات و دارا بود  ,88,1
دستگاه خوبی است  قبل از خرید  درباره این دستگاه از طرف یکی از خریداران قبلی خواندم که قطعه فلزی بالای دستگاه در کارتن تحویلی موجود نبوده  است  من خرید را انجام دادم و متوجه شدم که داخل کارتن تحویلی من هم این قطعه موجود نیست  بهر حال بنظر می آید فروشنده اصلی کالا    یک عدداز این قطعات را کم آورده است و از روی این کارتن به مشتری دیگری داده است  خیالتان راحت باشد   چون حوصله مرجوع کردن را نداشتم   همین دستگاه را در خانه نگه داشتم  احتمالا نفرات بعدی دستگاه کامل را دریافت خواهند کرد  در مجموع دستگاه خوبی است و برشته کردن نان را به صورت یکنواخت انجام می دهد   ,68,1
بسیار عالی هست این لیوان دوستان  من چای رو ریختم توش و چای رو شیرین کردم   میدونید که وو دقیقا یک ساعت و 5 دقیقه بعد باز کردم درش رو و ,92,1
کلمه Tefal برگرفته از ترکیب دو کلمه Teflon  و Aluminuum مى باشد و در تمام دنیا این برند رو براى ظروف تفلون میشناسند اگر چه در صنعت لوازم کوچک خانگى و آشپزخانه نیز وارد شده و بى شک موفق هم بوده اما تخصص اصلى اش ساخت ظروف آشپزى مى باشد هنگامى در بازار آمریکا به دنبال ظروف آشپزخانه باشید به راحتى متوجه تفاوت تفال با سایر برندهاى موجود و حتى با کیفیت اروپایى میشید و در آنصورته که بى هیچ شکى در اینجا تفال رو انتخاب میکنید  نیازى به آمریکا رفتن براى تایید این نظر نیست کافیه یه سرى به آمازون بزنید و احترامى که براى تفال وجود داره رو درک کنید گرچه سایر تکنولوژیها مثل استفاده از سرامیک میخواد با تفلون رقابت کنه اما شرکتهایى تراز اول همچون تفال با بالا بردن و بى ضرر کردن تکنولوژى تفلون خود و علیرغم تولید در سایر بخشها همچون سرامیکى   استیل   چدنى و  هنوز بیشترین فروش رو در ظرفهاى تفلون خود دارند و دریک کلام پر فروشترین ظرفهاى آشپزخانه کماکان تفلونها هستند و در راس آنها تفال قرار دارد البته دوستان فراموش نکنند براى خرید محصولات تفال حتما به وبسایت اصلى شرکت تفال مراجعه کنند و از تایید محصول مدنظر در سایت مطمئن بشند و بخاطر داشته باشیدمحصولات اصلى تفال جمله made in france را در زیر ظرف دارد  ,100,2
این لپ تاپو یک سال پیش گرفتم تا به حال دو بار بردش سوخته بعضی یو اس بی های لپ تاپ هم بعد یه مدت از کار افتاد ولی هربار بعد تعویض لپ تاپ درست شد من ازکلیاتش راضی هستم ولی از اینکه هی برد میسوزه  خیلی پشیمونم که گرفتم ,60,3
سلام دوستان من این گوشی نسبت به آیفون7   الجی وی20   الجی جی 5  مقایسه میکنم   هر سه این گوشی ها رو دارم   قدرت پردازنده مرکزیشون و رم داخلی گوشی های الجی رو کاغذ هر سه یکسان و خیلی بالاتر از آیفون7 هست ولی با این حال آیفون تو بازی ها خیلی بهتر و سرتره   نکته بعدی  با اینکه LG6 پلاس خیلی بعد از lg v20  amp  lg g5 معرفی شده ولی کیفیت دوربین سلفیش به شدت از lg g5 و دوربین پشتش از lg V20 پایین تره   حالا چرا من این گوشی گرفتم    128 گیگابایت حافظه داخلی با یه مموری 128 گیگ با یه اکانت اسپاتیفای   گزینه Hi fi Quad DAC روشن   هدفن بسیار عالی   ساعت ها با بهترین کیفیت صدا موزیک گوش بدید   صفحه نمایشش و همچنین قاب پشتش هم کاملا مورد جذبتون میکنه   نکته مثبت دیگه کاهش بسیار زیاد قیمت گوشی توسط خوده الجی هست که فکر میکنم الان بعد حدود یکسال از عرضه گوشی   می ارزه   اگر قاب خواستید بخرید   میتونید از قاب های LG G6 هم استفاده کنید ولی برای گلس یا ضد خش صفحه نمایش باید حتما برای LG 6 PLUS تهیه کنید  ,84,1
این لپ تاپ رو پدرم برای عید 96 خرید و من پس از حدود یک سال استفاده متوجه شدم لپتاپ عالی هستش فقط چون من بلد نیستم بازی نصب کنم روش یک کم سخت هستش ولی در کل عالیه ,96,1
کرم خیلی خوبیه ولی روی انتخاب رنگ متناسب باپوستتون دقت کنیداگه باره اوله ک میخواین بخرین حتماب رنگش دقت کنیدشماره27تیره ترین رنگشه ,92,2
دیجی باندای پایونیر همینطور ناموجود میشن لطفاااا زود زود موجود کنید ,84,2
واسه هر نوع کاربری این تلویزیون یه انتخاب خوب محسوب میشه و نیازهاتون رو رفع میکنه ,80,1
من تازه این هدفون رو خریدم  کیفیت صداش بد نیست  وقتی میذاریش روی ولوم آخر اصلا صدای بیرون و حتی صدای خودت رو هم نمیشنوی که عالیه  گوش رو هم درد نمیاره  بالشتک خوب و نرمی داره  هنوز طولانی مدت استفاده نکردم که بتونم بیشتر از این نظر بدم  ولی کلا نسبت به قیمتش ارزش خرید داره ,68,1
واقعا مناسب نسبت به قیمتش خیلی عالی با کیفیت تصویر با زاویه دید خمیده واقعا حرف نداره  ظاهری شیک جدید 2017هس  ممنون از دیجی کالا ,60,1
کیفیت خوبی داره این توستر ,80,1
جنسش خوبه   مقاوم   ارزش خرید داره  کاش سرویس کاملش بیاد ,96,1
سلام  من حدود سه ماه این لپ تاپ رو خریدم  و حدود یکسال من راجع به این لپ تاپ تحقیق کردم و میخوام تجربه ی سه ماهه ی خودم رو در اختیار دوستانی که قصد خرید دارن بذارم  اول ابنو بگم که من دانشجوی کامپیوتر هستم و از این لپ تاپ تخصصی استفاده میکنم و بنظرم نظر یک دانشجوی کامپیوتر رو درمورد این لپ تاپ بشنوید بهتر میتونید راهنماییتون کنه  دوستانی که میگن این لپ تاپ باتریش خیلی ضعیفه این افراد بنظرم از این لپ تاپ دارن استفاده ی عمومی میکنن وگرنه کسی که بخواد کار تخصصی کنه همیشه به برق میزنش که به لپ تاپ فشار نیاره و بنظرم این لپ تاپ با این سخت افزار سه ساعت هم که نگه میداره کار خیلی بزرگیه  نکته ی بعدی راجع به صفحه نمایش فوق العاده تاکید میکنم فوق العاده عالی این لپ تاپ هست  دوستانی که میگن برنامه ها ی کاربردی به خاطر  4K بودن این لپ تاپ اونارو اذیت میکنه خیلی راحت میتونن از حالت 4k درش بیارن و به حالت full hd بذارن فقط نکتش اینجاس که باید یک بار ریستارت کنن تا صفحه تنظیم بشه  صفحه نمایش این لپ تاپ اینقدر خوبه که اصلا چشم رو خسته نمکینه من شاید 4 یا 5 ساعت بکوب پای لپ تاپ هستم و هیچ خستگی چشمی احساس نمیکنم نکته ی بعدی راجع به فن و داغی لپ تاپ هست  من از این لپ تاپ برای برنامه نویسی برای رندرگرفتن  و کار با نرم افزارای سنگین  استفاده میکنم و ندیدم که داغ بکنه به اون صورت ولی من گه گاهی که باهاش پی اس بازی میکنم داغ میکنه که بنظرم طبیعیه و با یه کول پد کاراش درست میشه   نکته ی بعدی که من موقع خرید داخل نظرات دیدم راجع به کند بودن هارد لپ تاپ هست که بنظرم این افراد بسیار حساس هستن و الکی عیب روی این لپ تاپ کامل میذارن وقتی زیادی حساس بشی روی چیزی کلی عیب پیدا میشه  من ویندوز رو روی هادرد اس اس دی ریختم و ویندوز در عرض سه ثانیه بالا میاد و یه حس غرور به ادم دست میده  نکته ی پایانی که هست اینه اگر پول این لپ تاپ رو دارید  در خریدش شک نکنید این لپ تاپ عالیه اینو یه کسی میگه بهتون که کارش سرو کله زدن با این چیزاس  ,100,1
خرید این دوربین و پیشنهاد میکنم   ,96,1
این تلویزیون رو از نمایندگی گرفتم  اما برای دوستانی که میخوان اینو بخرن  به نسبت قیمت واقعن فوق العاده س  مخصوصن برای من که حتمن میخواستم تلویزیونم هوشمند نباشه تقریبن همه امکانات ممکن رو داره  کیفیت تصویر واقعن خوبه  کیفیت سه بعدی هم به همچنین  با اینکه طبقه اولم و آنتنی که استفاده می کنم از این آنتن های آهنربایی پشت پنجره س  کلن 10 سانته   تمام شبکه ها رو دریافت میکنه  و اما صدای نسبتن ضعیفی داره  مخصوصن توی فیلمایی که از روی هارد اجرا میکنتم واقعن صدای ضعیفی داره  مشکل دیگه هم این بود که قابش تکرنگ و خاکستریه  دوست داشتم قابش مشکی میبود  ولی خب همین یک رنگ رو داره کلن  یک مقدار  نگران انطباق تصویرش توی حالت بازی بودم که خب با ایکس وان هم چک کردم اصلن مشکل پرش تصویر و اینها هم نداره  حتا توی بازی های 60fps اصلن پرش یا عدم انطباق دیده نمیشه  ,100,1
من 3  روزه تحویل گرفتم و نصب کردن برام از شرکت مادیران   البته بدون هیچ هزینه ای   که کمال تشکر را هم از دیجیکالا و هم از مادیران دارم  نسبت به پولی که میدید بسیار عالیه بدلیل اینکه امکانات  و تصویر و کاراییش با تلویزیونهای رده قیمت بالاتر مشابه هست   از نظر سرعت پردازنده   راحتی کار برنامه ها   کیفیت تصویر  و   عالی و من از خریدم با اینکه نصبت به قیمت امروز پول بیشتری دادم خیلی راضی هستم    توصیه میکنم اگر انتظارتون در حد یک تلوزیون با کیفیت و بروز با سایز مناسب  و امکانات معمول کاربردی بروز هست بخرید   ولی اگر تجملات و فانتزی بودن براتون مهمه از  برندهای دیگه و البته با قیمت حداقل یکسوم بالاتر تهیه کنید   ,88,1
این وسیله عالیه  در اقع سرخ کن نیست چون سیستمش اصلا با روغن نیست  با هوای داغ کار می کنه  شاید برای طعم خوراک لازم باشه چند قطره روغن زیتون روی خوراکی مورد نظر ریخته بشه  قابل استفاده برای انواع خوراکی های تنوری مثل سیب زمینی  مرغ و     نظر من و شما مهمه ,100,1
سلام  من این مخلوط کن رو خریدم خیلی قوی و خوبه  باهاش شیر موز و آب هندونه درست کردیم سبزی هم خرد کردیم فقط یه بار یه مخلوط غلیظ توش ریختم که باعث شد یه بوی خاصی از موتورش بلند بشه که چیز خاصی نبود البته اشتباه از من بود چون مخلوط های غلیظ رو باید با غذاساز درست کنیم نه با مخلوط کن در کل راضیم  درضمن شیکم هست ,60,1
دو روز طول کشید ویندوط نصب کنم چون usb 2  نداشت با فلش نتونستم نصب کنم مجبور شدم دی وی دی ویندوز خریدم  یک هفته طول کشید فرمت هارد رو از mbr  به gpt  تبدیل کنم بخاطر کمبود پورت ها  الانم ویندوز uefi  دارم ولی روش نصب نمیشه   ,72,1
رنگ مات و فوق العاده ای برای یه میک آپ حرفه ای داره خیلی ازش راضیم دومین باره که سفارشش میدم ,68,1
اگه مقایسه کنین با همزن های دیگه نه تنها قیمتش پایین تره بلکه امکاناتشم در بعضی موارد بهتر هم هست  ضمن اینکه برند معروف و معتبر فیلیپس هستش که دیگه جای  هیچ حرفی رو نمیذاره  فعلا که راضییم ازش   ,72,1
چند وقتی بود که تصمیم به خرید پرینتر و در واقع دستگاه سه کاره گرفته بودم   حتی یه سر به بازار هم زده بودم  مثل همیشه از دیجی کالا کمک گرفتم و اطلاعات خوبی در مورد چندکاره ها بدست آوردم  اینکه چه ویژگیهایی دارند و رنج قیمتی و   تا اینکه آخرای روز شنبه 1396 09 04 متوجه شدم که دیجی کالا این پرینتر رو با قیمتی باور نکردنی گذاشته برای فروش   بدون مکث و در کسری از ثانیه حتی بدون بررسی مشخصات و   اقدام به خرید کردم  و الان هم شکرخدا راضیم  و از دیجی کالا تشکر فراوان و ویژه میکنم   دمتون گرم  ,60,1
بد از حدود 2 ما کار با این لپ تاپ باید بگم بینهایت ازش راضی هستم  در benchmark رم و ssd این دستگاه رتبه خیلی خوبی بدست آورده  کار با این دستگاه لذت بخشه  خیلی ظریف و سبک  در کل پیشنهاد میکنم ,80,1
سلام با تشکر از دیجی کالا   بسیارعالی و با کیفیت خصوصأ ایرانی بودنش   پول برند ندین ,76,1
اقا من این هدفون رو گرفتم اوایلش خیلی خوب کار میکرد   اکثر افرادی که میگن خوبه تازه خریدنش  بعد از مدتی حدودا 6 ماه این چرخ های اطرافش در میاد بعد صداش از یه طرف قطع میشه من که پشیمون شدم   پولم رو ریختم دور ,60,3
این اتو رو من خریدم کاراییش عالیه قدرت بخاردهی خیلی خوب ظاهرش هم قشنگه ,88,1
هیچ ایرادی نداره عالیه ,60,1
از نظر من همه چی تمام و کامل هست این اتو در ضمن سیستم قطع کن خودکار هم داره کمتر 4 ثانیه به درجه مورد نظر هم میرسه و قطع میشه در کل به قیمتش تو شگفت انگیز خوبه ,80,1
رنگ پوست من گندمی روشنه و دنبال کرم پودر متناسب با رنگ پوست خودم بودم  این کرم پودر کیفیت خیلی خوبی داره ولی رنگش خیلی تیره هست و برای پوستای تیره مناسبه نه متوسط  ,52,2
امروز رسید دستم  فکر نمیکردم خوب باشه و فکر کردم ضعیفه ولی حسابی راضیم کرد   ,100,1
به نظر من که عالیه تقریبا هر روز ازش استفاده میکنم کیفیت پلو و کته ی این پلوپز خیلی خوبه سیستم گرم نگهدارنده ی اونم که دیگه عالیه برنج رو تا موقع سرو گرم و تازه نگه میداره ,60,1
اب میوه رو کامل نمیگیره تفاله ها به جای اینکه داخل سطل بره اطراف تیغه جمع میشه بعد از اب گیری به خاطر متعلقات زیادش شستن اون خیلی دردسر داره مخصوصا قسمت اصلی اب میوه گیری که متاسفانه اصلا از هم جدا نمیشه  ,60,3
پوشش دهیش همانطور که خودش هم گفته  نهایتا در حد متوسطه  اما بهترین ویژگی این محصول اینه که اصلاً روی پوست تابلو نیست بر خلاف بسیاری از پنکیک ها که از چند متری میشه پنکیک رو روی پوست تشخیص داد و حالت مصنوعی به صورت میدن   این پنکیک به کمک کرم پودر یه پوشش دهی متوسط و البته طبیعی میده ,60,2
من این لپ تاپ رو تازه گرفتم   صفحه نمایش ضعیفی داره ,52,2
فک نمیکردم ساخت چین باشه اما خیلی شیکه ,60,2
من که خیلی ازش راضیم  درش خیلی خوب کیپ میشه  موجود بشه یکی دیگه هم میخرم  ,100,1
نقطه ضعفش اینه که از قسمت اتصال خرطومی به دستگاه نمی چرخه و باعث چپه شدن جارو میشه ولی مکشش خوبه ,64,3
با قیمتی که از بازار دارم و حجم کارهای خونه ما بسیار دستگاه بهینه ای هست  خانومم که راضی بود  ,88,1
صدا بسیار ضعیف وحتما باید با هدفون گوش کنیم ,44,3
من حدود پنج ماهه که این یخچال رو خریدم  خیلی راضی هستم و هیچ مشکلی نداره  یه نکته ی کوچیک هست اونم اینه که به نظرم نگهداشت کیفیت میوه و سبزی توی کشوهای پایینی میتونست بهتر  از این باشه  هر چند این موضوع اصلا به اندازه ای نیست که موجب نارضایتی مصرف کننده بشه  ,92,1
من توی پیشنهاد ویژه خریدم خیلی ظاهر خوب و طراحی قشنگی داره از خریدم راضیم کیفیت خوبی هم داره  ,80,1
پوشش دهی و ماندگاری در حد یه ضد آفتاب معمولی هست و خیلی هم مات نیست چون زود محو میشه و انگار چیزی رو صورت نیست ,40,3
من چند روزه این دوربین رو گرفتم و واقعا ازش راضی هستم  تمام نگرانیم این بود که نکنه اصل نباشه ولی وقتی تحویلش گرفتم و میدین ژاپن رو روش دیدم خیالم راحت شد   یک دوربین تمام عیار با امکانات کامل   حتما پیشنهاد میکنم بگیرید  ,96,1
خیلی بزرگن برای قابلمه و ماهیتابه های کوچیک اصلا کاربرد نداره کوچکتر بودند خیلی بهتر بود ,52,2
من با گوشی s7 edge  و surface pro 4 تستش کردم عالی بود چه تو پخش فیلم چه چیزای دیگه تنها عیب اساسی که داره اگه به اینترنت وای فای وصل باشین نویز داره روش و ممکنه هی قطع و وصل بشه که باید کانکت خودکار به وای فای خودتون رو خاموش کنید و فقط وای فای روشن باشه و به اینترنت وصل نباشه ,96,1
بعد از مدتها تحقیق سال گذشته از دیجی کالا تهیه کردم قطر سیمش 3برار بقیه محافظهاست بعد از یکسال استفاده چند روز پیش ترانس برق سر کوچمون خراب شد بلافاصله تلوزیون و سینمای خانگی رو از مدار خارج کرد همسایمون که محافظ ایرانی داشت تلوزیونشون سوخت برقکار میگفت چون ترانس نیمسوز شده بود برق تکفاز شده بودو محافظهای معمولی برق رو قطع نکردن ولی فیلیپس ما بدلیل دقت کافی مانع خسارت شده واقعا بهش ایمان آوردم بعد از یکسال استفاده شخصا ضمانتش میکنم موجود شد بدون تردید تهیه کنید منو که نجات داد ,88,1
من دو سال پیش از دیجی برای مادرم خریدم چند وقت پیش شیار سیمکارت یکش قطع شد الانم شیار دومش  بردم برای تعمیر گفت ال جی اگه خراب شه دیگه کارش نمیشه کرد همونم شد و هرکاری کردیم درست نشد  اون زمان گوشی خوبی بود ولی الان با هرقیمتیم بدن نمیصرفه نخرید  ,60,3
عالیه من از خریدم راضی هستم ,96,1
من این ساندبار رو چند هفتس گرفتم و خوبه اما انتظار صدای خیلی زیاد نباید ازش داشت  و یه مورد اینکه دیجیکالا توی مشخصات نوشته usb نمیخوره در حالی که با یدونه رابط  otg میتونین فلشتونو وصل کنین و لذت ببرید  و باید اصلاح بشه تا خریدارها گمراه نشن  ممنونم ,60,1
من یه سه ماهی هست خریدم کاتریج اک 500تا زد دیگه باید یه کارتریج نو بخرم تا کار کنه برین اچ پی یا کانن بخرین ,100,3
در کل به نسبت پول پرداختی گوشی بسیار عالی میباشد و از پس تمام برنامه ها و بازی های متوسط برمی آید ,68,1
چند وقت پیش یک لپ تاپ 15 اینچی لنوو مدل Ideapad 310   N خریده بودم و این بار با هزینه ی کمتر  این لپ تاپ رو تهیه کردم  کیفیت جنس بدنه و ساختِ این لپ تاپ  اولین چیزی بود که در مقایسه با اون لپ تاپ نظرم رو جلب کرد  عملکرد سخت افزار لپ تاپ هایی در این رده ی قیمتی  مصداق همون ضرب المثل معروف هستند که  هر قدر پول بدهی  همان قدر آش می خوری   مسلما اگر بخواهید سخت افزار این لپ تاپ را با لپ تاپ های رده بالا مقایسه کنید  حرفی برای گفتن ندارند  ولی در برابر پولی که پرداخت می شه  کاملا قابل قبول است  در نهایت اینکه اگر مثل من هزینه ای حدود یک و نیم میلیون تومان را برای خرید لپ تاپ در نظر گرفته باشید  E5080 انتخاب بسیار ایده آلی است  ,68,1
مخصوص برش برای مینی بیارید دیگه برش مینی ,36,1
من گوشیو یکسال که دارم   خعلی راضیم   ولی الان قابش تو بازار نیس  ,60,1
من خریدم تو شگفت  اما پسرم میگه اینا مخصوص ps3 بوده  به سختی تونستیم متوجه بشیم که شارژ رو کامل میکنه  چون فقط اولش ی لحظه نشون میده و بعد دیگه معلوم نیست داره شارژ میکنه  عیب بزرگش هم اینه که خودش اصلا یه لامپ یا نور کوچیک هم نداره تا طرف متوجه بشه اصلا برق توش میاد و شارژ میکنه یا نه  ,48,2
دوستان توجه داشته باشید که فقط برای ویندوز 10  64بیت  درایور داره  همراهش دو تا آداپتور برق میاد که یکی سازگار با پریزهای برق ایران و دیگری را با تبدیل 3 به 2 کار می کنه  ,72,1
به گوشش قطع شد بعده یک سال ,64,3
3 ساعتی میشه  این لپتاپ رو دیجی کالا برام آورده  قبل این ASUS n501jw داشتم با صفحه نمایش 4k و لمسی  دوستان اصلا نرید سراغ لپتاپ های لمسی دلیل  چون براق بودن صفحه رو بیشتر میکنه  تو یک سال و نیم حتی یکبارم نشد واقعا استفادم شه   این لپ تاپ واقعا شیکه  از طراحیش اگه بخوام ایرادی بگیرم فقط لولاشه که باهاش کنار میاین به نظرم  کیبوردش عااالیه من اصلا اهل تعریف زیادی نیستم   اسپیکر ش واقعا راضیتون میکنه  باتریشم که نظری ندارم  8 22 شارژ رو درآوردم در حال دانلود upgrade   یه مرورگر بازه   نور هم 60   الان بعد نیم ساعت زده 90  داره  تنها ایرادی که داره صدای فنشه  نور صفحه هم آنچنان زیادنمیشه  که ایکاش میشد  در کل واقعا راضیم  ,96,1
بدک نیست  کیفیت ساختش خوبه بخرید ,60,1
قبل از اینکه محصول به دست من برسه به خاطر انتقاد متن دیجی کالا به بدنه ضعیف نگران بودم ولی الان که به دستم رسید بدنه خوب و محکمی داره و اینطوری که دیجی کالا نوشته نبود و کیفیت بدنه کاملا قابل قبول هست و بدنه زیبا و نسبتا محکمی داره   درایور سی دی رامش ضعیفه  و مشکل دیگه ایی نداره در کل تو این قیمت پیشنهاد خوبیه   ,80,1
2 هفته است از دیجی خریدم  تا الان که خ راضیم  دقیقا همون چیزی بود که می خواستم  من واسه قهوه ترک استفاده میکنم  که ریزترین حالت پودر قهوه است و خ خوب این کارو انجام میده  برای فرنچ پری استفاده نکردم  ولی شاید اگه زمان کمتری اسیاب بشه قابل استفاده باشه   ,80,1
من دانشجوی واحد الکترونیکی بووودم تا قبل از اینکه این هدست رو بخرم همیشه بخاطر میکروفون ضعیف هدیتهای قبلیم دچار مسکل میشدم و استاد صدام رو بسیار ضعیف میشنید و مجبور بووودم فریاد بزنم اما وقتی نظر دوستان رو خوندم این هدست رو تهیه کردم و میتووونم بگم عالیه  تنها ایرادی که داره اینه که بخاطر مدل هدست اگه مدت زمان طولانی ازش استفاده بشه باعث گوش درد میشه بخاطر اون قسمتی که پشت گوش قرار میگیره  ولی با این قیمت مناسب و کیفیت خوووب واقعا میشه ازش چشم پوشی کرد ,88,1
ما سال پیش یکی از اینها رو خریدیم لوله خرطومیش براثر قرار گرفتن در مجاورت اطو سوراخ شد   وقنی به نمایندگیش مراجعه کردیم گفت لوله خرطومی جاروبرقی هایی که کلید روشن و خاموش کردنشون روی دسته خرطومی هست  را ندارند و باید ببرین تعمیرگاه شاید بتوانند درستش کنند  در ضمن تعمیرگاهی که آدرس دادن در چهارراه امین ظهور  تهران   هست که اگر بخواهی ببری حداقل یک روز باید از کاروزندگی بیافتی ,64,3
خریدش رو پیشنهاد میکنم  کیفیت ساخت خوبی داره و کار باهاش راحته ,84,1
خیلى خوبه  مخصوصا براى پوست هاى مختلط ,60,1
بنظر من باطریش مشکل داره نهایت در حالت عادی 3ساعت   خیلی خوشبینانه و کلا بعضی مواقع مثلا باطریش 85دصد شارژه یه دفعه میشه 20درصد دوباره میشه 70 نمیدونم بگم خوبه یانه ,60,2
تازه بدستم رسیده عالیه واقعا بی نظیره شیک و مدرن ,60,1
من تو شگفت انگیز خریدم   قبلا تفال داشتم راضی بودم   ولی چون با قیمت پایینتر گرفتم خیلی خوب بود   تو این یکی هم سه بار غذا پختم  تا حالا خوب بود  ,80,1
از روز اول که تبلت خریدم گوشه تصویر یه پیکسل سوخته داشت همون روز هم زنگ زدم گفتن شامل گارانتی تعویض نمیشه  خودتون قضاوت کنین و تبلت نو خریدم باید پیکسل سوخته داشته باشه یا حق ,76,2
من به عنوان کسی که تو شرکت سام الکترونیک تو خط تولید TV بودم این مدل رو اصلا پیشنهاد نمیکنم مدل های 7980 7990 5890 5850 مدلهای بهتری هستن بماند که همه تولید کننده های ما جنس درجه 3 از چین وارد میکنن و مونتاژ میکنن ,68,1
خوبه  نسبت به قیمت با سلام خیلی سیستم خوبیه  من که واقعا لذت بردم  ,60,1
در کل بسیار راضی هستم اما مجددا اعلام می کنم که کیفیت صفحه نمایش آن پایین است ,20,1
بعلت تیرگی بیش از حد میزان آب داخل مخزن دیده نمیشود ,60,3
دیروز بدستم رسید نمیدونم این لکه سیاه چیه که دوستان گفتن و باعث شک و شبه توی خریدم شدن اصلا همچین چیزی نداشت از گارانتی هم اومدن و با ادب و احترام رایگان نصب کردن و اصلا از قضیه لکه سیاه خبر نداشتن دو تا عینک داره ولی اصلا شبیه این عینک های توی تصویر نیست اگه امکان نقد تصویری بود عکس میذاشتم   انصافا صداش هم خوبه و تازه امکان زیاد کردن از طریق تنظیمات هم هست افزایش سطح صدا برای دوستانی که میگن صداش کمه شاید واسه خونه خیلی بزرگ اینو تهیه کردن مال ما که خونمون تقریبا 110 متره کاملا صداش کافیه  اگه دیجی کالا بغل یه نفر 180 سانتی  عکس تلویزیون رو بذاره قشنگ همه میفهمن چقدره اندازه تلویزیون نه برای این محصول برای هر محصولی در کنار یه فرد عکس محصولو رو بذاره بهتر اندازه اش مشخص میشه  همچنین میز تلویزون هم خود دیجی پیشنهاد بده واسه تلویزون خیلی بهتر میشه  همیچنین شما خودتون باید تلویزیون رو توی سایت Divx ثبت کنید تا سایتش یه کلیپ بده و توی تلویزیون پخش کنید تا تلویزیون امکان اجرا فرمت MKV رو داشته باشه  و اما سه بعدیش که بنظر من  که با تلویزیون های گرون تر سه بعدی دیده بودم  زیاد تعریفی نداشت ولی بقیه دیدن خوششون اومد کیفیت 2 بعدی هم انصافا خوبه  در کل بنظرم خوبه  ,96,1
کیفت ساختش خوبه تنوعش هم خوبه   فقط مشکلش اینه که پیچ گوشتی دو سو حتی یکی هم نداره   ,84,2
شما همین دوربینو بگیرین بعد یه لنز خوبم براش بگیرین کار یه دوربین گرونترو براشما انجام میده به قول یکی از دوستان عکسایی که میگیری اولا بستگی به عکاس داره دوما به لنزی که تهیه میکنید پس به نظرم همین دوربینو بگیرن یه لنز خوب هم براش بگیرین بهترین عکس های ممکنو میگیرین ,96,1
با سلام  نسبت به قیمتش گزینه مناسبی هست  البته من در پیشنهاد شگفت انگیز همراه با سینما خانگی مدل 930 خریدم  البته امکانات تلوزیون زیر هم خوبه و قیمتش تفاوت معناداری با این مدل ال جی نداره   Samsung 60J6850 Smart LED TV   60 Inch ,56,1
خیلی عالیه  ولی تنها مشکلی که داره کوتاه بودن سیمشه که کسایی که مثل من موقع فیلم دیدن تا اون سر اتاق میرن به مشکل بر می خورن که اونم با یه کابل افزایش طول حل میشه وگرنه خیلی راحته و صداهای اطراف هم وقتی که صدا خیلی کمه میشنوین   من فقط برای فیلم دیدن و آهنگ گوش دادن خریدم ولی قطعن گوشی های خیلی بهتری برای بازی پیدا میشه ,88,1
اصلا راضی نیستم ,28,3
من این را برای باغ خریدم جهت حذف علفهای هرز پای درخت  در حدود یک ساعت حدود 50 گوده درخت را تونستم از علف هرز پاکسازی کنم  به  هر صورت خیلی راضیم  ,0,1
عالیه شک نکنید تو خریدش ,60,1
من این اجاق رو چند ماهه از دیجی کالابرای مادرم خریداری کردم  و خیلی راضی هستیم ازش  اگر جای اجاق گازتون کوچیکه واقعا اجاق به درد بخوریه  ظاهر مرتب و جمع و جوری داره به نظر من نسبت به تمام اجاق گازهای چهار شعله ای که تا حالا دیدم خیلی خوشگل تر و جمع و جور تره کیفیت شعله هاش و فرش هم خیلی خوبه ,84,1
خیلی راضی هستم  ,60,2
1 روزه که به دستم رسیده  واقعاً عالیه  رنگ سفید رو واسه این خریدم که خیلی شیک و خاصه  از لحاظ جنس فوق العادس   دستگاه هم اصلاً صدا نمیده     ,100,1
سلام دوستان  بنده این لپتاپ رو هفته پیش گرفتم و به نظرم توجه به چند نکته در موردش اهمیت داره  اول اینکه برای ویندوز نصب کردن روی این لپتاپ حتما باید سیستم بوتش عوض بشه  چون لینوکس روش نصب شده و کار نسبتا سختیه روش ویندوز ریختن  نکته دوم اینکه تاچ پد این لپتاپ نسبت به لپتاپ های دیگه مقداری ظریف به نظر میاد به طوریکه من از ترس خراب شدنش از روز اول موس استفاده میکنم  نکته سوم هم اینکه شارژ این لپتاپ در هنگام استفاده نهایتا چهار ساعت هست  در مورد نکات مثبت این لپتاپ هم میشه به کیفیت خوب صفحه نمایش  کیبورد خوش دست و وزن کم اشاره کرد  در مجموع اگر فقط برای کارهای کوچیک مثل استفاده از آفیس و وب گردی نیاز به لپتاپ دارید  انتخاب مناسبی هست  ,64,1
هر پارچه ای رو   حتی شال حریر نازک  رو با خیال راحت میتونید اتو کنید  خیلی زود اماده به کار میشه  کمتر از 2 دقیقه  چون نیاز نیس که درجه رو تنظیم کنید خیلی خیلی کارتون سریعتر و راحت تر میشه فوق العاده است  ,100,1
این پرینتر خیلی خوبه ولی نصب کردنش خیلی سخته البته یک برنامه مکمل میخواد که توی سی دی خودش نیست ,100,1
دو تا مشکل داره وگرنه لپ تاپ خوبیه تو رنج قیمت خودش یکی زاویه دید صفحه نمایش که اصلا مناسب و خوب نیست و باید مستقیم و از روبرو نگاه کنی وگرنه تغییر رنگ و کنتراست تصویر کاملا مشهوده و اذیت میکنه  یکی دیگه هم اینکه فقط دوتا پورت یو اس بی داره و اونم سمت چپ ,72,1
بنظر من پولتون رو دور  نریزید  یکم بیشتر خرج کنیین یه مورد بهتر انتخاب کنین  من همون اول هدفون رو باز کردم و استفاده کردم  دیدم سیم ها که تکون میخوره توی گوش صدای چق چق میاد  اول فکر کردم هدفون ایراد داره ولی فهمیدم کلا مدلش اینجوری ,24,3
کیفیت بالای محصول و تداوم رنگ در طول روز ,100,1
برای کارهای دانشجویی بسیار عالیست و پیشنهاد میکنم  ,60,1
در کل نسبت ب قیمت گوشی خیلی خوبی  هنوز راضی ام فقط مشکلاتشو میگم بقیه چیزا یا عادی هستن یا خوب سایه افتادن برنامه قبلی تو برنامه جدید بعضی وقتا داره تو کار با گوشی تاثیری نداره ولی بالاخره ی مشکل و باگ تو گوشیه باطریشم نسبت ب بقیه گوشیا عمرش کم بود و جدیدا زود خالی میشه ک مجبور شدم ی دونه همین چن روز پیش سفارش بدم ب عنوان یدک داشته باشم  بعضیا هم میگفتن زود شارژ نمیشه و فست نیست  برا من ک سریع شارژ میشه 40 دقه تا 1 ساعت فول میشه بستگی ب سیم شارژ و خود سری شارژر و حتی برق خونگی هم داره   ,84,1
اصلا خوب نیست روز اول استفاده کردم خیلی سعی کردم خودمو قانع کنم چیز خوبی خریدم ولی واقعا اذیت میکنه بیشتر شبیه اسباب بازیه تا ابزار واسه پسر بچه ها عالیه ,48,3
دوستان به نظرات کسانی که این لپتاپو نخریدن توجه نکنید الان دو ماه دارم باهاش کار میکنم تا حالا کلی بازی رو اورده بالا مثل فیفا 18 فارکرای3 و  رمش و پردازنده و سخت افزار و  عالیه من هم برنامه های درسی رشته کامپیوتر مث سویش مکس و ویژوال استودیو فتوشاپ ایلوستریتور و  رو نصب کردم و جدا از اونا هم برنامه اندروید مینویسم و هم کد نویسی سایت انجام میدم این لپتاپ با این همه حجم کار تا حالا آخ نگفته یه ویندوز خوبم خریدم و روش نصب کردم چون سیستم عاملی که روش نصبه endless هست و میتونید بجاش ویندوز نصب کنید باتریشم عالیه حرف نداره و با کارهای عادی مثل وب گردی و تایپ و   هفت الی هشت ساعت و با کار های گرافیکی فوق سنگین تا یک الی دوساعت دووم میاره میتونید وقتی کارهای سنگین دارید تو شارژ باهاش کار کنید  و اینکه نزدیک به هشت روز طول کشید تا برسه به دستم که اونم دیجیکالا باید پاسخگو باشه ولی از بسته بندی کالا راضی بودم حسگر اثر انگشتشم به درستی کار میکنه ولی اولاش یکم اذیتتون میکنه تا با انگشتتون مچ بشه در کل عالیه و توی خریدش شک نکنید و دوستانی هم که از ساز کوچک لپتاپ گله داشتن باید بگم لپ تاپ و برای حمل نقل آسون تر میخرن که هرجا خواستن راحت حملش کنن شما اگه یه لپ تاپ 15 اینچ یا بالاتر بخری مشکل جاگیری و حملش رو توی جاهای مثل دانشکاه یا مدرسه یا محل کار داری پس سایز کوچک این لپ تاپ یک مزیت محسوب میشه اگرم خواستین میتونی با استفاده از پورت های vga یا hdmi به تلویزیون یا مانیتورهای دیگه وصلش کنید و در آخر میخوام بگم که تو این رنج قیمت با این امکانات لپتاپ اینجوری گیرتون نمیاد مگه اینکه استوک بردارید پس حتما پیشنهاد خریدشو میکنم  ,100,1
بسیار عالی و کاربردی است ,68,3
من کارم جوری که باید فتوشاپ و اداب پریمر کار میکنم منکه هنگی ندیدم   همین کانفیگ اگه قرار باشه مارک ایسوس بخرید باید دوبرابر پول بدید به نظر منکه خوبه مخصوصا برای کسایی که نمیخوان مبلغ خیلی زیادی بدهند   یاعلی ,80,1
دسته وقتی با بلوتوث و نرم افزار ds4windows وصل بشه قطع و وصل میشه ولی با این آداپتور دیگه مشکلی نیست ,88,1
با سلام کیفیت و تفکیک صدای بسیار خوبی داره ,84,2
سلام دوستان  من 7 سال لپتاپ اچ پی داشتم و بسیار خوب زیر دست من کار کرد  چون اهل رعایت نکات ایمنی نیستم و ممکنه لپتاپ زیر بالشم بمونه مجبورم از مدل های ظریف استفاده نکنم   در مورد این لپتاپ خوب اول از همه باید به ثینک پد بودن و کیبرد عالیش واس تایپ و امور تایپی مثل برنامه نویسی یا طراحی اشاره کرد  من برنامه نویسم و رم 8 و پردازنده قدرتمند لازمه کارمه که این مدل داره صفحه نماش ماتش این امکان رو به من میده که به راحتی هرجای محیط کارم یا توی مترو ازش استفاده کنم و نگران افتادن نور توی صفحه نباشم  وزنش نسبتا کمه و حمل و نقلش برام راحته  صدای هارد و فن به سختی شنیده میشه  من روش اوبونتو نصب کردم که به مشکل گرافیک خوردم و لپتاپ خاموش نمیشد به صورت نرم افزاری  با حذف کارت گرافیک از سامانه به صورت نرم افزاری این مشکل هم رفع شد  سرعت عمل و کاربری سیستم خیلی خوبه  هاردشم به زودی عوض خواهم کرد و ssd میذارم داخلش تا بهترین پاسخگویی به نیازهامو رو ببینم ممنون از دیجیکالا بخاطر بسته بندی خوب و ایمنش فقط کاش مبدل سه به دو هم برای شارژر میذاشتن که به محض رسیدن بشه از سیستم استفاده کرد  ,84,1
والا من چند وقته این دستگاهو خریدم فرصته امتحان کردنش پیش نیومده ولی دستگاهه اصولی و کارامدی بنظر میاد کیفیت ساخته خوبی داره حدوده 3متر هم سیم تو قرقره ی چرخونه خوده دستگاه هست ,60,2
من این محصول رو 5 ماه خریدم  درست دو هفته بعدش ناموجود شد از این محصول راضیم  و به دیگران پیشنهاد میکنم که بخرند  برا منی که کارای دانشجویی و نرم افزار های آفیس و آمار و   به خوبی اجرا میکنه  شارژ باتری تقریبا تا 5 ساعت نگه میداره  پردازندش مشکلی نداره ,84,1
سلام دوستان  من در روز پیش این بلندگو رو سفارش دادم و اامروز به دستم رسید  مثل همیشه به موقع رسید  کیفیت ساخت بالایی داره این بلندگو ولی زمانی که بیس به بلندگو تزریق کردم بلندگو فقط با شدت عقب و جلو میشد ولی بیس مطلوبی نداشت  در کل راضیم از خریدم چون از یک بلندگو 13سانتی متری نمیشه توقع سریه 69 پایونر رو داشت  ممنون دیجی کالا  ,48,3
نسبت به قیمتش خوبه من خریدم ازش راضی هستم ,60,1
دوستان در کل نسبت به مبلغی که می پردازید اتو بخار خوبی خواهید گرفت    ,68,1
من با کلی ذوق و شوق این ریموت رو خریدم  نصبش راحت بود و کمتر از 5 دقیقه وقت گرفت  اولش که نصب شد تست کردم و خوب کار میکرد  بعد چند روز استفاده تجربه من اینجوری بود  1  چند روز طول میکشه که بهش رو فرمون عادت کنین و توی پیچ ها مزاحم نشه  جای مناسبش رو روی فرمون بعد چند روز پیدا میکنین  2  دکمه پلی و پاوز نداره  باید صدا رو کم و زیاد کنین وقتی میخوایین آهنک رو قطع کنین یا باید با خود ضبط این کار رو بکنین  3  خیلی زود باطری خالی شد  شاید باطری اولیه خودش که توی بسته بندی بود کهنه بوده  4  بعد 2 3 هفته تسمه ها یکم خشک میشن و روی فرمون راه میوفته  شاید یه تیکه چسب دو طرفه زیر تسمه ها بتونه فیکسش کنه  5  در کل جای کنترل فابریکی ماشین های مدل بالا رو نمیگیره اما قشنگه و بهش عادت میکنین  ,60,2
اول اینکه متاسفانه کاتالوگ دستگاه به زبان ترکی است و انگلیسی ندارد   سایتهای  ذکر شده بر روی جعبه کلا به زبان ترکی هست  شرکت گارانتی کننده مهستان ذکر شده به سایت شرکت مراجعه شد اما خبری از این محصول در سایت نیست     متاسفانه اطلاعات ذکر شده در سایت با محصول همخوانی ندارد  جنس تابه چدن ذکر شده در حالیکه تفلون می باشد  دارای سیستم یخ زدایی  ذکر شده اما هیچ علامت و دکمه ای روی وسیله وجود ندارد    سیم دستگاه بر خلاف مشخصات ذکر شده در سایت قابل جداشدن نیست منظور از نشاندهنده وضعیت پخت غذا چی هست نمیدونم غیر از دکمه روشن خاموش و پیچ تنظیم حرارت مورد دیگه ای وجود نداره حالا سایت  از کجا به این اطلاعات دسترسی پیدا کرده الله اعلم   ,28,3
عالیه و من ازش رضایت کامل دارم و ممنونم از این سایت بسیار خوب ,100,1
بچه ها این مدل لب تاب لنوو همشون از تو کارخونه فلت هاشون خرابه به همین خاطر صفحه نمایشش پرش داره حالا دو راه دارید یا این مدلو نخرید یا اگه خریدید باید ببرید گارانتیش تا فلتشو عوض کنه برای منم همین مشکلو داشت بردم گارانتی ده روز اونجا بود بعد درست شد الان دیگه هیچ مشکلی نداره ,64,1
جاروبرقی مناسبی نیست هرگز پیشنهاد نمیدم تجربه یک سال استفاده از این محصول   زود داغ میشه و صدای زیاد در دور تند و بعد از استفاده از آن در چند دقیقه بوی بدی فضای محیط پر میکنه بیشتر هزینه کنید ومحصول با کیفیت تر تهیه کنید  ,60,3
این کرم فقط مناسب پوست چرب هست و حتی با یک مقدار خیلی کمش میشه کل صورت رو پوشاند و واقعا سبک و مخملیه موندگاریش عالیه و رنگ این شماره هم مناسب پوست های معمولی و گندمیه که خیلی طبیعیه  اگر پوستتون خشکه اصلا این موس رو پیشنهاد نمیکنم ,56,1
هدفون خوبی هست کیفیت ساختش بنظرم یکم ضعیف هست   ولی گوش رو اذیت نمیکنه  سیم بلندی داره ولی نازک هست اگر به خوبی نگهداری نشود احتمال هست زود از بین برود  پخش صدا و تفکیک صداش خوبه   ساخت چین هم هست  ,44,1
از خریدم راضی ام   یه پرینتر با کارایی مناسب برای افرادی که میخوان تو خونه ازش استفاده کنن  ,60,1
اصلأ خوب نیست مخصوصا زمانی بخوای رنگی پرینت کپی بگیری اسکنر هم خوب نیست ناراضی ام  ,60,3
این اولین تجربه من برای خرید ایفون هست   امروز ب دستم رسیده   به اسم طلایی هست ولی دراصل رزگلده  خیلی هم خوش رنگ هست  ,100,1
من 8 سال پیش Dell Vostro 1510  خریدم که توی اون زمان متوسط حساب میشد  مانیتور اون سیستم متوسط 8 سال پیش از این بهتر بود   تاچ پد و ماوس این سیستم هم مدام در حال گیرکردنه حالا شاید این مشکل فقط خاص من باشه و همه این مشکل رو نداشته باشند  ,32,3
خیلی قاشق خوبی بود  سبک و راحت و با کیفیت بود  محصولات تفال انصافا همشون خوبن  ممنون دجی عزیز ,100,1
عالیه بخرید ,100,1
حیچ لپتاپ جدید با  4k تو این رنج قیمتی پیدا نمیشه با این مشخسات  اگر صفحه خوب و رم بالا نیاز دارید این از مدلهای جدید بهتر هستش  اولیش را یه دیجیکالا پس فرستادم چون صدا پیچ میداد دومی اوکی هستش و سرویس دیجیکالا در تعویض بی نظیر تو ایران ,84,1
عالیه عالی ,72,1
با درود  بنده حدود یک هفته هست که این اتو رو خریداری کردم و طی این هفته خیلی ازش استفاده شده  لطفا قبل از خرید بخونین اول اینکه رنگبندی این اتو تاحالا فقط همین فیروزه ای رنگ دیدم و رنگش قابل قبوله  جنس بدنه از پلاستیکه و کیفیت مونتاژ هم خوبه  در کل کیفیت ساخت بدنه با توجه به این رده قیمتی راضی کنندست  چیزی که شاید درنگاه اول یکم دلسردتون کنه اندازه ی کفی اتو که به نظر خیلی کوچیک میاد ولی بنده وقتی کفی این اتو رو با اتوی قبلیم که اصلا متوجه کوچک بودن کفیش نشده بودم  مقایسه کردم دیدم که کفی ها کاملا هم اندازه هستند و من هم هنگام اتو مشکلی با این مورد پیدا نکردم و مشکلی در سرعت اتو کشی پیش نیومد  جنس کفی سرامیک و خیلی خوبه  نکته ی جالب سیم خیلی بلند این اتو که واقعا عالیه  جنس سیمش هم خیلی خوبه  فکر میکنم طول سیم حدودا یک متر و هشتاد سانتی متر باشه  دلیل اصلی من برا خرید این اتو غیر از قیمت به صرفه  نام برند و سیستم ضدچکه بود که به خوبی کار میکنه  اتو به سرعت داغ میشه و بخار به اندازه کافی دراختیارتون قرار میده  لطفا توجه کنین این اتو هم مثل خیلی اتو های دیگه تا درجه Wool بخار نمیده که روی دفترچه هم به این نکته اشاره کرده  سیستم رسوب زدا و بخارتوربو هم داره که توی این قیمت خیلی عجیب به نظر میرسه   نکته ی آخر اینکه این اتو هم مثل سایر اتو ها نگهداری خاص خودش رو داره  برای مثال آبی که داخلش میریزین بدون املاح باشه و بعد از هربار استفاده آب اضافی خالی بشه درضمن درجعبه فقط اتو و دفترچه راهنمای عمومی و دفترچه مخصوص این اتو قرار گرفته ولی لیوان برای پرکردن مخزن اتو نداشت  گارانتی شرکت هم روی جعبه محکم چسبیده شده امیدوارم نظرم مفید بوده باشه   نظرتومهمه ,92,1
امروز بدستم رسید  اول اینکه دیزاینش از چیزی که توی عکسها هست بهتره و نقطه های روی بدنه و رنگ خاکستری اطراف مانیتور اصلن به چشم نمیاد  لپ تاپ خوبیه اما تاچ پدش میتونست بهتره باشه  زیاد عملکرد دقیقی نداره تاچش  در کل بگم نسبت به قیمتش عالیه و توی این رنج قیمت خیلی عالیه  طراحی و سخت افزار خوب  ,64,2
با سلام نزدیک به چهار ماهه این تلویزیون رو از دی جی کالا خریدم باید بگم از تلویزیونهای معمولی ال سی دی هم کیفیتش فوق العاده پایین تره نمیدونم چرا اما تلویزیون قبلی من ال سی دی 32 اینچ سامسونگ بود ولی واقعا هم از نظر متریال به کار رفته هم کیفیت تصویر بسیار سرتر از این تلویزیون هست شاید علت اینه که بسیاری از قطعاتش ساخت داخل ایران شده به هیچ وجه شباهتی با محصولات اصلی خود سامسونگ نداره و میشه گفت یک فیک بی کیفیت من که همون تی وی ال سی دی 8 سال پیشه 32 اینچه سامسونگ اصلی رو به این ترجیح میرم حتی کنسول بازی رو هم بهتر از این تی وی جدید نشون میده گفتم شاید ماله من خرابه اما نمایندگیش اومد و گفت نه همشون همینطوره اپدیت هم کردم بازم تصاویر به خصوص وقتی نزدیک بهش میشی بسیار شطرنجی رنگها بی روح و تصاویر ماته مثلا سیستم ارتقا تصاویر داره که کلا الکی چیزی که مشخصه مدل اصلی این تی وی رو در ایران تولید نمیشه چون یکی از اقوام از بانه یک تی وی با همین مشخصات و ابعاد گرفته ولی کلا یه دنیایی اینو میشه گفت سامسونگ اصلا غیر قابل مقایسه اس با این تی وی سامسونگ ساخت داخل خلاصه باید بگم بهتره در انتخابتون دقت کنید  ,56,3
من خیلی از لپتاب سردرنمیارم و در حد کارهای عمومی مهندسی عمرانم و گه گاه بازی هم میکنم تا الان هر بازی ریختم بالا اورده و کاملا راضیم قبل از خرید با تماام هم قیمتی هاش مقایسه کردم و یه سرو گردن بالا تر بود مطمعن باشید انتخاب خوبیه شک نکنید ,84,1
ما همه نسبت به یکدیگر مسئولیم  مخصوصا در رشته ای که تخصص داریم  بنده خودم سالهاست که این محصولات رو تعمیر میکنم دوست عزیزی فرمودند که یا این رو بخریم یا کنوود  باید عرض کنم که محصولاتی که من کار کردم به ترتیب کیفیت اول بوش بعد فیلیپس بعد مولینکس بعد تفال بعد پاناسونیک بعد برندهای دیگر  با یک تحقیق ساده تو گوگل هم میتونیم پیدا کنیم که شرکت کنوود البته تاکید میکنم البته بخش لوازم خانگی آن سالها قبل واگذار شده و کشور انگلیس که مبدا برند هست هیچ نظارتی بر آن ندارد  میتونین تحقیق کنید  امیدوارم کمکی کرده باشم  با تشکر ,76,1
با سلام این لپ تاپ همین دیروز به دستم رسید  خواستم تشکر کنم از دیجیکالا با خدمات خوبشون واقعا  از همه نظر لپ تاپ خوبیه  فقط اینو بگم که این دستگاه فقط قاب پشتش آلومینیوم هست که خیلی هم زیباست  ولی بدنه اش از پلاستیک هست اما خیلی شبیه آلمینیومه من خودم به سختی فهمیدم که پلاستیکه  در کل بسیار زیبا طراهی شده و تو این رنج قیمت نه با این زیبایی و نه با این امکانات لپ تاپ دیگه ای گیرتون نمیاد بسیار بیشتر از قیمتش میارزه درضمن خیلی سبک و قابل حمل هم هستش که خودش خیلی خوبه  فن دستگاه هم زیر صفحه نمایش هست اون قسمتی که لولا لپ تاپ قرار گرفته  خوبیش اینه که دیگه وقتی میزارینش رو پا تون  پا آدم داغ نمیکنه واقعا عالیه ,96,1
سلام هم میهنان من این هدفون رو خریدم از دیجی و خواهرم هدفون پایونیر رو خرید تقریبا تو یه رنج قیمت بودند این هدفون تفکیک صدای خوبی داره بلندی صداش برای من کافیه خیلی خوب روی گوش مینشینه و سبکه و اذیتتون نمیکنه وزنش ایرادهایی که داره یکیش اینه که گوشتون عرق میکنه هیچ جایی برای تهویه هوا نداره و نمیتونین بلمد مدت تستفاده کنید اما اون پایونیره بیسش از این بهتره صداش بلند تره صدا زیاد میاد بیرون که عیبه ووش هم عرق نمیکنه در کل اون بهتره ولی سنهایزرم بد نیست و نیازهاتون رو جواب میده ,68,1
به نام خدا  کاش اینگونه محصولات ساخت تولید کنندگان ایرانی می بود  این محصول بهترین تناسب را به لحاظ قیمت وکیفیت داراست   ,80,1
واسه هر نوع کاربری این تلویزیون یه انتخاب خوب محسوب میشه و نیازهاتون رو رفع میکنه ,80,1
من حدود دو سه هفته هست تبلت رو خریداری کردم بیشترین مشکل من با باتری تبلت هست  اگه دائما با تبلت کار کنید هر 5 یا 6 ساعت باید باتری رو شارژ کنید ولی اگه با اون کار نکنید روزی یکبار شارژ یا حتی دو روزی یکبار شارژ کافی هست   من از تبلت برای وبگردی استفاده میکنم و مرورگر فایرفاکس رو باز نمیکنه در واقع توقف اجباری برنامه میزنه ولی مشکل دیگه ای با برنامه ها ندارم و من هم خیلی از فایرفاکس استفاده نمیکنم  در هر حال ممکنه برخی برنامه ها رو توقف اجباری بزنه  که ممکنه بعد از آپدیت تبلت به اندروید 5 مشکل رفع بشه من هنوز اندروید رو آپدیت نکردم  جای رم اون درپوش نداره که اگه میداشت خیلی قشنگ تر بود ولی برای من مهم نیست چون کارایی تبلت برام مهمتر از درپوش رم تبلت هست دوربین اون اصلا قابل استفاده نیست و بهتره روی دوربین اون حساب باز نکنید و در حد دوربین های گوشی های قدیمی هست که به هیچ دردی نمیخوره  سیم کارت هم نداره که من اصلا استفاده نمیکنم و اگه روزی بخوام استفاده بکنم مودم جیبی میخرم و روی اون میذارم  من از خرید خودم خیلی راضی هستم تنها مشکل من باتری تبلت هست که فکر میکنم برای یه تبلت 10 اینچی خیلی هم غیرطبیعی نیست  ,80,1
از اندازه متوسط تا خیلی کوچیک داره  کوچیکترینش یکم از قوطی کبریت بزرگتره  برای باقیمانده غذا و میوه خیلی خوب و کاربردیه و در کل راضیم ,60,1
من این محصول رو 3 4 ماهی هست که خریدم و راضیم  نسبت به قیمتش ارزش خرید داره  سرعتش بالاست و بازی هارو روون و با گرافیک بالا  اجرا می کنه  باتری نسبتا خوبی داره  کیبوردش مخصوصا تو شب با اون چراغ های خوش گلش  به دل میشینه  اما تاچ پدش کمی سمت چپ طراحی شده و همین باعث میشه حین بازی بعضی وقتی دستتون به تاچش بخوره و کمی اذیتتون کنه  کیفیت صدای فوق العاده ای داره و بلندگو هاش خیلی قوی هستن کیفیت صفحه خوبه اما پویایی کمی داره که تو تنظیمات میتونین تا حدودی  بر طرفش کنین اما باز هم رنگ ها مرده به نظر میان و شفافیت لازم رو نداره  قابلیت های ی لپ تاپ تو این قیمت رو داره  طراحی فوق العاده و ظاهر شیک و باکلاسی داره  خریدشو پیشنهاد می کنم  ,92,1
تو این رنج قیمت چیز بهتری پیدا نکردم  بگیرید خوبه  ,52,1
اگه پول بیشتری دارین اینو نگیرین صفحه نمایش مزخرفی داره فقط باید از روبه رو و تو نور کم باهاش کار کنین هر کاری میکنم ویندوز جدید نمیتونم نصب کنم ویندوز خودشم که هاردو پارتیشن بندی نکرده در کل پشیمونم از خریدش ,32,3
سنهایزر hd4 30  کیفیت خروجی صدای عالیی داره و  خیلی گوشنوازه  براحتی بر روی سر قرار میگیره و به لطف پد های نرمش کاملا راحته وبرای استفاده بلند مدت گزینه خیلی خوبیه هدفون از جنس پلاستیکه ولی کاملا با کیفیته و به محض در دست گرفتن هدفون متوجه کیفیتش خواهید شد اگر پلیرتون خروجی قوی داشته باشه و خود اهنگ هم کیفیت بالایی داشته باشه این هدفون به هیچ وجه ناامیدتون نمی کنه و کاملا از صداش لذت خواهید برد  صد در صد ارزش پولیو که میدید داره و توصیه ام اینه که رنگ مشکیشو بگیرید چون سفیدشش زود کثیف میشه و توی ذوق میزنه  ,96,1
به قول خارجی ها big toy for big boy  بسیار خوش ساخت و با کیفیت است   حس خوبی دارید موقع استفاده   برای هدیه به آقایان پیشنهاد می کنم  ساخت کشور ویتنام ,76,1
اندروید 8 براش اومده و سرعتشم عالیه و هنوزم ارزش خرید داره ,100,1
دو روزه بدستم رسید اما خیلی کند بود و خراب پس فرستادم و بالاخره بعد دو هفته هزینه رو پس فرستادن بدون هزینه پست ,8,3
این تابه بسیار خوش دست و عالی است و جنس خوبی دارد  ,100,1
این تلویزیون از اون مدل تلویزیون هاس که واقعا 4k بودنش و همچنین نانو کریستال بودنش حتی تصاویر sd رو هم خوب پخش میکنه دیگه اچ دی به بالا جای خودش توی خریدش شک نکنید سه بعدی واقعا یه قابلیت بدردنخوره بخاطر نداشتنش از این تلویزیون ساده نگذرید من چندروزه خریدم همه جوره راضیم انقدر نکات مثبت داره که تو یه کامنت جا نمیشه قاب از جنس استیل پایه کمانی و زیبا کیفیت تصویر با رنگهای عمیق من قبل این تلویزیون مدل بالای ال جی زمان خودشو داشتم ک فقط درخشنده بود و چشمارو اذیت میکرد اما این هم درخشندگیش هم رنگاش ایده آل  بخرید بدون تعصب الکی به برند نگاه نکنید سعی کنید مدل تلویزیون براتون مهم باشه چون هر برندی یه مدل خیلی خوب داره یاحق  ,100,1
پرینتر خوب و باکیفیتی هست   زمان آماده به کارش خیلی خوبه   تنها عیبش به نظرم هزینه شارژ کارتریج و نبود چیپ دائمیه   ینی موقعی که خواستین شارژ کنین حتما باید چیپش رو عوض کنین  ولی درکل از کیفیتش راضیم ,84,1
من از  طرفدارهای ایکیا هستم و این رنده خوش دست و فوق العاده تیز را به همه پیشنهاد میکنم   عالیه ,60,1
اندازه اش از سایز 24 خیلی بزرگتره انگار خیلی شیکه  جنسش  عالیه  حرف نداره ,100,1
این نظر رو بعد از سه روز استفاده می نویسم  کیفت اتو بسیار مرغوب می باشد و اتو کردن با آن بسار آسان است  رسوب زدایی اتو هم بسیار خوب عمل می کنه و بخار دهی اتو هم بسیار دقیق کار میکند  تا به اینجا از این اتو بسیار راضی بودم و مشکلی ندیدم امیدوارم تا توانسته باشم تا در خرید این اتو کمکتان کرده باشم  ,96,1
من بیشتر از یه ساله که از این پنکک استفاده میکنم  واقعا نمیدونم اونایی که میگن پوشش دهی خوبی نداره چرا اینو میگن  اتفاقا خیلی هم مناسبه  من پوستم مختلطه و هر پنکک دیگه که میزدم یا روی پوستم می ماستید یا صورتم احساس سنگینی میکرد  ولی این برند واقعا عالیه  و حالت کاملا طبیعی روی پوست داره  ,68,1
فروشنده ام نگاتیو  بود قرار بود با یک روز فاصله زمانی بیارن ولی شد 4 روز غیر از اون مورد دیگه ای نیست فقط این باندل مثه بقیه باندل ها عکس از بازی روی جعبش نیست من فکر می کنم اصلا این باندل نیست فقط خودشون یه بازی اضافه کردن بهش  و باندلش کردن ,76,1
کیفیت تصویر بد ,84,1
کیفیت ساخت عالی   عملکرد عالی  لازم برای لذت بردن از زندگی وسلامتی    ,96,1
خیلی رقیقه  و اصلا کاور و پوشش دهی خوبی نداره  ولی رنگش برای پوستای روشن خوبه و خوب می شینه روی پوست ,60,2
یک دستگاه از دیجی کالا خریداری کردم  موقع کار دی وی دی رام هیدن میشه و دیگه آیکونش در دسترس نیست و برای دسترسی باید دستگاه رو ریست کرد  دیجی کالای محترم دستگاه رو برام تعویض کرد اما متاسفانه دستگاه دوم هم همون مشکل رو داشت  مجبور شدم پسش بدم  ,60,3
چند روزی میشه که این لپ تاپ رو تهیه کردم  در کل راضیم ازش فقط چند تا نکته هست که باید بگم  لپ تاپ بدون سیستم عامل هست و فقط ویندوز 10 میتونه همه ی سخت افزار رو ساپورت کنه پس اجباراً باید ویندوز 10 نصب کنید روش زاویه دیدش هیچ مشکلی نداره و تا 180 درجه هم به خوبی دیده میشه رمش عالیه باتریش از صد درصد تا خاموش شدن حدود 3 ساعت و نیم طول میکشه پیشنهاد میکنم بخرین  و اینکه همین رو توی سایت های دیگه 500 هزار تومن گرون تر دارن میفروشن   ,84,1
این هدفون دارای صدای بسیار خوبی هست روئ گوش سبک و راحت هست طوری که شما احساس نمیکنید هدفون روی گوش شما هست در جواب دوستی که میگوید کیفیت ندارد توجه داشته باشید که اکولایزر گوشی و کارت صدای کامپیوتر را باید تنظیم کرد و از یک پلیر با کیفیت باید استفاده کرد من هدفون 150 هزار تومانی نویز کنسلینگ پاناسونیک را هم دارم ولی صدای این خیلی بهتر هست من هم روی گوشی تست کردم هم روی کامپیوتر صدا واقا بی نقص هست ,92,1
چرا ننوشتین چند گرم هست  ,36,3
سلام من بعداز کلی برسی این جاروبرقی رو برای خواهرم تهیه کردم قدرت مکش بالایی داره که فرش رو بلندمیکنه سیم اش بلند وراحت جمع میشه وزن جاروبرقی زیادنیست وجابجا کردنش راحته رنگ وطراحی زیبایی داره ساخت کشور آلمانه ومانندبقیه اجناس تحت لیسانس نیست امیدوارم طی استفاده افت مکش پیدا نکنه ,76,1
یک سال گذشته از روزی که این لپتاپ رو از دیجیکالا خریدم و عینا تک تک روزهای این سال رو ازش استفاده کردم و بشدت هم ازش راضیم کیفیت ساخت خیلی خوبی داره و قدرت عملکرد فنیش تا الان هیچ عیب و نقصی نداشته برای من اگر واسه گیمینگ حرفه ای لپتاپ و میخواید بهتره مدل های دیگه که حافظه SSD بالاتر و گرافیک بالاتر دارند انتخاب کنید ولی همین لپ تاپ هم حتی جدیدترین بازی هایی که تا تابستون 2017 اومده رو هم راحت با ابعاد 1920 1080 و کیفیت Maximum اجرا میکنه باتری این لپتاپ چندین بار من رو سورپرایز کرده و واقعا انتظار نداشتم انقدر بازدهی خوبی داشته باشه از لحاظ وزن هم یکی از سبک ترین لپ تاپ هایی هست که تا الان باهاش کار کردم و نازکی بودن بدنش خیلی زیباییشو به چشم میاره تنها نقطه ضعف این لپ تاپ بلندگوهاش هستن که بدون تعارف خیلی وقتا صدای کمشون تو ذوق میزنه یک نکته دیگه هم اینکه برای راحتی کار میخواستم یه پاور بریک شارژر  یدکی بخرم براش ولی هرجا گشتم اصلا یدکیش موجود نبود و متاسفانه اگر خراب بشه عملا لپ تاپ دیگه قابل استفاده نیست سوکت سوزنی ریز و آمپراژ بالا باعث شده نمونه مشابه هم نداشته باشه این قطعا   ,88,1
خیلی خوبه من که ازش راضی ام   کیفیت خبی هم داره دوربینش   ,60,2
یکساله خریدم نه از دی جی از بازار خریدم کیفیت خوبی داره  باریکه شیکه قابلیت هاشم به نسبت قیمت خوبه فقط صفحه ال ای دی خیلی حساسه بهتره یه صفحه نمایش دحد صد هزارتومان براش بگیرید به هیچ عنوان در کیفیتش اثری نداره و نور هم منعکس نمیشه ,64,1
سلام  بنده این لپ تاپو برای یکی از اقوام گرفتم که دانشجو بوده  الان فک کنم یسالی میشه که ازش استفاده میکنه و تا الان مشکلی براش به وجود نیومده اگر هم مشکلی بوده که به من چیزی نگفتن   لپ تاپ خودم acer هس ولی اگه شرایطش بود حتما از این نمونه هم میگرفتم ,100,1
5سال پیش بعنوان هدیه واسمون آوردن  دیگه نتئنستم جایی نمونشو پیداکنم تا اینجا دیدم  اونم با قیمت شگفت انگیز  بینظیر ترین قابلمه و تابه ای تو عمرم دیدم  البته باتوجه ب قیمت  ,100,1
من حدود 2سال که دارمش ی ایرادی ک داره کلا با فلش حال نمیکنه همه برنامه هایی ک میریزی تو فلش هیدن پنهان  میکنه  مشکل دیگه اینه ک صداش ضعیفه  اما من ازش راضیم ,72,1
هدفون خوبی هست کیفیت ساختش بنظرم یکم ضعیف هست   ولی گوش رو اذیت نمیکنه  سیم بلندی داره ولی نازک هست اگر به خوبی نگهداری نشود احتمال هست زود از بین برود  پخش صدا و تفکیک صداش خوبه ,44,2
من راضیم جنس نسبتا خوبی داره  ,88,1
خیلی عالیه از همه نظر من این لپ تاپو حدود یک سال یا بیشتره دارمش ولی یک دفعه بهش یه فلش ویروسی زدم کلا صفحش پرید ولی فرستادم گارانتی درست شد  الان هم بازیای کالاف و بتل فیلد و کانتر رو به راحتی اجرا میکنه ولی یک مقدار سرعت سیستم اومده پایین  شاید برای اینه که خیلی ازش کار کشیدم     ,100,1
مشکل من فقط با دو جهت چرخیدنشه هیچ منطقی نداره یک دور راست یک دور چپ ,84,3
چند ماهِ که خریدم و کاملاً راضیم  من قبل خرید خیلى تحقیق و مقایسه میکنم و در مورد قیمت خرید همچین دستگاههایى زیاد سخت نمیگیرم ولى با وجود دستگاههاى گرونتر این توستر خرید هوشمندانه محسوب میشه  ,60,1
خیلی هنگ میکنه  یه لپتاپ 4 هسته ای نباید  اینقدر کند باشه  ,36,3
بیاید منطقی نظر بدیم من تو این 2 سال هیچ وقت نشده که بگم این چرا این رو نداره اون رو نداره  خداروشکر عالی بوده   فقط برای دوستانی که میخوان سریع تر از اینی که میخوان باشه باید بگم برن هارد ssd رو براش خریداری کنن   بدرود ,96,1
این تلویزیون اگه میخواید بخرید باید به عنوان تلوویزیون دوم بخرید وبرای اتاق عالی هستش مخصوصا اگر برای ps4 بخواید ,80,1
اگه دنباله ته دیگ واقعی بدون سیاه شدن وچسپیدن در دراز مدت و برند واقعی تفلون هستین هر مدل تفال رو بگیرین پشیمونی نداره   اما قیمتش هم نسبت به سایر برندهای تو ایران بالاست اما یادتون باشه به قول انگلیسی ها ما هنوز انقدر ثروتمند نشدیم که جنس ارزون بخریم ارتفاع قابلمه 28 باید کمی بیشتر می بود اما 8 نفر رو به خوبی ساپورت میکنه سایز کوچیکش جون میده برای یه زوج نقلی و کارامد  من خانومم برند معروف دیگه ایی برای جهازش داشت سنگین تر وشیک تر اما خودش هم فهمید تفلون به چی میگن تا این رو خریدم  خیلی مدرن نیست اما طرح هایی هم رو بدنه داره   بعد از 7 سال زندگی دانشجویی  و مجردی تفال رو به همه پیشنهاد میکنم و از شرکت سب هم خواهش میکنم کمی قیمت ها رو کاهش بدن تا اکثر جامعه توانایی خرید رو داشته باشن و از سر اجبار سراغ برندهای اسم در کرده بی کیفیت نرن ,88,1
عالی حتما پیشنهاد میکنم battlefild خیلی خوبه ,92,1
نسبت به سایر تابه های تفال که ما داشتیم این خیلی بهتره هم از نظر دوام روکش و هم از نظر نچسب بودن و هم کف دولایه ,96,1
به نظرم به قیمتش نمی ارزه انتظار من از این برندو این قیمت بیشتر بود  متاسفانه در حد انتظار نبود ,68,2
سلام  من طبق نظراتی که خوندم و هم اینکه تجربه ای که ازمحصولات لورال دارم میدونستم مارک خوبی هست اما بدلیل اینکه زیاد با این مدلش اشنا نبودم  نمیخواستم کرم پودر سنگینی باشه میتونم بگم کرم پودر سبک با پوشانندگی متوسط هست یعنی اگه صورتتون یکم جوش یا تیرگی بیشتر باشه انتظار زیادی نداشته باشین  برای پوست های خشک عالیه و همین که زیاد مثل کرم پودرهای دیگه حالت سنگینی نداره رو پوست  و این رنگش واقعا مناسب بود چون توایران پیداکردن رنگ روشن خیلی سخت شده چون همه جا کرم تیره هست و این رنگ هم یکدست میکنه و هم طبیعی از خریدم خیلی راضیم   ,92,1
کلا فقط برای کارهای روزمره مناسب می باشد که البته در این رنج قیمت انتخاب های بهتری وجود دارد نتیجتا خرید این محصول را پیشنهاد نمیکنم ,52,3
حدود یک هفته است که مرتب ازش استفاده میکنیم  کارایی خوبی داره  جمع و جوره و کم سر و صدا  ,64,3
تقریبا 4 روزه که اینو از دیجی خریدم   خیلی خوبه   من برای هدست  Logitech g200 و  earphone senhizer cx2 00 ازش استفاده میکنم   توی ترکیب با g 200  واقعا نتیجه رضایت بخشه   یک جورایی از خرید g200 پشیمون بودم اما از وقتی که از این دک fiio استفاده میکنم کاملا نظرم عوض شده    با ایرفون سنهایزر هم خیلی خوب نتیجه داد اما متاسفانه کاملا از خرید ایرفونم پشیمونم   اصلا خروجی قابل قبولی نداره    من اینو مخصوص گوشیم خریدم   lenovo vibe z2 pro   اما متاسفانه هر کار میکنم نمیشناسش  نمی دونم مشکل از چیه   گوشی به راحتی موس کیبورد و حتی جویاستیک xbox رو روی otg ساپورت می کنه اما اینو نمیشناسه   روی 5 6 مدل دیگه تست کردم بدون مشکل کار کرد اما شانس من روی گوشی خودم مشکل داره   بیشتر با لپ تاپ استفاده میکنم ازش و خیلی راضی ام    در کل اگه قصد خرید دارید به نظر من ارزششو داره و تجربه خیلی خوبی رو براتون فراهم می کنه    ممنون از دیجی ,84,1
فوری فوری فوری  پیشنهاد شگفت انگیز لطفا به جهت متفاوت بودن قیمت دیجی با بازار باید شگفت انگیز باشد تا خرید این محصول از دیجی نسبت به بازار به صرفه باشد ,96,1
این ساندبار واقعا کیفیت خوبی داره  من یکماهی هست که خریدم و واقعا راضیم  خیلی هم شیک و خوشکله  نصبش فوق العاده راحته  با گوشی موبایل میشه روشنش کرد  مکمل تلویزیون هست واقعا ,100,1
اصولا سه موضوع اساسی برای خرید یک ایرفون با هر مقدار بودجه مالی باید مد نظر قرار بگیرد  ابتدا کیفیت و طول عمر محصول  چون به هر حال به لطف تفاوت قیمت 6 برابری با خارج از کشور  این محصولات ارزان  ارزان نیستند و طول عمر یک فاکتور مهم محسوب میشود  مورد بعدی کیفیت  بلندی  شفافیت  تفکیک و قابلیت های خاص صوتی و با درصدی اندک زیبایی ظاهری مطلوب است  مورد سوم که از نظر من اهمیت ویژه ای دارد راحتی و سهولت قرار گیری چه در مکالمات کوتاه و چه در شنیدن بلند مدت موسیقیست  فیلیپس کمپانی خوییست  لااقل خوب بوده است  اولین استفاده من از سری ایرفون ها  مدل 6000  بود که 5 سال مداوم با هر نوع بدرفتاری کنار اومد  مدلی که مثل اکثر مدل های خوب در هر برندی  بعد از موفقیت  کنار گذاشته میشود و مدلی ضعیف تر جایگذین میگردد  توقف تولید عنوان وضعیت این مدل قدیمی شد تا من اقدام به خرید این ایرفون کنم  بازه شنوایی انسان قادر به شنیدن طیف مشخصی از اصوات است که این ایرفون به طور کامل آن را پوشش میدهد و نیازی به هزینه اضافی برای محصولی گرانتر نیست  کیفیت ساخت سیم مورد قبول است اما نیازمند مراقبت نیز هست  در مورد بلندی صدا و شفافیت در بهترین پلیر اندرویدی یعنی Poweramp نمره قبولی را گرفت  بلندی صدا به حدی بود که بیش از 30 درصد در خانه و بیش از 50 درصد در محیط شلوغ عملا آزار دهنده بود  یک عیب و یا شاید مزیت  نمیدانم  لزوم تنظیم اکولایزر برای تعویض آهنگ ها به طور مثال از سنتی به نیوایج است  در مدل های قبلی نیازی به این کار نبود و البته خود هدفون میانگینی از حالت ها را به گوش ما می رساند  این ایرفون بسیار کوچک است  این یک مزیت برای گوش های کوچک و ظریف محسوب ولی در عین حال یک ضعف هم به حساب می آید  اساسا ما نباید هدفون رو توی گوش بفرستیم بلکه باید درون گوش قرار دهیم  این ایرفون حتی برای ظریف ترین گوش ها هم اندکی مشکل لیز خوردن را دارد  هرچند قابل قیاس با هدفون های ناراحت سامسونگ و اپل نیست  هدفون مثل کفش است  اگر حساسیت بالایی دارید پیش از خرید تست کنید  ,76,2
وقتی بدستم رسید در نگاه اول به نظرم طراحیش خوب اومد  درب مخزن آب رو که باز کردم از جاش بیرون اومد  این تو ذوقم خورد آخه توقع داشتم کیفیت ساخت بالایی داشته باشه  اولین لباسو یه شلوار کتان اتو کردم که حرکت صفحه  روان نبود اما رو لباسایه جین و پارچه های  نخی و  قابل قبول بود  وضعیت بخار دهی رضایت بخشی هم داره   حجم بخاردهی رو میشه زیاد که از طرفی باعث میشه مخزن آب سریع خالی بشه  یه ظرف واسه اضافه کردن آب هم داخل جعبه هست بعلاوه یه دونه محلول 25 میلی که واسه تمیز کردن اتو هست و هنوز نمیدونم چطوریه  سیستم clean هم هنوز تست نکردم  در کل اتو خوبیه ولی چون اتو فیلیپس رو ندیدم نمیتونم با قطعیت بگم که کدوم  بهتره  ,68,2
اصلا پیشنهاد نمیکنم چون کارتریج واسش پیدا نمیشه حتی خود دی جی کالا هم نداره   شارژ هم کنیم کیفیتش بد میشه  ,64,3
وقتی درجعبه روبازکردم دیدم قوری وکتری ست نیس خیلی حالم گرفته شدوخیلی ناراحت شدم دیجی کالامگه نبایدکتری وقوری رنگش ست باشه ولی برامن نبود ,0,3
سالهاست با این قبیل ابزار روزانه و حرفه ای کار میکنم واین ششمین دریلی است که از دیجی کالا خریدم با توجه به طراحی ارگونومیک دسته که قسمت مشکی بالای دسته باید بین انگشت سبابه و شصت قرار گیرد و انگشت میانی جهت کنترل وزن دریل و دوانگشت انگشتر و کوچک جهت روشن کردن و کنترل دور دریل بکار میرود ولی بدلیل لبه ای که در قسمت فوقانی کلید وجود دارد و فرو رفتگی که در این محل  بین لبه فوقانی کلید و بدنه  ایجاد شده  باعث گاز گرقتگی انگشت انگشتر میشود و هنگام کار باید از انگشت کوچک برای روشن کردن دریل استفاده کرد ویا جای انگشتان را تغیر داد که این امر منجر به خستگی و کنترل ضیف دریل بخصوص هنگام کار در حالت چکشی میشود امید وارم توانسته باشم کمک کنم  ,52,1
تلویزیون خوبیه  من مشکلی ندیدم فقط آدم فکر میکنه باید آپشنهای خیلی بیشتری ببینه به نسبت قیمت که البته فقط یک انتظار هست  کیفیت نمایش کانالهای sd هم قابل از نظر من قابل قبوله و طوری نیست که نگرانش باشید  ,56,1
تصویر زنده اصلا نمیدونی فیلمه یا واقعیت ,72,2
برا اونایی که در این رنج قیمت میخوان خرج کنن از بقیه از نظر سخت افزاری و باطری قویتره مخصوصا پردازنده کوری آی 3 نسخه ی 6000 ,60,1
جنسش عالیه تنها ایرادی که داره لبه ظرف محافظ نداره اگه به جایی بخوره یا با قاشق ضربه بزنید خط میفته اکثر خانمها عادت دارن بعد هم زدن غذا با قاشق به لبه ظرف ضربه میزنن در مورد این باید رعایت کنین  ,100,1
چند نکته اضافه که باید عرض کنیم   1 روی مته های به غیر از سایز آن هم به شکلی نچندان با کیفیت  چیز دیگری درج نشده  یعنی هیچ نشانی از بلک اند دکر نیست  در حالی که روی مته های با برند متفرقه هم اکثرا درج میشود  2 در مقایسه با دیگر مته های نچندان معروف و حتی متفرقه موجود متاسفانه در سوراخکاری فلز معمولا ضعیفتر عمل کرد  3 فاجعه برای من جایی بود که در مقایسه با پیچ های نوک مته ای در شرایط و سایز مشابه  پیچ عملکرد بهتری داشت   4 به طور کلی همانطور که عرض کردم این مته ها فقط بدرد چوب و فلزات نرم با ضخامت کم میخورن  ,24,3
بهترین کار این هست منتظر مدل های 2018 باشین لبتاب های 2017 و 2016 اصلا نسبت به قیمت های الان به هیچ عنوان ارزش خرید ندارن ,64,1
بهترین فن هیتری که تا حالا دیدم ,80,1
حالا بهتون توضیح میدم که این مدل دارای هاله هایی اطراف پنل هستش سفید یا سیاه یعنی شما تصویر رو نگاه کنید میبینید یه هاله های مشکی یا سفید رو تصویر هستن که هیچوقت از بین نمیرن و بیشتر هم میشن بیشترین مشکله هاله رو این مدل داره تو ندل های سامسونگ  این ایراد رو هم افراد عادی سخت متوجه میشن یا اصلا شاید متوجه نشن  ولی بعد از چند وقت که گارانتیه محصول تموم شد هاله ها زیاد میشه و تصویر بد و بدتر و در نهایت باید تلویزیون رو عوض کنید چون گرونترین قسمت دستگاه پنلشه و دیگه بدرد نمیخوره  ,8,3
برای خرد کردن یخ مناسب نیست برای میوه هایی مثل موز و طالبی مناسب است  ,40,2
بوی خیلی بدی می ده  فکر کنم از مواد دوم ساخته شده  احتمالا مجبورم بندازمش دور چون کابینتها بوی بدی گرفته  ,36,3
دوستان دقت کنید به همراه این هدفون یک مبدل جک 3 5 میلیمتری ارائه شده است که محصول شرکت پاناسونیک نمیباشدو کیفیت پایینی داردو هنگامی که رابط 2 5 میلی متری را وارد این مبدل می کنید در جای خود محکم نمیشود و همین مسئله باعث قطع و وصلی صدا و افت کیفیت می شود  نکته دیگر اینکه هنگامیکه  این مبدل روی دستگاه شما قرار میگیرد و آن را در جیب می گذارید  با کمترین حرکتی از جای خود خارجی می شود و به دلیل حجم بیشتر راحتی شما را حتی در قدم زدن هنگامی که در جیب شماست می گیرد  و این مشکلات متاسفانه در نقد و بررسی اعلام نشده است  با تشکر از سایت خوب دی جی کالا  ,24,3
سلام  یکی دو روز پیش این محصول را خریدم و برای من که کاربر معمولی هستم کیفیتش رضایت بخش و عالیه  و دلیوری هم خیلی خوب بود و اصلا  اذیت نشدم   و ممنون از دیجی کالا ,84,1
باسلام امروز این محصول ب دستم رسید و هنوز ب عنوان آرایش ازش استفاده نکردم ولی یه تست کوچولو روی پوستم انجام دادم ب نظر خیلی سبکه و پوشش دهی خوبی داره فقط اینکه جعبه ش نسبت ب تصویر نشون داده شده خییلی کوچیکتره  و نکته ی دیگه اینکه رنگ نشون داده شده با محصول ارسالی متفاوته پوست من روشنه و احساس میکنم شماره ی 20 تیره تر از پوستمه  ,60,2
این اتو رو 2 هفته ای میشه خریدم فقط میشه گفت  فوق العاده است ,60,1
در این که قدرت مکش بالایی داره شکی نیست ولی بعد از 5دقیقه داغ میکند و خود به خود خاموش میشود  ,68,3
واقعا فوق العاده است  کار باهاش راحته   در خریدش شک نکنید   با اتو های معمولی قابل مقایسه نیست  ,60,1
صدای خیلی خیلی زیاد کتری زمان جوش آمدن و عدم قطع کن خودکار خیلی از اوقات ,60,3
هود خوبیه دیروز به دستم رسیدفقط ریموت کنترل ودفترچه نداشت با خدمات پس از فروش تماس گرفتم قرا شده پیگیری کنند امیدوارم بدستم برسه ,84,2
به هر گوشی سایزش مناسب نیست ,60,3
من از وقتی خردیم هرکاری باهاش کردم خیلی خوبه این لپتاپ من راضیم از خریدم  با همچین قیمتی بهتر از این پیدا نمیشه ,100,1
اول از همه پیشنهاد می کنم دوربین رو با گارانتی ایده آل و 15 ماه بیمه کارآفرین خریداری کنید  مزیت های نیکون 1  مگاپیکسل بیشتر   36 مگاپیکسل در برابر 30 مگاپیکسل 2  رتبه ی بالاتر سنسور   97 در برابر 91 3  قدرت بیشتر در ثبت جزئیات مناطق روشن و سایه  داینامیک رینج    14 8 در برابر 13 6  4  عمق رنگ بیشتر سنسور   25 7 بیت در برابر 24 8 بیت 5  وجود فلاش روی بدنه  که کانن ندارد  6 سینک شدن با فلاش  با سرعت بالاتر   250  در مواردی 320  در برابر 200 7  نبود فیلتر Low Pass بر روی سنسور    یعنی عکس هایی با وضوح بیشتر ثبت میکنه 8  عکاسی با فرمت Tiff  که کانن ندارد  9  داشتن نور کمکی برای اتوفوکوس در محیط های کم نور  که کانن ندارد  10  پشتیبانیِ از ایزوی 64  که کانن ندارد  11  امکان تنظیم ایزو با فواصل نیم استاپ  کانن ندارد  12  در نورسنجی با مد Center weighted می توانید اندازه ی محدوده ی نورسنجی را تغییر دهید  کانن ندارد  13  استفاده از تکنولوژی پیشرفته 3D Color Matrix  که در زمان نورسنجی و استفاده از لنزهای سری E  D و G نیکون  غیر از توزیع درجات  رنگ  ترکیب بندی  اطلاعات مربوط به فاصله را نیز در نظر می گیرد  که کانن ندارد  14 سلف تایمر با گزینه های بیشتر  4 گزینه در برابر 2 گزینه 15  بافر بالاتر در عکاسی متوالی با فرمت RAW   که 23 فریم در برابر 19 فریم 16  بافر بالاتر در عکاسی متوالی با فرمت RAW JPEG   که 18فریم در برابر 12 فریم 17  ظرفیت بیشتر باطری   1200 عکس در برابر 900 عکس  مزیت های کانن 1  جدیدتر بودن   15ماه در برابر 3 سال 2  نقاط اتوفوکوس بیشتر   61 نقطه در برابر 51 نقطه 3  تعداد نقاط اتوفوکوس صلیبی بیشتر   41 نقطه در برابر 15 نقطه 4  ایزوی موثر بالاتر   2853 در برابر 1995 5  پشتیبانی از ایزوی 32000  نیکون ندارد  6  پشتیبانی از ایزوی افزوده 102400   نیکون ندارد  7  تعیین ریزلوشن عکس   24 حالت در برابر 12 حالت 8  سیستم نورسنجی بهتر   150K pixel دربرابر 91K pixel 9  بافر بالاتر در عکاسی متوالی با فرمت JPEG   بی نهایت در برابر 57 فریم 10  عکسبرداری پیاپی  فریم بر ثانیه    7 فریم در برابر 5 1 فریم 11  فرمت Dual Pixel RAW  ابداع کانن  که می توانید وضوح عکس را در زمان ویرایش در کامپیوتر  بهبود دهید   برای اطلاعات بیشتر  به سایت کانن مراجعه کنید   یک نکته اینکه   فاصله کانونی لنز و فاصله ی سوژه از دوربین  در نتیجه ی عکس  تاثیر داره  نیکون ندارد  12  تصویربرداری با سرعت 120 فریم بر ثانیه  فقط با کیفیت 720p    نیکون ندارد  13  تصویربرداری 4K  نیکون ندارد  14 وجود Phase Detect بر روی سنسور  که عملکرد اتوفوکوس را در لایو ویو و ویدئو بهبود می دهد  نیکون ندارد  15  کیفیت بالاتر نمایشگر پشت دوربین   540K در برابر 307K 16  صفحه نمایش لمسی  نیکون ندارد  17  Wi Fi  NFC و GPS  نیکون ندارد  ,92,1
تازه خریدم  تقریبا یه غذا ساز کوچیکه ,80,1
دیروز به دستم رسید  سیستم اوبونتو روش نصبه خیلی زود شارژ خالی می کنه  کیبرد نور پس زمینه داره  عجیبه که همه سایتها نوشتن نور پس زمینه نداره  نداشتن درایو نوری آزار دهنده ست  در کل بنظرمیاد به قیمتش نمی ارزه  نکته ای که باید بگم اینه که رم 4 گیگ لپتاپ روی برد لحیم شده  اسلات رم خالیه ,56,2
در این رنج قیمت یکی از بهترین گزینه های پیش روی شما بدون شک همین مدل اتوی تفال هست  طراحی   کیفیت ساخت   متریال همه و همه بی نقص و درجه یک هنگام اتوکشی هیچ ردی از آب یا  لک سفید از خود جا نمیگذاره و نه تنها از اتو کردن خسته نمیشید بلکه دلتون میخواد که ادامه بدید و تمامی لباسهای خودتون رو اتو بزنید   ,96,1
به نسبت قیمت و عملکردی که از لپ تاپم میخواستم  درس خوندن و گاهی فیلم دیدن  تا این لحظه خوب بوده باید ببینید از لپتاپتون چی میخواید  ,56,2
هرکسی دنبال کیفیت تصویر هست حتما این برند مد نظر داشته باشه کنتراست تصویر در این تلویزیون ها واقعا عالیه شدت نور سفید بالایی داره و شدت نور مشکی نسبتا کمه این دو باعث میشن که کیفیت تصویر و کنتراست تصویر بالایی داشته باشه تلویزیون هایی تو این رده قیمتی شدت نور سفیدشون حدود 100 تا 250 کاندلا بر متر مربع اما تلویزیون های فلیپس بالای 300 کاندلا بر متر مربع هست که این باعث میشه تراز سفیدی افزایش پیدا کنه واقعا کیفیت خوبی داره تلویزیون های فلیپس ,88,1
این هدفون  در حال حاضر صدای بسیار بی کیفیتی دارد  به طوری که پس از حدود 30 دقیقه استفاده با حجم صدای کم نیز باعث درد گرفتن گوش من شد  قرار گیری گوش در  داخل این هدفون از جهت اینکه به لاله گوش فشار نمی آورد ویژگی خوبی است ولی از طرفی باعث گرم شدن آزار دهنده ی گوش می شود  در مجموع این هدفون برای من قابل استفاده نبود  در ضمن بسته بندی فرستاده شده از این هدفون با عکس موجود در دیجی کالا کمی متفاوت بود و جعبه ی آن به رنگ سبز و سفید است   ,20,3
به شدت از دیجی ناراضی ام  لوله پلاستیکی بود  لوازم جانبی داخل جعبه طبق دفترچه اش به شدت ناقص بود  کیسه یدکی که باید داخلش باشه نبود  ولی خود جارو خوبه  پشیمونم که از دیجی خریدم ,56,2
عالیه   واقعا راضی ام   واقعا می ارزه   ,100,1
2ماهه خریدم و فعلا ک راضیم ازش ,80,1
با سلام و تشکر به مدیریت و پرسنل صادق و منظم دی جی کالا این محصول رو امروز خریدم چنتا برش و ساب هم زدم خیلی خوب و رضایت بخش هستشرنسبت به پولی که دادم راضی هستم  ممنون ,96,1
من این محصول رو سفارش دادم تازه به دستم رسیده ممنون از دیجی کالا عزیز ,100,1
دوستان با این پول بدون گارانتی هم دیگه نمیشه خرید دلارو که میبینین خودتون در ضمن تصویرش واقعا عالیه ,88,1
من دو ساله که دارمش  یک کلام  عالیه  یه رم 120 گیگ هم روش گذاشتم  ,60,1
اتوی خوبیه خوش دسته و سبک بخار دهی خیلی خوبی داره فقط یکم زیادی رسوب میگیره اون بیشتر تقصیر  آب تهرانه ,80,1
خیلی لپ تاپ عالیه و اصلا امکان نداره لپتاپی از این بهتر تو این رنج قیمت پیدا کنید خیلی سبکه و خیلی نازکه یکی از ویژگی های خوبش اینه که DVD خوان نداره که این خیلی زیباش کرده من فکر میکردم دی وی دی رام خیلی به کار میاد ولی بعدا فهمیدم فقط موقع نصب نرم افزار به کار میاد  یه مشکلی کوچیک داره که بعضی موقع ها هنگ میکنه مثلا دو هفته یه بار که زیاد مشکلی خاصی نیست  در کل وقتی موجود شد بخرید از دستتون نره  ,96,1
خیلی ناراضیم ازش همون اوایل دوبار فرستادمش برای تعمیر و هیچ وقت هم اساسی تعمیر نشد نمایندگی مجاز هم نتونست تعمیرش کنه هیچ وقت نخرید هیچ وقت ,92,3
این خیلی هدفون عالیه بیسش به اندازس بعضی ها میگفتن کمه وضوح صدا عالیه به طوری که کاملا متوجه ریزه کاری های آهنگ میشین کیفیت بدنه اش خوبه روی گوش خیلی خوب قرار میگیره تبدیل 3 5 به 6 5 تو جعبه خیلی با کیفیته در کل خریدش رو پیشنهاد میکنم ,92,1
با این دستگاه سفت ترین موادو به راحتی میشه مخلوط کرد و تیغه روان و برنده ای داره و خیلی کاربردیه ,100,1
سلام اگر باسه هرکاری دارین سمت نوت بوک میرین یک اشتباه بزرگ گرفتن بوک های اپل  عملکرد فوق العاده سرویس و برنامه های متعدد شرکت میکروسافت و هماهنگی بی نظیر ویندوز و سرفیس جای شک نمیزاره  پردازشگر قویش حتی اجازه میده تا بازی pes 2017 رو بازی کنین  pes Bazaa دوستان در یک کلام اگر برای کاری به جز کلاس گذاشتن که من به قاطعیت میتونم بگم با لووس شدن بیش از حد اپل الان سرفیس با مارک زیبای میکروسافت پشتش حتی این ویژیگی نوت ها اپلم که میشه گفت تنها چیزی که سر تر از سرفیس بودم گرفت  شک نکنین سرفیسُ انتخاب کنین  ,92,1
نسبت به قیمتش می ارزه  برای جدا نمودن باتری حتما باید اچار به دست شد  ,72,1
همه برنامه و بازی های نیمه سنگین تا حدودی سنگین رو باز میکنه من خودم از دیجی کالا خریدم راضیم ازش ,100,2
خیلی وقت بود دنبال درپوش ماکروویو بودم  من خریدم و واقعا از خریدم راضی هستم  دیجی جون اگه سایزهای دیگرو هم بیاری مطمئن باش اولین نفری هستم که می خرم    ,60,1
در یک کلام عااالی خودم نصب کردم و از دیجی کالا هم گرفتم خیلی عالیه ,96,1
عالی بود ماندگاری و پوشندگی زیاد قیمتشم خوبه اما فک کنم برا پوست خشک مناسب نباشه منپوستم چربه قشنگ روش میشینه  نظرتو مهمه ,100,1
من این تلویزیون رو چند هفته س که خریدم  کیفیتش خیلی خوبه  به خصوص تو شبکه های خودمون البته باید توجه کرد که کیفیت شبکه های ملی خیلی پایین و در حد تلویزیون های سیاه و سفید قدیمه و تلویزیون ها تقصیری ندارن که کیفیتشون بالاس  برخلاف چیزی که دیجیکالا نوشته این تلویزیون بلوتوث داره  فکر کنم دیجیکالا اصلا به مشخصات کالا دقت نمیکنه   چیز جالبی که دیدم این بود که این مدل رو هرجا سرچ کردم فقط تو سایتای ایرانی میاورد  یکم موقع سویچ کردن کانالا تأخیر داره ولی به نظرم منطقیه  در کل تلویزیون خوب و باکیفیتیه  به نسب قیمتش خیلی خوبه رابط هوشمندش خیلی ساده و راحته  تلویزیون اینترنتی آیو هم خیلی خوبه ولی خیلی حجم مصرف میکنه  اگه یه تلویزیون بزگ که شبکه های ملی رو با کیفیت متوسط  نشون بده و خمیده باشه این تلویزیون یه انتخاب عالیه  دقت کنید که تلویزیون ها مثل موبایلامون نمیتونن کیفیت های پایین رو تطبیق بدن و با کیفیت بالا نشون بدن  پس اگه تلویزیون  با کیفیت 4k میخرید انتظار نداشته باشید فیلم کیفیت اچ دی رو خوب نشون بده چون اون برای کیفیت 4k ساخته شده   ,68,1
لپتاب خوبیه در کل کار راه اندازه و حملش راحته اندازه یه کتابه تقریبا ,60,2
هدفون خوبی است ولی برد حدود 12 متر است ضمنا فقط با دانگل خودش ارتباط بر قرار می کند و بلوتوس موبایل آن را نمی شناسد   تنها راه برای موبایل اتصال دانگل از کابل تبدیل otg است   ,84,1
سفارش آلمان و ساخت اسلوونی هست  جنسش خیلی خوب و با کیفیت هست و هم تیغه ی خودش و هم تیغه ی ظرفی که همراهش هست بسیار خوب و با کیفیته  من ازش خیلی راضی هستم  حتما پیشنهاد میکنم  ,100,1
نسبت به قیمتش  لپ تاپ مناسبیه  RAM 12 گیگ Cor i5 برای کاربری عمومی عالیه  کاش ویندوز روش نصب بود یکم بخاطر نصب سیستم عامل مشکل داشتم درضمن دیجیکالا ننوشته  ولی کیف و ماوس اورجینالم همراش بود  کلا راضی ام ازش ,64,1
من حدود 6 ماهی میشه که این لپتاپو دارم از خود دیجی هم گرفتم کیفیت بدنه زیاد جالب نیست ولی اگه فرد با سلیقه ای هستید اصلا جای نگرانی نیست   عملکرد لپتاپ عالی هستش توی بازی هایی مثل csgo نزدیک 300 بهتون اف پی اس میده توی بازی های سنگینی مثل gta v روی مدیوم تا 150 ممکنه بهتون اف پی اس بده با یه cool pad بگیرید حتما چون طی مدت زیادی که باهاش بازی یا استفاده سنگین بکنید کول پد کمک میکنه که عکلکرد اصلا افت نداشته باشه   باطریش طبق خود بررسی تا 4 ساعت 40 دقیقه دووم میاره خیلی ساختار قشنگی داره لپتاپ و خیلی هم قوی هستش هارد 2 تراش کامل پوشش فایلاتونو میدی کیفیت هارد HHD ایش هم خیلی عالیه تا پیک سرعت 1 گیگ هم به من داده کیفیت اسپیکرشم خوبه در حد قابل قیولی هست   در کل پیشنهاد میشه شک نکنید  ,88,1
5روز هست که به دستم رسیده عالی هستش از هر لحاظ مکش فوق العاده خوبی داره صداش هم خوب هست به نظرم در خریدش شک نکنید بهترین جارو برقی هست تو این رنج قیمت ,100,1
تو این رنج قیمت عاالیه فوق العادس ,100,1
دوساله دارمش یبار هنگ نکرده چندبارم افتاده اخ نگفته نه گلسی نه قابی نه هیچی روش نداختم یه مزیت عالیشم اینه که سیم شارژش بلنده برخلاف بقیه گوشیا فقط حافظش ضعیفه 4جی هم نیست ,60,1
من هم موافقم که دوربین یه گوشی یک میلیونی کار این دوربین رو میکنه تو حالتهای اتومات که 99 درصد اوقاته  خریدم ولی از دوربین گوشیم که ال جی جی سه هست همش استفاده میکنم و کیفیت عکسهاش با مقایسه رو مونیتور لپتاپ با این دوربین برابره  از نظر من دوره این دوربین ها سر اومده بیشتر بفکر گوشی قوی باشید  ,60,1
مصرف باطریش زیاده هر بیست روز یک عدد ,60,1
این جارو را حدود یک ماه پیش خریدم و از کارکردش بسیار راضیم  طراحی آن خاص است و سلیقه ای   ولی اصل موضوع کارایی است که  بسیار کارآمد است   البته مایعات را هم جمع نمی کند که خیلی مهم نیست   ,88,1
سلام دوستان همینطور که قول داده بودم میخام این لپ تاپو براتون نقدش کنم اولا ظاهر بسیار زیبایی داره  سرعتش خوبه نسبت به قیمتش تاچ پدش ضعیفه و در کل به موس نیازه یکی از نقاط ضعفش که واقعا منو اذیت کرد نبود درایور ها تو کارتن بود اثر انگشت هم که برراحتی جذب میکنه و زود پاک نمیشه باید زور بزنین تا پاک شه کلا من از خریدم واقعا راضیم امیدوارم مطالب خوبی اراعه کرده باشم ,60,1
اگر با روشنایی کم صفحه نمایش و پلاستیکی بودن مشکلی ندارید در خریدش شک نکنید ,92,1
کاربردی و زیبا و با نور پس زمینه عالی و سیستم صوتی بلند و رسا  توی این یکسالی که ازش استفاده میکنم  بسیار ازش راضیم محصولات اچ پی واقعا عالی هستن  ,92,1
تلویزیون خوبیه  من مشکلی ندیدم فقط آدم فکر میکنه باید آپشنهای خیلی بیشتری ببینه به نسبت قیمت که البته فقط یک انتظار هست  کیفیت نمایش کانالهای sd هم قابل از نظر من قابل قبوله و طوری نیست که نگرانش باشید  ,56,1
من چند ماه است که این محصول را خریداری کرده ام و از هر لحاظ خرید این محصول را پیشنهاد میکنم    با تشکر از  دی جی کالا ,96,1
عالیه من خیلی راضیم    ,100,1
این در باز کن فقط برای باز کردن درب بطری نوشیدنی کاربرد داره و واسه استفاده خانگی ضروری به نظر نمیاد  بهتر بود که امکان باز کردن قوطی و کنسرو رو بهش اضافه میکردن  ,72,2
2 سالیه ک خریدم و تا الان خیلی راضیم ازش ب نسبت قیمت عالی از جنس ایرانی بعید البته پارس خزر  قدمت زیادی داره  تنها ایرادی ک میشه ازش گرفت اینه ک گاهی اوقات دور چپ گرد و راستگرد ک میخوا انتخاب کنه رو گیج میزنه البته ایراد مهمی نیست فقط گفتم ک تنها ایرادش همینه و هیچ مشکلی تو این دو سال نداشته ,88,1
من تابستون از دیجی خریدمش  خیلی راضی ام   اگه بخوام ایراد بگیرم  صداش هست که اون هم نسبت به کیفیت و امکانات و قیمتش اصلا اهمیت نداره برام ,72,1
4 ماهه خریدم بشدت راضیم از عملکرد   طراحی عالی جنس کفی خوب عملکرد و اتوکشی محشر من بشدت رو اتو شدن لباسام وسواس دارم  گاها حتی کت و شلوار و میدن اتوشویی پسش ک میگیرم باز خودم ی دستی بهش میکشم  این محصول منو راضی کرد  ,92,1
رنگ پوست من کلا روشنه ولی این رنگ کرم پودر چندین درجه از منی که سفیدم روشن تر بود   پوشش دهی و ماندگاری عالی داره برای پوست چرب من بعد از 12 ساعت پوستم برق نیوفتاد ولی اگر این رنگ رو انتخاب کنین به تنهایی قابل استفاده نیست باید با یه رنگ تیره مخلوطش کنین تا بشه استفاده کرد   ,76,2
کم صدا و قیمت مناسب  ,80,1
واقعا پنکه خوبیه  پایه ی قوی و محکمی داره   بیصداست کنترلش خیلی بدرد میخوره   هیچ عیبی نداره ممنون از دیجی کالا ,60,1
انوی خوب و خوش دستی هست  رنگ صورتیش واقعا زیباست  و اگر طبق دفترچه راهنما باهاش کار کنید هیچ مشکلی پیش نمیاد  ولی بهتر بود سیستم ضد چکه هم داشته باشه  تو این رنج اون رو پیشنهاد میکنم ,88,1
من به شدت از دیجی کالا راضیم  این گوشی از چیزی که اینجا نوشتین بهتر بود  8 گیگ بودو دوربینش فلش داشت  یعنی من یک گوشی بهتر از چیزی که سفارش داده بودم دریافت کردم  مگه داریم     نسبت به هزینه ای که میکنید امکانات و کیفیتش عالیه   مرسی از دیجی کالای عزیز که در حد سایتای فروش خارجی فعالیت میکنه  خدمات پس ازفروش  ارسال  کیفیت  همه چییش حرف نداره  ,76,1
اگه همزن ساده برای استفاده خونگی می خواین این بهترین انتخاب موجوده   صداش ملایمه برعکس برند های دیگه و اعصاب کسی رو بهم نمی ریزه قدرتشم کاملاً با حجم کاسه متناسبه قدرت های بیشتر هم وجود دارن ولی خب اون همزن ها کارای جانبی بیشتری هم انجام میدن  مثلاً قابلیت اتصال به مجموعه های غذاساز     ,100,1
فقط در یک کلام فقط نام سونی را یدک میکشد  البته اگر در شگفت انگیز خرید کنید و برای گوش دادن مثلا به رادیو مناسب خواهد بود  ,28,3
تنها نقطه مثبتش ظاهرش هست  وقتی اب به جوش میاد فورا اتوماتیک نمیکنه و شروع میکنه به لرزه  کتری با این که قنجاییش با بیشتر کتریها یکی هست اما سایزش خیلی بزرگتره  و البطه صدای زیاد مشکل دیگش هست  وبعضی وقتها درش گیر میکنه و باز نمیشه ,52,3
قابلمه های تفال بسیار با کیفیت هست تا به الان چند سری خریدم و راضی بودم ,100,1
دوستان در مقایسه با اتو پایه دار که کلی جا رو اشغال میکنه و حمل و نقل سخت این عالیه لذت اتو کردن راحت و سریع و بدون دقدقه از اینکه چه روی چه دمایی بگذارید  پس از دو دقیقه هر پارچه ای که قابلیت اتو شدن را داره میتونید بدون واهمه و بدون تنظیم حرارت اتو کنید ,100,1
حتما خرید اون رو پیشنهاد میکنم عالیه ,92,1
با توجه به قیمت حتما پیشنهاد میکنم  صدای شفاف و عالی  کیفیت خوب ,92,1
دستگاه خوب و مناسبی  ارزش خریدن و داره  من ک راضیم ,60,1
خیلی قشنگه ول وقتی به دستم رسید دیدم خیلی کوچولو و سبکه و برای اتو چادر یا پرده خوب نیست ,24,3
خیلی خوب بود من خوشم اومد   کیفیت صداش خوبه کیفیت خودش هم خوبه ,100,1
بی کیفیت ,20,3
خیلی عالیه و بدون هیچ دلهره ای هر جنس پارچه رو میشه اتو کرد ,100,1
من این گوشی رو از دیجی کالا تهیه کردم  متاسفانه بعد از شش ماه گوشی مداوم دچار هنگ میشد و تاچ گوشی از کار افتاد  شوربختانه گارانتی سامتل قشم هم به هیچ عنوان پاسخ گوی تماس ها نیست ,60,1
یک ماهه خریدم از دیجیکالا خریدم  و راضی هستم خریدش رو توصیه میکنم ,92,1
الان بدستم رسید کیفیتش خیلی خوبه ولی سنگینه اگه دو تا دسته داشت بهتر بود ,60,2
سلام ی هفتست ک  خریدم بعد از کلی تحقیق اینو خریدم مزایای مهم داشتن حسگر اثرانگشته و نور پس زمینه کیبورد روشنایی ال سی دی هم واقعا عالیه جای هیچ بحثی درش نیست فقط بدیش جذب خیلی زیاد اثر انگشته ک اونم با ی پک  تمیز کننده حل میشه فقط برای تمیز کردن حتما از دستمال و مایع مخصوص استفاده کنید داغ نمیکنه اصلا فقط یکی از بدیاش اینه ک وقتی در درایو دیسک قرار میدی صدای خیلی بلندی میاد والا نمیدونم مشکل چیه من واسه اولین باره لپ تاپ میگیرم و قبلا pc داشتم فقط تنها چیزی ک دلمو زد ی عیب هست ک واقعا نمیدونم عیب هستش یا مدل لپ تاپاست اگه دوستان میدونن راهنماییم کنن تا از نگرانی در بیام سمت درایو وقتی حتی دیسک توش نیست صدای عجیبی میاد مثل صدای خرخر یا شرشر خیلی یواش آب واقعا نمیدونم صدای چیه ب هرکی هم گفتم بهم خندیده واسم خیلی عجیبه اگه کسی میدونه چیه لطف میکنه برام توضیح بده ,60,1
الان 9 ماهه دارمش لپ تاب خوبیه ولی از ایسوز انتظارم بیشتر بود آخه قبلا دل داشتم راسی ویندوز روش نصب نمیشد ک دیجی اومد ببردش و 10 نصب کرد ولی من 7 میخاسم نصب کنم ک بتز نشد ناچار بایوس لپ تاپ و آپدیت کردیم و کلی متن نصب ویندوز خوندم تا بعد از یک هفته نصبش کردم ,56,2
من این اتو رو تو شگفت انگیز خریدم  هنوز استفاده نکردم  فقط یبار در حد 2ثانیه زدم به برق  فوری داغ شد  ظاهرا که اتوی خوبیه نسبت به قیمتش  برای من سبک بودن اتو مهم بود که کار کردن باهاش برام خسته کننده نباشه  ,64,2
کلا لنوو ها کیفیت بدنه پایینی دارند این دستگاه کیبرد بی کیفیتی داره اصلا تایپ باهاش راحت نیست ,60,2
عاللللیییی ,60,1
من این تبلت رو چند ماه پیش از دیجی خریدم  عالیه اما برا کار دانشجویی من فتوشاپ هم کارک کردم خوب بود ولی بیشتر بدرد کار ساده میخوره  از طرفی سبک زیبا و شارژ دهی عالی داره ,80,1
روش سالم برای پخت غذا هست    با توجه به قیمت من این مدل رو خریدم  و ازش راضیم   فقط سولفات و رسوب کردن اب در قسمت heater یه کم نگرانم میکنه ,84,1
خیلی خوب تیرگی دور چشم رو میپوشونه و خیلی هم جلوش طبیعی و زیباست ولی بنظرم لومی مجیک یکم بهتر بود ,72,1
ما چون دو نفریم و میخواستم مرتب استفاده کنم اینو انتخاب کردم نیم لیتر روغن مصرف میکنه نهایت برای 4 نفر مناسبه در کل راضیم ,80,1
برای بار دوم هست که از هدفون های تو گوشی پاناسونیک استفاده میکنم  دفعه پیش هم از دیجی خرید کردم  با وجود اینکه پاناسونیک به صورت حرفه ای در این زمینه فعالیت نکرده ولی واقعا هدفون های تو گوشی خیلی خوبی تولید کرده  کیفیت پخش اهنگ این مدل در صورت تنظیم موزیک پلیر گوشی یا لپ تاپ بسیار خوب هست  واقعا باس خوبی داره  وضوح صدا بالاس و اصلا اذیت نمیکنه  از لحاظ ارگونومی هم خیلی خوب تو گوش جا میگیره  سه جفت سری داره که با تعویض اونا میتونید متناسب با اندازه گوشتون استفاده کنید  صدای میکروفون خوبی داره  صدا رو خوب انتقال میده  هدفون وان مور  پیستون فیت رو استفاده میکردم همیشه مشکل انتقال صدا داشتم  طرف مقابل گاهی وقتا از ضعیف شدن صدام گلایه میکرد  این کالا رو وقتی تخفیف خورده بود خریدم قیمت تخفیف خورده اش نسبت به هم رده های قیمتی واقعا ارزش خرید داره  اصلا شک نکیند  در حالت قیمت واقعیش هم همچنان ارزش خرید داره چون واقعا کیفیت پخش بسیار بالایی داره   تنها مشکلش کیفیت نه چندان بالای سیم و پلاستیک هستش  ولی این قضیه باعث خرابی زودهنگام این هدفون نمیشه  چون دقیقا مدل قبلی رو با اینکه ارزونتر خریده بودم  خیلی ازش استفاده میکردم  مدام به صورت مچالهتوی جیبم لای کلید هام بود  خیلی سخت ازش کار کشیدم و نسبت بهش حساسیتی نداشتم  دو سال و نیم بدون مشکل کار کرد و بالاخره بعد از دو سال و نیم ارتباط یکی از هدفون ها قطع شد  پس نگران ظاهر ضعیفش نباشید  ,76,1
واقعا دستگاه خوبی و پیشنهاد میکنم  کیفیت چاپ رنگی و سیاه سفید سرعت چاپ و یه امکان خوبی که داره به موبایل وصل میشه و میشه باهاش هر عکس و فایل pdf رو به راحتی پرینت گرفت  به سرعت به وای فای وصل میشه   فقط من نمیدونم دیجی کالا چرا انقدر دیر فرستاد محصول واقعا متاسفم واسه این همه  بی توجهی نزدیک یک هفته منتظر دستگاه بودم یعنی از بیرون میخریدم بهتر بود دیجیکالا باید یه فکری واسه این موضوع بکنه قیمتشم با بیرون زیاد تفاوت نداره خیالتون راحت   اگه یه پرینتری می خواید که زیاد استفاده کنید  به شما پیشنهاد میکنم نمیشه گفت یه دستگاه خونگی یه دستگاه قوی سطح متوسط hp و حتی میتونه حتی واسه شرکت های کوچک هم مناسب باشه ,96,1
مشابه سایر محصولات تفال از کیفیت بسیار خوبی برخوردار است بنظر نوار آب بندی خیلی بادوامی نداره و در دستورالعمل خودش هم تاکید کرده که سالی یکبار باید تعویض شه از تمامی زودپزهای تفال ارزانتر است ولی به همان نسبت ساده تر هم هست  قفل کلیپسی اتوماتیک ندارد که خیلی هم مهم نیست برای خانواده 3 تا 4 نفر کفایت میکند در پیشنهاد شکفت انگیز خریدم که بسیار می ارزید ,100,1
رمش پایینه اما برای برنامه نویسی عالیه ,76,1
لطفا موجود و در شگفت انگیز قرار دهید ,84,1
با این قیمت مناسب گزینه خوبی برای سرگزم شدنه ,48,3
من سه روزه گرتم باتخفیف درکل راضی کننده است ممنون دیجی کالا و سپاس پارس خزر ,72,1
اگه شکسته نباشه میتونه خوب باشه ,12,2
بسیار عالی من برا خدمات کامپیوتری گرفتم عالیه ,60,1
با سلام   من این باند رو روی تاقچه عقب ماکسیما نصب کردم بسیار خوش صدا است و بیس بسیار عالی داره   کسانی هم که میگن بیس نداره یا مثبت و منفی باند رو برعکس زدن یا پخش خوردوشون جالب نیست   در ضمن بدون امپلی هم بیس خیلی خوبی داره و نیازی نیست که حتما بهش امپلی وصل شه ,84,1
دو ماهی میشه خریدم خیلی خوب در حد فیمتش مناسب ,60,1
در کل سینمای خانواده مناسبی هست  بالطبع اون انتظار رو از سینماهای خانگی دالبی و محیطی رو نخواهد داشت ولی رضایت بخش هست نسبت به قیمتشش  در این محدوده قیمت میشه گفت یکی از بهترینهاست و حتی یه سر و گردن بالاتر از هم رده هاش  فقط کنترل دستگاه حرفه ای نیست و خیلی ساده است  ,88,1
جمعه از دیجی سفارش دادم امروز به دستم رسید خیلی هدفون باکلاسیه کیفیت صداش خیلی خوبه و bass هم عالی مخصوصا برای اونی که موزیک سبک رپ و هیپ هاپ و متال و راک گوش میدن کلا برای موزیک گوش دادن خیلی خوبه وصداش بدون نویزه وفرکانس پاسخگویی هم که دیگه تو مشخصات فنی نوشته با این فرکانس همه صداهارو چه زیر چه بم میتونی بشنوی نسبت به قیمتش خیلی خوبه اگه در همین حد بودجه دارید و یه هدفون خوب برای موزیک گوش دادن میخواهید تو خریدنش شک نکنید تنها بدی که من دیدم اینه که وقتی زیاد میزاری رو سرت پد هاش عرق میکنه و یکم رو سر اذیت میکنه ولی اگه درحد یک ساعت باهاش کار کنی همچین حسی پیدا نمیکنی ,72,1
بسیار راضی هست مادر ام از وقتی براش هدیه خریدم ,100,1
دوستان من خیلی تحقیق کردم بین LG و ایکس ویژن مردد بودم  قیمت ایکس ویژن خیلی مناسب تر و گارانتی اون عالیه کیفیت تصویر این مدل واقعا عالیه اینو وقتی متوجه میشید که یه کلیپ 4k بزارید  شبکه های ایران کیفیت تصویر پایینی دارند  کارکردن با اون بسیار راحته دوستانی که نوشتن 30 ثانیه طول میکشه تا بالا بیاد اصلا اینطور نیست حداکثر 15 ثانیه زمان میبره اونم بخاطر لود کردن کانالهای دیجیتال هست درضمن LG بیشتر از این زمان میبره تا بالا بیاد  طراحی بسیار زیبایی داره  2 عدد کنترل داره پنل این مدل گرید A هست  ,100,1
من این دوربین رو حدود 1 ماه پیش خریدم به عنوان دوربین میان رده خوبه اما چند ویژگی بد داره یکی از مهم ترین هاش اینه که آپشن های پایینی داره و در روز های خیلی آفتابی عکس ها کمی تار میفته اما در کل دوربین خوبیه من از کیفیت فیلم ها عکس هاش راضیم و ظاهر قشنگی داره و زمان شارژ شدنش و نگهداری باطریش خوبه اگه دنبال یه دوربین میان رده میگردید این گزینه مناسبیه ,80,1
واقعا بعیده از دیجی کالا که بعد 4 روز هنوز نفرستاده این کالا رو واسم هر روز یک پیام میاد و تازه بعد 4 روز فاکتور شده پیگیری هم میکنی میگن حتما تا فردا میفرستیم ,60,2
من تقریبا 1 ماهه هست که استفاده می کنم ویندوز کاملا روان و بی نقص است  شارژدهی واقعا عالیه   یک نکته مهم هم بگم که دیجی کالا دو پورت USB 2 0 معرفی کرده که  اشتباه هست این لب تاب شامل یکUSB3 0 و یکUSB2 0 هست   به نظر من تنها نقطه ضعف این لب تاب طراحی دکه پاورش هست که فاجعه چون جای قرار دارد که معمولا سطح اتکا لب تاب برای  بلند کردن است  ,72,1
سلام به دیجی کالا و مصرف کنندگان عزیز این تلوزیون واقعا عالیه یکی از دوستانم خریده و قصد دارم اینو تا یکی دو ماه دیگه هم بخرم امیدوارم تو اون موقع موجود باشه ,92,1
من بخاطر گوشم مجبورم از هدفون های bone conduction technology استفاده کنم و این هدفون تنها گزینه ای بود که در  ایران تونستم پیدا کنم و با اینکه می دونستم این هدفون صدای کمی داره بازم بخاطر شرایط گوشم تنها گزینه من بود  خیلی سعی کردم باهاش کنار بیام ولی واقعا حجم صدا خیلی کمه بطوریکه هنگام دویدن در یک خیابون خیلی خلوت  وقتی یک ماشین از 20 متری شما رد می شه دیگه نمی تونید صدای موزیک رو بشنوید  اگرچه این هدفون زیبا و سبکه ولی به درد موسیقی گوش کردن نمی خوره  روی جعبه نوشته مخصوص آیفون و آیپد و گوشی من آیفون 6 بود و صدا خیلی کم بود  رو Laptop هم تست کردم و بازم مشکل صدا باقی بود  تکنولوژی bone conduction مال سال 2008 عه ولی هنوز یک هدفون خوب تو ایران نیست خلاصه  نخرید ,44,3
فوق العاده کیفیت پایینی داره   یه بار فقط باهاش کار کردم و سر مته سیاه شد و سوخت    اگه جنس یه بار مصرف میخوایین خوبه بخرین  ,32,3
بنده خدا کسی که پوست صاف و بدون اشکال داشته باشه اصلا نیازی به استفاده از کرم پودر نداره کرم پودر برای همین تولید شده که پوست رو یکنواخت کنه ,48,3
اینو از دیجی خریدم دیروز رسید دستم همه چیزش عالیه پرینت هر عکس 48 ثانیه طول میکشه که خیلی خوبه کیفیت عکسا بستگی به کیفیت خود عکس داره بدون نیاز به نرم افزار هم میشه مستقیم از خود گوشی بهش دستور چاپ داده بشه اما اپ مخصوص خودش رو برای اندروید نتونستم گیر بیارم که باز موردی نبود مهمتر از همه قیمت تمام شده هر عکسه که تقریبا براتون 1200 تومن در میاد به ازای هر عکس در صورتی که بیرون بدین چاپ کنن 2 تا 3 تومن تموم میشه  در نهایت دستگاه خوبیه ,76,1
کیفیت تصویر خوب ولی ضعف های زیادی داره تغییر کانالها با مکث زیاد   کیفیت صدای پائین و کنترل ناکارآمد ,80,1
قیمت وکیفیت مناسب ,68,1
تقریبا یکسال پیش این هدفون رو از دیجی گرفتم فقط برای مصرف خانگی و تماشای فیلم  یا گوش دادن به موزیک های که نیاز به تفکیک صدا دارن استفاده میکنم که واقعا در این موارد هدفون بسیار خوبی بوده و هست  چندبار سیمش به شدت کشیده شد ولی همچنان سالمه  به دوستان پیشنهاد میکنم در نقد یک وسیله نگاهشون رو از کاربرد خودشون به کاربرد اون وسیله تغییر بدن  بیشتر دوستان بر حسب کارایی که خودشون از جنس توقع دارند نقد میکنند  این هدفون مسلما برای استفاده تو مترو طراحی نشده  حالا هی میگند صداش کمه  بنده که شب ها در سکوت از این هدفون استفاده میکنم صداش رو 70 میذارم  و اصلا لزومی نمیبینم 100باشه  کیفیت به بلندی صدا نیست کیفیت به بیس نیست ,60,1
سلام دوستان من ابتدا 400 واتشو داشتم و با امپ هم استفاده کردم ازش و عالی بود الان 500 واتشو گرفتم و واقعا بی نظیره هم با امپ و هم بدون امپ راجب سوختن تویتر با امپ هم باید عرض کنم ک نمیسوزه بشرطی ک اون کسی ک براتون امپ رو  تنظیم میکنه بفهمه چجور تنظیم کنه ک فشار زیادی رو باند نباشه پس خیالتون راحت من 400 واتشو با امپ چند سال استفاده کردم و هیچ اتفاقی نیفتاد اینکه دیگه 500 واته بازم میگم اگه درست تنظیم بشه امپ اصلا باند نمیسوزه و اگه درست تنظیم نشه قوی ترین باند رو هم میسوزونه  ,88,1
باسلام خدمت دوستان این تبلت رو حدود سه هفته است خریدم خیلی ازش راضی هستم آپدیت 7 1 1 اندروید هم براش اومده که بنظر من سرعتش رو تا حدودی کم کرده ولی در مجموع عالیه ,72,1
صدا خوب و بیس صدا هم مناسب با هر آهنگی برا کسی ک ب صدا زیاد حساس هستش خیلی خوبه ,88,1
خیلی شیک و جادار هست  ,96,1
   خیلی خوبه  برای دخترم خریدم دو ساله ازش استفاده می کنه صداشم در نیومده    ,60,1
بیشتر از دو ساله که از دیجی کالا این محصول رو ارزونتر از همه جا تهیه کردم و بدون هزینه برام تا طبقه پنجم آوردن بالا و غیر از ادب و متانت و روی خوش هیچی از کارگرای عزیز دیجی کالا ندیدم و هنوز که هنوزه چهره اون دوست خوش برخورد در ذهنمه  هرجا هست موفق و پیروز باشه  و اما در مورد محصول متاسفانه توقف تولید شده ولی هنوز توی بازار موجوده و به چشمم میخوره  برای خانواده زیر سه نفر بهترین گزینه ست و حرف نداره  کیفیت فوق العاده و بدون ایراد داره کار میکنه   ,100,1
من این کنسول را تازه سفارش دادم امیدوارم که خوب باشه به دوستان توسیه میکنم که اگر مانیتور یا تلوزیون با کیفیت 4K دارن تهیه کنند وگرنه همان مدل اسلیم هم برای بازی کردن کافی است و یک گلایه از دوستان دیجی کالا بنده سه روز این کنسول را سفارش دادم ولی هنوز به دستم نرسیده اگر کمی در ارسال کالا درست عمل کنند بهتر میشود با تشکر ,60,1
سی پی یو و هارد جواب کار عادی وب و آفیس و  رو میده و پردازنده از سایر مدل های سلرون و پنتیوم های دیگه بهتره  نمره بهتری تو بنچمارک داره با این قیمت سرعت خوبی داره و هنگ نمیکنه  ,80,1
من یکسال این محصول رو دارم و توی شگفت انگیز خریدم  منتظرم دوباره شگفت انگیز بشه و یکی دیگه واسه کافی شاپم بخرم ,100,1
دوستان این لپ تاپ خیلی خوبه همه چیزش خوبه ولی با این قیمت میتونید لنوو بگیرید که گرافیکش سه چهار برابر قوی تر باشه من پی اس 18 نصب کردم تو بازی لگ میزنه  من فقط به خاطر مارکش ایسوس رو خریدمش چون نمیدونستم لنوو چجوریه الان هم یجورایی پشیمونم چرا لنوو رو نخریدم  از انتخابم ناراضی نیستم ولی بهترم میتونستم بخرم ,100,2
من هتوز با خود دستگاه کار نکردم ولی این دستگاه با مدل مشابه ش که 068 از نظر رنگ و کیفیت بدنه خیلی متفاوت هست پیشنهاد میکنم 068 رو بگیرید ,60,3
این کالا امروز به دستم رسید کادو واسه روز مادر برای مامانم سفارش داده بودم وقتی روشنش کردیم یک پیاز رو در حد پلک زدن خورد کرد یعنی 2 ثانیه هم طول نکشید خیلی راضی بودم فقط موقع شستن تیغه ها مواظب باشید چون دست مامانم برید ,60,1
دسته یکمی سنگینه که بسیار خوش دست تر میشه تو استفاده  جنس و اندازه هم بسیار عالی  هم برای قابلمه بزرگ کاربردیه هم تابه  ,100,1
یکی از پارامترهایی که در مورد تصویر تلویزیون های LED بسیار با اهمیت است غلظت رنگ مشکی تصویر است که متاسفانه در این مدل غلطت رنگ مشکی پایین است   ,68,1
بیشتر شبیه طلقه تا پلاستیک  ,36,2
وسیله ی خوبیه انا فقط برای زدن علف های نازک و تازه کاربرد داره اگر علف ها و خارو خاشاک خشک شده باشن چندان به کار نمیاد پیشنهاد میکنم بنزینیس رو بخرید درسته دستگاه های بنزینی شاید روغن کاری و دردسر داشته باشن اما در عوض قوی تر هستند و سیمشون موقع کار مشکل ساز و دستوپا گیر نمیشه ممنون ,60,2
به نسبت قیمت امکانات خوبی داره  حرفه ای نیست ولی برای کارای روزمرهخوبه ,88,2
عالیه من که راضیم ,100,1
من این لپ تاپ را برای برنامه نویسی خریدم  و خیلی ازش راضی هستم  تقریبا یک سالی هست که ازش استفاده می کنم و دو سیستم عامل ویندوز 10 و ابونتو 16 04 به صورت دوال بوت به خوبی کار می کنند  فکر کنم برای حداقل 4 سال دیگه نیازهای برنامه نویسی من را بر طرف کنه  پ ن  شاید براتون جالب باشه که لپ تاپ قبلی من Thinkpad T60 بود که به مدت 8 سال برام به خوبی کار کرد  واقعا دمشون گرم   ,100,1
توجه کنید که این ماهیتابه ساخت چین است و اشتباهی که من کردم نکنید   در توضیحات درج شده کشور مبدا برند   فرانسه   و من به اشتباه با شناختی که از برند تفال داشتم فکر کردم که ساخت فرانسه است   پس از دریافت متوجه شدم که کیفیت ساخت بسیار پایین است و صد رحمت به محصولات وطنی   منظورم محصولات ایرانی نیست ولی شما از تفال انتظار بیشتری دارید   در ضمن از آن نشانگر حرارتی قرمز رنگ معروف تفال هم خبری نیست ,40,2
قسمت خورد کن به سرعت خراب شد   محل اتصال شفت مرکزی به پره ها پلاستیکی هست   انتظار یک محصول با کیفیت رو نداشته باشد ,28,3
پوشش دهی بالایی داره واقعا ولی حتماااا نیاز به کانسیلر داره فقط ,84,1
یکم بیشتر پول بدید یه چیز بهتر بخرید  ,44,3
من این محصول رو توی پیشنهاد شگفت انگیز برای مادرم خریدم واقعا عالیه و راضیه ازش کیفیت ساخت بالایی هم داره توی خریدش شکی نکنید ,80,1
کیفتیش خعلییییی خوبه کیفیت در هر دستگاهی واسم مهمه که کیفیت این دستگاه بالاست جنس استفاده شده بالا هست  و قیمتش هم که عالیی در مورد صداش هم خعلیی زیاد نیست راضی کننده هست   ,72,1
کاملاااااااااا از خرید این دستگاه راضی هستم   من یه مدل چند کاره بوش دارم که مواد آسیاب شده از دستگاه به بیرون نشت می کنه ولی این دستگاه این مشکل رو نداره   وکاملا کار راه انداز هست ,84,1
خب من حرفه ای نیستم و تخصصی در این زمینه ندارم اینو خریدم برای عکسبرداری کارهای درمانی مطب کیفیت ساخت و امکاناتش فوق العادست اصلا مشخصه چیز پدر و مادر داریه ,100,1
خیلی خوبه جنس و زیبایی و سایز خیلی خوبی داره واسه خانواده 4و5نفره عالیه ,88,1
حالت ADF موقع اسکن خیلی وقتها هنگ می کنه باید خاموش روشن بشه روی حالت پشت و رو اکثر مواقع اشتباه می کنه 20 تا کاغذ مثلا بهش بدی 15 تا اسکن می ده  البته شاید مال ما استثنا بوده ,88,3
من خریدم الان بعد 3 ماه هدش خراب شده هیچ جا گیر نمیاد شرکت گارانتی کننده هم پول یک دستگاه نو را میخواد برای تعویض هد  واقعا ناامید کننده هست ,16,3
دستگاه خیلی شیک و عالی و خوش دستی هست ولی حیف نه کیف داره نه قلم و نه نور پشت صفحه کلید ,80,1
خیلی عالیه  کلا حرف نداره  ساخت مالزی هم هستش ,88,1
با سلام اول که خریدم فنش کار نمیکرد ولی خوشبختانه با گارانتی خوبی که داره درستش کردن   لپتاپ خوبیه واسه کارای روزمره و بازی خیلی خوبه ,64,1
سلام من این محصول رو چندماهی هست که از دیجی کالا خریداری کردم  بسیار دستگاه کارآمد و خوبیه  کیفت بالای خروجی صداش هر آمپلی فایر و اسپیکری رو زنده میکنه  من اون رو با باندهای اکتیو جی بی ال هشت اینچ مچ کردم که بسیار عالی شده  اگر گاهی صدای بلوتوث گوشی از قبل زیاد بوده باشه و فراموش کرده باشم تا حد شکستن دیوار صوتی منزل پیش میره    ,76,1
چند ماهه این لپ تاپ رو خردیم و چند اشکال داره    چون صفحه کلید فارسی نیست نور پس زمینه صفحه نمیتونه برچسب های فارسی رو روشن کنه و برای فارسی مثل اینه که backlight نداره   موقع کار با نرم افزارهای ساده چند بار در روز برا چند ثانیه هنگ میکنه   در مواردی پیش اومده که وقتی میخوامبعد  از  هایبرنیت روشنش کنم  صفحه روشن نمیشه و باید دوباره با پا ر هایبرنیت کنم و دوباره روشن کنم ,52,3
حدود یک و سال و نیم میشه که از دیجی خریدم و ازش خیلی راضی ام قدرت بالا و طراحی زیبای آن از نقاط قوت آن است و بازدهی و سرعت چرخ گوشت آن هم مطلوب است و به لحاظ طراحی خاص آن بعد از استفاده به راحتی قابل باز شدن برای شستشو و تمیز کردن و به راحتی هم قابل سوار کردن می باشد صدای نسبتا زیاد آن بخاطر قدرت موتور آن می باشد و واقعا در رده خودش بی رقیب است ,64,1
باسلام وتشکرازدیجی کالا که بانظرسنجی باعث انتخاب بهتر میشود دوستان این وسیله به چرخ گوشت ناسیونال نمیخوره یکی ازدوستان بااظهارنظراشتباه باعث گمراهی دیگیران شد ,68,1
واقعا مزخرف ,60,3
پوشش خوب و سبک برای پوستای چرب ,76,1
من این امپلی و با باند کنوود 7100بستم هردوشم از دیجی کالا تهیه کردم واسه  داشتن سیستم پرقدرت  واقعا عالیه البته با ضبط پایونر ,84,1
سلام  این لپ تاپ رو چند وقت پیش از دی جی کالا خریداری کردم قبلا هم سری k داشتم خیلی خوب بود و کلی ازش کار کشیدم و هنوزم خوب کار میکنه  این لپ تاپ ارزش خرید بالایی داره کیفیت سخت افزار خیلی خوبی داره  مشکلاتی که داره صفحه نمایش هست که کیفیت متوسط داره ولی در مقایسه با برند های دیگه و هم رده هاش خیلی بهتره به نظرم دوستم ایسر داره که حدودا همین قیمت خریداری کرده کیفیت صفحه نمایشش به این نمیرسه  خیلی بی صدا هست باتری خیلی خوبی داره کلا سری k فکر کنم باتری های خوبی دارند چون لپ تاپ قبلیم هم خیلی خوب بود   برای برنامه نویسی و کارهای روزمره مناسب هست ولی چون زیاد اهل بازی کردن نیستم نظری در این باره ندارم ولی فکر نکنم در حد معمول برای کسی که گیمر نیست مشکلی پیش بیاد  خیلی ها میگن ایسوس پول برند میگیره ولی وقتی مقایسه میکنی نه از لحاظ عددی از لحاظ کیفیتی به نظرم ایسوس یه سطح بالاتر از رقیب هاش هست البته این نظر شخصی من هست و تجربه استفاده اطرافیانم و خودم از محصولات ایسوس و دیگر برند ها  از خریدم خیلی راضی هستم   موفق باشید  ,76,1
ازش استفاده کردم خیلی عالیه ,60,1
 بعد از یکسال روی تصویر لکه افتاده ,80,2
متاسفانه بخارات غذا از لبه های ظرف بیرون می ریزه و اجاق و خود ظرف بعد از استفاده بسیار کثیف می شند  اگه می دونستم ساخت چینه هرگز نمی خریدمش   گول برندش رو خوردم  الان فرستادمش شرکتی که گارانتیش رو بعهده گرفته بود شاید تعمیر بشه   اگه درست نشه ازش نمیشه استفاده کرد  ممنون از دیجی کالا ,36,2
من این سنگ فرز رو تازه گرفتم بیشتر از اون چیزیه که تو عکس نشون میده واقعا کیفیتش بالاست اگه قصد خرید دارید شک نکنید راستی فرزهای مینی دسته کوتاهی دارن ولی این دستگاه دسته بلند و کنترل عالی داره ,100,1
دوشنبه به دستم رسید راضیم ازش نسبت به پولی که براش پرداختم ,88,1
چهار ماهی میشه که از دیجی کالا خریدمش کیفیتش عالیه حتما پیشنهاد میکنم ,60,1
هنوز دستم نرسیده امیدوارم خوب باشه ,60,2
لپ تاپ خوبیه اگه  رم بالاتر میزاشتن بهتر بود  ولی  در کل  خوبه  ,60,1
این مدلو بعد از کلی تحقیق خریدم   وقتی به دستم رسید اولین چیزی که منو جذب خودش کرد سبک بودن و باریک بودن دستگاه بود که در نگاه اول انگار لبتاب 13 اینچی خریدم که منو خیلی راضی کرد   در  حاشیه صفحه نمایش به علت فشار پلاستیک قاب دور حاله نور دیده میشه که زیاد مهم نیست   در قسمتی هم نوار دور انگار کاملا به صفحه نچسبیده  صدای لبتاب موقع بازی به شدت شنیده میشه   تاچ پد تون لقی داره انگار 1 میلی متر فاصله داره   اما در کل چه از نظر زیبایی و سخت افزار منو راضی کرد   ,80,1
3 سال مثل تراکتور داره کار می کنه 1 3 خریدم اما قابلیت های یک لپ تاپ گرون الان رو داره ممنون از دی جی ,80,1
این قالب کمربندی رو سفارش دادیم ولی بعد از اینکه رسید فهمیدیم تفال چینه     حداقل این موضوع رو تو مشخصات فنی درج کنید  تا جایی که میدونم تفال برای فرانسه هست ,72,2
اصلا راضی نبودم باید مخصوص کارواش خودش باشه به کارواشه همه نمیوفته راستی به پولی که میدین ارزش نداره ,60,3
همونه که میخواستم ممنونم ازتون  دیجیکالا بهترین انتخابه ,100,1
نه تنها برای کارهای روزمره خوبه بلکه بر خلاف نظر برخی کاربران   که ظاهرآ فقط از روی مشخصات تئوری بدون تجربه ی کار با این لپتاپ گفتند حتی در پخش فیلم های HD مشکل داره   من فیلم HD رو در این لپتاپ دیدم بدون هیچ لگ و هنگ   کیفیت صفحه نمایش کیفیت صدای بلندگو ها کاملآ خوب بود   آخرین بیلد ویندوز 10 در حدود 8 دقیقه نصب شد    بعد از آپدیت ویندوز تمامی سخت افزار شناخته و درایور ها نصب شد و بدون هیچ مشکلی کار کرد   سرعت کار با این لپتاپ در حد و اندازه ی خودش بلکه بالاتر هست    نمیتوان انتظار کار با سرعت بالا در نرم افزارهای گرافیکی همچون فتوشاپ و   را داشت ولی اگر نصب کنید و عجول نباشید حتی میتوانید بصورت آرام با این نرم افزار ها هم کار کنید  ,52,1
در یک کلام عالی وبینظیر  مخصوصا برای کسانی که پوست چرب دارن وبرای هوای مرطوب وشرجی عالیه  ممنونم دیجی کالا ,100,1
عالیه ,68,1
تاخیر در ارسال پرینت ,52,3
اولین و اساسی ترین امکان یک هدفون داشتن صدای باکیفیت و خوب هست که متاسفانه این محصول هرگز کیفیت صدای قابل قبولی نداره  طراحی این محصول از شرکت فیلیپس واقعن خوب انجام شده و کیفیت بالایی داره  استفاده از اون هم خیلی راحت و سریع هست اما خروجی صدای هدفون حتا حداقل های یک هدفون معمولی رو هم نداره  با توجه به قیمت و شرکت سازنده واقعن انتظار دیگه ای داشتم که میتونم بگم کاملن ناامید شدم  بدی خرید اینترنتی این هست که نمیشه محصول رو امتحان کرد و از توانایی هاش مطلع شد  واقعن حاضرم با قیمت پایین تر از اونچه که خریدم این هدفون رو با یک محصولی که حداقل کیفیت صدای بهتری داشته باشه تعویض کنم  کاش دیجیکالا این امکان رو میداد که با ذکر دلایل و مشکلات منطقی محصول بتونیم خریدمون رو تعویض کنیم  اصلن راضی نیستم و به شما هم توصیه میکنم سمت این محصول نرید  ,52,3
خوب بود ب نظر من بزرگتر از اونی بود ک فکر میکردم ,84,2
بسیار تیز است ولی ظریف قابلیت شکنندگی تیغه چاقو وجود دارد ,72,1
واقعا کرم پودر عالیه همه چیزش خوبه ولی تن رنگش خیلی تیرس اونجوری که تو عکسه نشون نمیده یجورایی برنزس ولی در کل حرف نداره نسبت به قیمتش ,96,1
تبلت خوبی است بهتر از نمونه  سمسونگ است ,80,1
بعد از دو سال گوشیم کند شد   و ریست می شد مرتب و دیگه روشن نشد خوشبختانه از دیجی کالا خریده بودم همراه با گارانتی   و یکماه قبل از اتمام گارانتی مراجعه کردم به مدیا پردازس در عرض یکساعت برد گوشی عوض کردن و تحویلم دادن   در کل طی این مدت از عملکرد دوربین خیلی راضی بودم و سرعت و سادگی گوشی و بروزرسانی هاش ,96,2
من میخواستم هدست گلد رو بگیرم اما بخاطر بالا رفتن قیمتش اینو خریدم  روی PS3 و PS4 و PC به درستی کار میکنه  روی گوشی هم با OTG  کیفیت صدا نسبت ب قیمت عالیه و همونیه ک انتظار داشتم  جنس بدنه هم عالیه  تنها مشکلی ک من باهاش دارم اینه ک با کامپیوتر شارژ نمیشه  با شارژ گوشی سونی شارژش میکنم  ,84,1
خیلی ازش راضی ام اما ویندوز روش نصب نبود بردم بیرون نصب کردن برام کیفیتش عالی باتریش هم راحت 5 ساعت جواب میده بهم جایی ک بردم گفت لب تابتو دست هر کسی نده حرف نداره ,76,1
موز و شیر ریختم توش روشنش کردم تیغش شکست  دیگه خودتون حسابشو بکنید چقدر بی کیفیته حالا خوبه یخ ننداختم توش بردم گارانتی گفت شامل نمیشه  خلاصه اگه دنبال درد سر نمیگردین نخرین ,48,3
با سلام ب دیجی کالا و محصولات خوب و با کیفیتش پیچ گوشتی شارژی بوش رو تازه گرفتنم در یک کلام عالی و بدون ایراد فقد باطری اضافه نداره از دیجی کالا خواهشی که دارم باطری اضافه روش بزاره یا جداگانه با قیمت مناسب بفروش بزاره هرکی میخاد این محصول رو بخره شک نکنه عالیه  ,60,1
عالیه     دوام خوبی داره   پخش  یکدست و یکنواخت   فاقد چربی  غیر جوش زا   سبک   فاقد رایحه    قوطی تیوپی پلاستیکی کوچک و سبک که جا گیر نیست    برق ملایمی به پوست   پوست را شاداب نشان میده و جلوه طبیعی  رنگ شماره 30  نچرال شل naturall shell نام داره و برای پوستهایی در مایه گندمی روشن  خوبه  و تقریبا خنثی هست      یه پرده از  پنکک اینفایلبل شماره 160  لورال که بژ شنی هست  روشن تره  و   دو پرده از کرم پودر n3  کاپریس    از این دو کرم  به تظر من کیفیتش  بهتره  جلوه رنگش طبیعی تره   البته انها هم کرمای خوبین   اگر میخاین خرید اینترنتی کنید   و رنگ کرمی را نمیدونید تو گوگل رنگ را به لاتین بنویسید  نمونه هایی  از ان رنگ میاد   معمولا  البته با توجه نوع شرکت ممکنه رنگ دارای نام یکسان قدری فرق کنه یا  اگه میسر نبود با نمایندگی برند در ایران مشورت کنید  اما هیچ چیز خرید حضوری نمیشه  ,92,1
وسیله خیلی خوبی خصوصا برای پیچ گوشتی های برقی است  من در فروش شگفت انگیز به نصف قیمت خریدم و به نظرم به قیمت اصلی نمی ارزد   در هر صورت محصول خوب و با کیفیتی است و از خریدم کاملا رضایت دارم ,88,1
دوربین را با این قیمت میشه با دوربین گوشی هم مقایسه کرد  باطریش هم ضعیفه   فقط جمع و جور و کوچیکه  کلا از خرید راضی نیستم  با این کیفیت نمی ارزید  ,44,2
من لپ تاپ رو تقریبا یک ساله از دیجی خریدم امیدوارم توضیحاتم برای شما مفید باشه اول بگم کسانی مشکل وایرلس دارند با دانلود درایور از سایت HP مشکلشون حل میشه البته ویندوز 10 خودش نصب می کنه دوم مشکل داغ کردن اونایی که با این لپ تاپ بازی های سنگین و کارهای گرافیکی حرفه ای انجام میدن حتما با مشکل داغ کردن زیاد اون باخبرند من اول ویندوز 8 1 روش نصب کردم خیلی زیاد داغ نمی کرد ولی در  بعضی بازی های سنگین کمی لگ داشت البته فقط در رزولوشن 1080 1920 با استفاده از تلویزیون با نصب ویندوز 7 این مشکل حل شد ولی خیلی داغ می کرد منم جدیدترین وزژن ویندوز 10 رو دانلود و نصب کردم و اصلا داغ نمی کرد و لگم نداشت حتی در اجرای بازی های سنگین  برای گیمر  ها بگم تا الان که دارم این متنو مینویسم هیچ بازی نبوده که در اجراش مشکل داشته باشه حالا این بازی ها روی لپ تاپ اجرا کردم  GTA V HIGH TO ULTRA ASSASINS CREED SYNDICATE MEDIUM TO HIGH FARCRY 4 HIGH MAFIA3 LOW TO MEDIUM Juste cause III  HIGH TO ULTRA Rise of the Tomb Raider HIGH TO ULTRA  Need For Speed Rivals ULTRA Batman Arkham Knight MEDIUM TO HIGH watch dogs 2 LOW TO MEDIUM Ryse Son of Rome HIGH بنابراین بدون در نظر گرفتن قیمت این لپ تاپ جزو لپ تاپ های تقریبا قوی جای می گیره   ,76,1
من عاشق  عکاسی هستم اما تخصص اکادمیک ندارم  ولی این دوربین رو خریدم و واقعا راضیم  توی عکاسی تا یه حدی دوربین مهمه بقیش بسته به صلیقه و هنر عکاس   لنز خوب و فوتوشاب هست  از موقعی که خریدم همه میگن توروخدا از مام یه عکس حرفه ای بگیر و یه لحظه هم ازم جداش نمیکنم از خدمات دیجی کالا هم واقعا راضیم و یک توصیه دیگه اینکه لنز رو حتما 135 18 بگیرید که خیلی کیفیتش عالیه ,100,1
خیلی خوبه ,60,1
سلام دوستان من اینو از نمایندگى سامسونگ گرفتم خیلی گرون تر سرمون کلاه گزاشتن سر شما کلاه نره ولى تلویزیون خودش عالیه ,84,2
عالیه هم جنس هم کیفیت صدا هم بیسی که داره از هر نظر خوبه ,92,1
بسیار با کیفیت و در برابر خش و ساییدگی بسیار بسیار مقاوم از خرید این محصول بسیار بسیار راضی ام از دیجی کالا ممنونم ,96,1
رجع به بیسش که خیلی ها نظر منفی میدن من نظرم بر عکس  بیس کاملا ً طبیعی و زیبایی داره  مثل خیلی هدفونا الکی فقط تو گوشت از بیس زیاد اذیتت نمیکنه  بیس تریبل و میدش همه بالانس و عالیه   فرق بین کسی که عشق کوبیدن بیسِ و کسی که عاشق خوده موزیکه و دوس داره همه زیر و بم موزیکو بشنوه  ,92,1
چرخ گوشتهای پارس خزر از نظر خدمات پس از فروش واقعا خوبن اما دو ایراد دارن   یکی اینکه تیغه شون از نوع ستاره ای  قدیمی هست و این نوع به نسبت تیغهای فرفره ای جدید کارایی پایینی داره و زود هم کند میشه   ایراد دوم اینکه جنس مارپیچ از آلیاژ آلومینیوم بوده و شبکه شون آهنی هست که رنگ گوشت رو سیاه میکنن  چرخ گوشتهای جدید مارپیچ و شبکه استیل دارند  ,64,1
من این لپ تاپو برای استفاده روزمره و کارهای office تهیه کردم و استفاده گرافیکی یا گیم ندارم  واسه همین این مدلو که کارت گرافیکی مجزا نداره گرفتم  وقتی به دستم رسید هاردشو با یه هارد ssd سامسونگ 250 گیگ عوض کردم و رمش رو هم 4 تا اضافه کردم  بر خلاف مدلای قدیمی که بدون باز شدن میشد هارد و رم رو ارتقا داد تو این مدل حتما باید تمام پیچای پشت باز بشه  ویندوز 10 هم ریختم روش  الان فوق العاده شده  تو یه چشم بهم زدن ویندوز بالا میاد که خیلی نکته مهمی بود واسه من  از مانیتورش هم راضی بودم  هارد خودش رو هم تو یه قاب انداختم که الان تبدیل به هارد اکسترنال شده  در کل من از خریدم به نسبت پولی که پرداخت کردم خیلی راضیم  ,88,1
ما دو ساله داریم استفاده میکنیم و تاحالا مشکلی نداشته خوبه  ,76,1
کرم پودر خوبیه خعلی سبکه پوست من مختلطه و من راضی بودم بخصوص اینکه ماته و خعلی برق نمیندازه پوستو  فقط دیجی جان شما هزینه پست پیشتاز میگیرین ولی فرقی نداره با پست معمولی  ,64,1
بسیار با کیفیت و در برابر خش و ساییدگی بسیار بسیار مقاوم از خرید این محصول بسیار بسیار راضی ام از دیجی کالا ممنونم ,96,1
ظاهرش عالیه   ضخامت دیواره هاش هم خوبه ,60,1
عالیه نسبت یکم قیمتش بالاست ولی می ارزه پول بابتش بدید من خودم خریدم هم زیباست هم کیفیتش عالیه هم مقاوم هست   ,92,2
سلام من این پیچ گوشتی رو 6ماه قبل گرفتم باتریش زود خالی میشه ,84,3
گزینه خوبی هست ضمن اینکه فکس هم ارسال میکنه فقط گوشی نداره امکان اتصال وای فای  شبکه لن  یو اس بی کلی امکانات نسبتا کاربردی ,72,1
خریدم  اومد  با اینکه ارزونترینه ولی کیفیت خیلی خوبی داره و فکر نمیکنم بهتر از اینم می تونستم بگیرم  تنها مشکلش اینه که کابل برق همراش نیست  ,96,1
هدفون خوبیه و کیفیت صدای قابل توجهی داره  سنهایزر برند ریشه داری تو زمینه هدفونه و توی کیفیت جنساش شکی نیست  ولی به نظر من بهتره تو این رنج قیمت یه هدفون بی سیم بخرید  به دوستانی که قصد خرید این کالا رو دارن توصیه میکنم حتما براش یه کیف تهیه کنن چون اون قسمت لاستیکی اش به راحتی جدا میشه و ممکنه گم بشه  ,52,2
عالی  هم تیز   هم کاربرد راحت   هم خوش دست ,100,1
من این کرم رو تا حالا 3 بار از دیجی کالا خریدم و هر 3 بار ازش راضیم  صورت رو خوب پوشش میده و به هر پوستی سازگاری داره  ,76,1
در یک کلام فوق العاده است نسبت به رقیباش تو همین رنج عالیه ,96,1
ممنون دیجی جون واقعا از این خرید خیلی خیلی راضی بودیم  ,92,1
کمتر از یک ماهه که گرفتم خدایی کم نیاورده تو اجرایه بازی و نرم افزارایه سنگین بهتون توصیه میکنم امتحانش کنید عالیییه ,96,1
بسیار عالیه  واقعا خوبه ,60,1
مثل هنسفری معمولیه فقط ارگونومی خوبی داره و آز گوش نمی افته ,56,2
کیفیت تصویر بسیار بالا هست امبیلایت بسیار زیباست فقط مشکل اینه که شبکه های اچ دی صدا نداره با شکوفاالکتریک تماس گرفتم گفتن اینا بخاطر صدا سیما هست ما براتون دستگاه دیجیتال می فرستیم با اون حل میشه  منم قبول نکردم دستگاه دیجیتال بدن میخواهم تلویزیون رو برگردونم چون برندهای دیگه مشکل از بابت صدای اچ دی ندارن وگرنه از لحاظ تصویر خیلی زیباست  از نظر صدا شبکه های دیگه مشکل ندارن فقط شبکه های اچ دی به غیر از سه الباقی صدا نداره ,92,1
به نظرم در کل برای مصارف خانگی خوبه  وای فای داره و از شر سیم راحت میشی  تعویض کارتریج بسیار ساده س چاپ دو رو تغذیه خودکار در کل می ارزه ,76,1
اول از همه تشکر میکنم از دیجی کالا بخاطر برخورد خوب و پاسخگویی عالی و خدمات پس از فروشش من این لپ تاپو خریدم ولی باتریش 2ساعت بیشتر دوام نمیاورد با استفاده معمولی که مرجوع کردم و حدود 10 روزی طول کشید که تایید کردن که مشکل داره و پولو با هزینه ارسال بهم برگردوندن و برخورد و پشتیبانیشون خیلی خوب بود فقط انتقادی که میشه کرد زمانبر بودن این پروسه بود  توصیه ای که دارم اینه که حتما دوتا رسید پستی از پست بگیرید برای مرجوع کردنش چون با اینکه من یه رسیدشو براشون با کالا فرستادم ولی بازم گفتن عکسشو براشون بفرستم که خوشبختانه من دوتا رسید داشتم و براشون عکسشو فرستادم اونا هم پولشو دادن پس اگر لپ تاپتون مشکلی داشت نگران نباشید  بازهم تشکر از دیجی کالا ,60,2
ظاهرش قشنگه و به نظر خوب میاد که منم به خاطر رنگ و طرح مربیعش سفارش دادم اما تا باز کردم دیدم رنگش جوریه که شاید بعد یکی دو بار حرارت دیدن خراب بشه و کیفیت جالبی نداشت همینطور که یکی از قابلمه هاش قر شده بود و نشون میداد بدنه نازکی داره که انقد آسیب پذیره و درش هم کج و کوله بود که یه طرفشو میذاشتی طرف دیگه بیرون از محیط بالای قابلمه قرار میگرفت باقی درهاش هم چفت نبود و حرکت میکرد که باعث میشه آب غذا زودتر از حد تبخیر بشه و غذا خوب نپزه شاید تو این رنج قیمت تخفیف خورده بد نباشه  اما مدل دیگه ای از همین دیجی گرفته بودم با قیمت پایین تر و تعداد قابلمه بیشتر و کیفیت بهتر که الان یک ساله استفاده میکنیم چیزیش نشده ,48,2
اتوی خوبی به نظر میاد ولی نمیدونم چرا درجه حرارت رو که کم میکنی کلا خاموش میشه و اصلا گرم نمیشه تا موقعی که درجه رو زیاد نکنی و وقتی هم که زیاد میشه اگه پارچه نازکی باشه نابودش میکنه ,56,2
بهترین ویژگی این تبلت امنیت اطلاعات در این نوع تبلته   مایکروسافت با بکاپ و اطلاع رسانی به موقع روی ا مایکروسافت اکانت به شما کمک میکنه تا برنامه های مورد تظر رو تنظیم و اپدیت و امن کنید  قلم فوق العاده برای نوشتن و طراحی   کیبورد سبک به صورت ضربه گیر هم عمل میکنه   شارژ عالی داره  تنها ایراد علاوه بر داغ شدن نداشتن زبان فارسی در حالت تبدیل دست خط به تکس هستس ,84,1
تنها مزیتش قیمتشه خیلی آب ازش چکه میکنه و لباس خیس میشه باید دکمه بخارشو رو وسط بزاری در کل میشه باهاش کنار اومد ولی بنظرم بیشتر هزینه کنید و اتوی بهتری بخرید که سیستم ضد چکه داشته باشه ,52,2
کاسه ش پلاستیکی و حدودا 3 لیتری هست  پره های خیلی قوی نداره که البته مناسب برای همون 3 لیتری هست که در نظر گرفته شده  کم صدا هست و پایه هاش روی سطح کابینت محکم میشه ازین مدلا که پلاستیکی نرم هست و فضای هوا رو میگیره و روی سطح سفت میشه  ,56,2
لپ تاپ خوبیه من 10روز گرفتمش واقعا ازش راضیم ولی ای کاش تعدا پورت یو  اس بی بیشتر داشت کیفت تصویر وصدا عالیه پردازنده و سخت افزار قوی داره واقعا کار کردن باهاش حس خوبی به آدم میده پیشنهاد میکنم تو این رنج قیمت این لپ تاپو بگیرین  ,92,1
ماهی تابه ای هستش که زیرش فرانسوی بودنش هک شده و کیفیت بالایی داره و تنها نقطه ضعفش  وزن زیادشه ,84,1
باسلام چند ماهی میشه که دارم از این لپ تاپ استفاده میکنم وتجربه ای که کسب کرده ام را در اختیار شما قرار میدم  برای اولین موضوع باید نوع کاربری ام رو خدمتتون عارض بشم من کار های بسیار ساده ای با این لپتاپ انجام میدم که عبارتند از عمدتا وب گردی office تحقیق و کارهای بسیار ساده از قبیل اینهاکه این لپتاپ بسیار پاسخ گوی نیاز های من بودالبته تست هایی از این لپتاپ گرفتم  که نتایج بسیار درخشان بود همچنین بازی call of duty 5 رو هم روش نصب کردم که بدون هیچ گیر و مشکلی اجرا کرد  کیفیت ساخت بسیار مطلوب بوده و حس یک دستگاه باکیفیت رو بهتون القا میکنه کیفیت کیبورد و بلندگو ها هم رضایت بخش وباکیفیت تشریف دارن برای طنز داستان   در کل به عنوان جمع بندی بسیار دستگاه خوبیه و برای استفاده در منزل مناسبه و من به عنوان خریدار برای استفاده خانگی پیشنهاد میکنم  ,84,1
حرفه ای نیست  و تنظیمات صوتی منو فقط 3 تا است و حتی مثل یک پخش ماشین دارای  آپشن های مختلف و بیشتری نیست اما برای استفاده افراد خانواده خوب است ,88,1
خیلی هم عالی تجربه یک ماه کار کردن با این دوربین به من که برای استفاده روزانه و معمولی خرید کردم ثابت کرد واقعا دوربین خیلی عالی و با کیفیتی هست با اون ظاهر جمع و جور   و نکته شگفت انگیز دیگه راجب این دوربین اینکه شارژدهی دستگاه عالیه ینی من از روز اول که شارژش کردم تا الان هنوز 100  هست با اینکه استفاده نسبتا زیادی هم ازش کردم  واقعا ثبت لحظات قشنگ با این دوربین لذت بخشه مرسی از دیجیکالا بابت خدمات خوبش  ,60,1
عاااالی بود ممنون ,100,1
کیفیت دریچه بخار روی در که قابل باز و بسته شدن است پایین است  به طوری که هم لق است و هم کامل بسته نمی شود  اما کیفیت تابه قابل قبول است  ,60,2
جنس و کیفیت ساخت عالیه  در قابلمه ها استیله ک روی یکیش متاسفانه چندتا زدگی داشت   ولی انقدر نبود ک ب چشم بیاد   دستگیره ی درش ب صورت پیچی هست اگر بخواهید راه خروج هوا رو باز میگذارید  فقط امیدوارم تمیز کردنش راحت باشه  ,88,1
این مدل من خریدم بعد از چند دقیقه روشن بودن دستگاه هنگ میکنه و صفحه خاموش میشه وهیچ کانالی عوض نمیشه  بردم گارانتی با مدل  XDVB 262 تعویض کردند  ,4,3
اگر مقداری واقع بین باشیم واقعا عالیه و کیفیت شستوشوش با بعضی برندای معروف و مد بازار بهترم نباشه بدتر نیست هرچند که به نظر مادر من بهتره ,92,1
خیلی خوب است ,60,1
در یک کلام عالی از همه نظر ,100,1
بهترین دستگاه توی این رنج قیمته ,88,1
حدود 1ساله استفاده میکنم وظیفه ام دونستم بگم نظرمو  عالیه ,68,1
با سلام  نمیتونم بگم این لپ تاپ واقعا بده اما اون چیزی نیست که انتظار داشتم  ی مشکل خیلی بزرگ داره و اون این که سرعتش فوق العاده پایینه  مثلا برای باز کردن ی فایل و در زمان روشن شدن و کلا  اینقدر طول میکشه طول میکشه که ادم خسته میشه گاهی به خاطر همین موضوع هنگ هم میکنه  اما مشکل دیگری نداره  باطریش هم خوبه ,44,3
کیفیت قابل قبولی داره با توجه به قیمتش ,80,2
حدود 3 ماهه که این لپ تاپ رو از دیجی کالا گرفتم ظاهر زیبایی داره و نور قرمز پس زمینه کیبورد خیلی زیبا هستش و در شب به راحتی میشه تایپ کرد  سخت افزار قدرتمندی داره بازی های پی اس 17   بتلفیلد   کالافدیوتی ادونس  جی تی ای 5   مورتال کمبت xl   نید فور اسپید و  به راحتی و روان اجرا شدن از نظر سیستم خنک کننده چیزی از لپ تاپ های هم قیمت کم نداره تنها ایرادی که میتونم بگیرم نداشتن درایور نوری هستش  ,92,1
واقعا عالیه توی توضیحاتش زده قوری پیرکس درصورتیکه قوری چینی داره  چایی باکیفیت بالا دم میکشه وخبری از چربی روی اب نیست من این محصولو برای روز مادر گرفتم ومادرم خیلی راضی هستش درمجموع پیشنهادمیکنم اگه براتون کیفیت چایی براتون مهمه این محصولوانتخاب کنید  ,100,1
من از خریدش واقعا راضیم خداییش اصلا کم نمی آره ,100,1
همیشه از محصولات سامسونگ راضی بودم  ,100,1
درحالت 4kحرف نداره ,96,1
واقعا چن وقتیه خریدمش خیلی راضیم ارزششو داره  محشره بنظرم ,100,1
من تازه خریدم واسه خونه خیلی خوبه ساخت جمهوری چک هست سه سال هم گارانتی داره باتشکر از دیج ,88,1
خیلی عالیه عالی زیبا خوش قیمت حتما پیشنهاد میکنم ,100,1
اگر فقط برای مکالمه با موبایل و گهگاهی گوش دادن به موسیقی می خواید پیشنهاد میشه ولی در کل اصلا مناسب موسیقی نیست  در مقابل پولی که پرداخت میکنید بیس و کیفیت صدا واقعا ضعیف هست هدفون های ارزون تر یا هم رده کیفیت صدای بهتری دارن تو همین رنج کریتیو کیفیت صدای بهتر ولی کیفیت ساخت پایینتری داره تیزی صدا آزار دهندست و واقعا حس میکنم پولمو برای هدفون خوبی خرج نکردم  ,48,3
من دو روزه بدستم رسیده باهاش یه کتاب رو کپی کردم و کیفیت عالی بود و خیلی راضی هستم صدای زیادی هم نداره و از همه مهمتره فراوانی کاتریج و ارزان تمام شدن شارژ کاتریج و چاپ دورو ,84,1
سلام به همه من تا حالا محصول میان رده نخریدم و سعی کردم رده بالا داشته باشم و این محصولو دم دستی میخوام  با این حال تلاش کردم تو این بازه قیمت بهترین انتخابو انجام بدم  بعد از چند روز تحقیق به نظرم این محصول ارزش خرید بالایی داره با این قیمتش  پردازنده I5 با فرکانس قابل قبول  صفحه نمیش مات که برای من مهمه   1 ترابایت هارد دیسک  طراحی زیبا که ای کاش رنگ نقره ایش موجود بود مال من آبیه در کل علاوه بر زاویه دید صفحه نمایش دیدم دوستان از کیبوردش ایراد گرفتن که ایشالا دستم برسه نظر کلیمو میگم شاید کمکی باشه به شما که قصد خرید دارید  ,72,1
آقایونی که مثل من پوستی با چربی بسیار بالا دارن دنبال هیچ چیز دیگه نرن این خیلی عالیه امتحانش کنید من گه راضی ام نمونه اشم تو بازار نیست همین بهترین و تنها راه تمیز نگه داشتنه پوست صورت تونه حواس تون به پوست تون باشه یکی از اعضای بسیار مهمه بدنمونه ,48,2
به نظرم به قیمت اصلی گرونه   چون خیلی هم فوق العاده نیست  ,56,2
بسیار بافت سبکی داره   پوشانندگی بالا و رنگ طبیعی ,60,1
درکل لپتاب خیلی خوبیه با این قیمت سنگین ترین بازی ها و برنامه هایی مثل 3d max رو روش اجرا کردم و عالیه ,92,1
راحت   شست و شوی ساده   کارایی زیاد   مراقب باشید به سیمش فشار نیاد یا کشیده نشه زیاد   در کل راضیم   پارس خزر داشتم قبلا که نصف نه   یک سوم اینم کار نمیکرد   ,100,1
حدود 7 ماه هست که ازش استفاده میکنم  در نگاه اول طراحی ساده و ضعیفی داره و فکر میکنید بازو های چرخان گوشی زود میشکنه  اما بعد از این که چشمتون به made in Japan می افته خیالتون راحت میشه  همون جور که میدونید تکنیکس شاخه تخصصی صدا از شرکت پاناسونیک یا همون ماتسوشیتا ی قدیم هست که از سال 1960 به صورت تخصصی تجهیزات صوتی کاملا رده بالا تولید میکنه  از لحاظ ایزوله صدای محیط و بالعکس فوق العاده عمل میکنه و رنج فرکانسی بسیار عالی و دقیقی داره  وقتی به امپیلی فایر هوشمند متصلش میکنم هدفون رو به عنوان high definition audio device شناسایی میکنه که خیلی برام جالب بود چون با خیلی هدفون های دیگه امتحان کردم که هیچ کدوم رو مثل این نشناخت  سیم بلند و مقاومی داره  و روکش جک اتصال اون که هم 6 2 هست هم 3 5 طلا هستش  ,92,1
بیش از 4 سال هست که با این دوربین و مدل قدیمی ترش یعنی 650d  کار میکنم   به نظرم برای شروع عکاسی میتونه یکی از بهترین انتخابها باشه   لنز اون اگرچه لنز حرفه ای نیست اما بسیار پرکاربرده   خصوصا برای عکاسی مستند و یا خیابانی   احتمالا تفاوت کیفیت عکسش رو با دوربین های حرفه ای تر در عکاسی خیابانی  نتونید تشخیص بدید    من از این دوربین برای ساخت فیلم کوتاه هم استفاده میکنم   احتمالا برای کار مستند زیاد جالب نباشه اما برای فیلم کوتاه داستانی با توجه به وجود نورپردازی و دیگر عوامل   کیفیت کار بسیار خوب و هست    من براش یه لنز 50 ثابت با دیافراگم 1 8 هم تهیه کردم که قابلیتهای دوربین رو برای فیلمبرداری و عکاسی پرتره افزایش میده   اگه اهل عکاسی گروهی هم باشین من این دوربین رو به مشابه نیکون ترجیح میدم چرا که با توجه به گستردگی بیشتر کاربران کانن در ایران میتونید از لنزها و شارژرهای دیگر دوستانتون هم در موارد خاص بهره ببرید   البته دوربین نقاط ضعفی هم دارد مثل نداشتن صفحه نمایش دوم   یعنی شما برای تغییر دیافراگم و   مجبورید از مانیتور اصلی دوربین استفاده کنید که طبیعتا انرژی بیشتری مصرف میکند   مطلب فوق با توجه به محدوده قیمتی این دوربین نگارش گردید    ,68,1
پنج سال این گوشی رو داشتم و دیوانه وار ازش کار کشیدم  همه مدل کاری  عملا ترکوندمش  آخ نگفت  تا همین اواخر مثل ساعت کار میکرد  تا اینکه سوکتش خراب شد  اونم بخاطر بی دقتی خودم و استفاده از شارژری بود که سریش مشکل داشت  وگرنه هنوزم عالی کار میکرد  هیچوقت هنگ نکرد و توی اجرای هیچ برنامه ای کم نیاورد سرعت فوق العاده ای داشت و هر برنامه ای که نصب کردم رو خیلی روون اجرا کرد  حتی توی سنگین ترین برنامه هایی که ریختم هم هنگ نکرد   بهترین گوشی ای که توی عمرم داشتم  از همه لحاظ عالی بود  فقط یکی دو تا مشکل داشت  اول حافظه داخلی پایینش بود که به مرور یکم اذیت میکنه  چون حجم اپلیکیشن ها و بازی ها خیلی سریع داره بالا میره و به مرور دیگه این مقدار حافظه داخلی جوابگو نیست  گاهی مجبور میشدم حافظه داخلی شو بگردم ببینم چرا اینقد پر شده  اما حتی وقتی فقط صد مگ از فضای داخلیش باقی مونده بود هم سرعتش ذره ای پایین نیومد  یه مشکل دیگه دوربین سلفیشه که خیلی ضعیفه و کیفیت پایینی داره  ولی خب موقعی که این گوشی تازه توی بازار اومده بود سلفی گرفتن اینقدر مد نبود  اما دوربین پشت خیلی خوبه و تا حد زیادی ضعف دوربین سلفی رو جبران میکرد  مهمترین مساله ای که توی خرید گوشی برای من اهمیت داشت سخت افزار و کیفیت ساخت بود  اول قصد داشتم گلکسی اس تری بخرم  اگه اشتباه نکنم  که همون زمان وارد بازار شده بود  اما فروشنده اس تری نداشت و زد آر رو به من پیشنهاد کرد  و واقعا که چه پیشنهاد خوبی بود  ,92,1
قبل از خرید شک داشتم که برای پختن و کبابی کردن غذا این گریل رو بگیرم یا آون برقی بگیرم  وقتی که محصول رسیدم به دستم دیدم که واقعا ارزشش رو داشته و همون اول  بر خلاف توضیحات دفترچه  غذا رو پختم روش  واقعا خوب پخت گوشت و مغز پخت شد  برای اینکه طرح گریل روی گوشت چهارخونه بشه بعد از اینکه پخت  با کمی فشار روی لبه های پلاستیکی صفحه ی بالایی خط راه راه افتاد  بعد از این 90درجه گوشت رو چرخوندم و دوباره همین کار رو انجام دادم  و کاملا چهارخونه شد   داشتن خروجی روغن و آب غذا کنار صفحه ها یک مزیت بالاست که با ظرف جمع آوری روغن خود این گریل کامل میشه  دیگه نباید نگران این موضوع بود که روغن و آب غذا رو چجوری جمع کرد  در حدی که نیاز باشه به راحتی خارج میشه  می توان مثل یک سینی پخت هم از آن استفاده کرد و 2 صفحه را کاملا کنار هم باز کرد   یک مشکلی که وجود دارد پیشنهاد دفترچه راهنماست که گفته قبل از اولین پخت باید صفحه ها را 3 بار داغ کرد و سرد کرد و در نهایت صفحه ها را شست  بعد از این می توان استفاده کرد  ,96,1
من اینو  خریدم واقعا کیفیتش عالیه ,100,1
خیلی کاربردی و عالیه حدودا یک ساله دارم ازش استفاده میکنم کاملا راض هستم ,60,1
سلام دوستان بعد از 5 ماه استفاده همچنان عالی  بازی پی اس 2017 راحت اجرا میشه و با انتخاب سطح گرافیک پایین میتونید حداکثر تا 2 ساعت بدون شارژر بازی کنید    تمام سخت افزار دستگاه با توجه به رده قیمت کاملا عالیه   باز دهی باطری عالی  ضمنا نوع رم ddr4هست   با تشکر   ,96,1
محشره  حتما بخرید  پشیمون نمیشید  هیچ کدوم از نمایندگی های فیلیپس نداشت تا دیجیکالا موجود کرد  دمتون گرم ,92,1
من راضیم جنس نسبتا خوبی داره  ,88,1
این دسته از نظر من زیبا ترین دسته پلی استیشن 4 هستش از دیجیکالا نگرفتم کیفیت عالی ,100,2
این لپتاپ رو من به تازگى از دیجیکالا خریدارى کردم و بعد از سه روز کار با اون دارم نظرم و اعلام میکنم براى اون دسته از عزیزانى که براى خرید این لپتاپ مردد هستند  با توجه به قیمت و کیفیت و کانفیگ این لپتاپ خریدن اون رو به شدت پیشنهاد میکنم چرا که در عین سبک بودن و جم و جور بودنش میشه از اون رندر سنگین هم گرفت کاراى گرافیکى رو لنگ نمیزاره و حتى میتونید اون رو با لپتاپ هاى سبک سونى و اپل مقایسه کنید  من که از کار با اون لذت میبرم مخصوصاً تاچ پد فوق العاده ى اون که دقیقاً حس لپتاپ هاى اپل رو بهتون القا میده  ظاهر لوکس و خیره کننده اى داره و براى بیزینس عالى هستش  امیدوارم توضیحاتم مفید واقع بوده باشه  ,92,1
بسیار تیز است ولی ظریف قابلیت شکنندگی تیغه چاقو وجود دارد ,72,1
این لپ تاپ برای کار های گرافیکی و برنامه نویسی عالیه ,100,1
این لپ تاپ رو دیروز از دی جی کالا گرفتم  خیلی خوبه  همراهش هم کیف داره و هم موس و به نظرم تکمیل تر از این نمیتونه باشه   پیشنهاد میکنم تا ناموجود نشده و پیشنهاد ویژه ست بخریدش   نسبت به قیمتش خیلی خوبه   بدنه پلاستیکی هست ولی کیفیت و دوام خوبی داره ,92,1
خوب وبا کیفیت  گارانتی ,60,1
من الان نزدیک دو هفته میشه از دیجی کالا گرفتم فقط چون خودش نداشت فروشگاه دیگه را انتخاب کردم الان هرچی به دیجی زنگ میزنم میگم فاکتور نداده و گارانتی اونوقت از ساخت تولید حساب میشه میگن پیگیری میکنیم میگیم که همچنان نرسیده  پیشنها میکنم از خود دیجی کالا بگیرید  ,68,1
سلام  واقعا تو این رنج قیمت بهترین انتخابه  فضای صدا فوق العاده  بیس عالی  earphone عالی  دیجی موجودش کن چون واسه من بعد 2 سال خراب شد  ,80,1
اتوی بسیار سبک و راحتیه خیلی خیلی دوسش دارم از دیجی کالا سفارش دادم بسته بندی عالی بود رنگشو خیلی دوست دارم از عکس هم زیباتره لباسو سریع و خیلی خوب اتو میکنه ,76,1
جارو کردن بدون مزاحمت صوتی برای دیگر اعضا خانواده  کار کردن آسان و با کیفیت مکش عالی  نهایت لذت از کار ممنون از دیجی کالا بخاطر تحویل سریع و بموقع  ,96,1
من این پرینترو برای چاپ عکسای شخصی و کارای خونه گرفتم  متاسفانه بعد از کلی کلنجار رفتن و جستجو متوجه شدم که این پرینتر قابلیت چاپ روی کاغذ عکاسی رو نداره و کیفیت بسیار بدی ارائه میده انگار که رنگ شره کرده با اینحال کیفیت چاپش روی کاغذ نعمولی خیلی بالاس مورد دیگه اینکه بدلیل عدم امکان چاپ روی کاغذهایی بغیر از کاغذ معمولی  امکان چاپ بدون حاشیه روهم نداره دوستانی که پرینتر رو برای چاپ عکسهای شخصی روی کاغذ گلاسه میخوان بهتره دنبال مورد دیگه ای مثل L130 یا سری 800 باشن خیلی خوب می شد اگر دیجی کالا در توضیحات محصول می نوشت که این پرینتر برای چاپ روی کاغذ عکاسی مناسب نیس اونوقت منم پولمو هدر نمیدادم و از اول یه مدل دیگه رو میخریدم ,52,2
تجهیزات جانبی همراه تبلت باشه بهتره از جمله گلس کاور فارسی کیبورد ,92,1
من این هدفون رو همینجا خریدم  اصلا ذکر نشده که مخصوص محصولات اپل هست   اما رو جعبش نوشته  رو گوشی های مختلف تست کردم   فقط رو آیفون و HTC one M8 جواب میده   این دوتا قویترین خروجی صدا رو بین همه گوشی ها دارند  رو گوشی های دیگه قدرت صداش در حد یه هدفون ارزون  بیسش در کل طبیعیه   برای استفاده طولانی خوبه  ولی تاکید میکنم برای موزیک گوش کردن  رو گوشی های اندرویدی اصلا سراغش نرید   در کل نیاز به یک خروجی صدای قوی داره ,60,2
با سلام  نسبت به قیمتش گزینه مناسبی هست  البته من در پیشنهاد شگفت انگیز همراه با سینما خانگی مدل 930 خریدم  البته امکانات تلوزیون زیر هم خوبه و قیمتش تفاوت معناداری با این مدل ال جی نداره   Samsung 60J6850 Smart LED TV   60 Inch ,56,1
کلا تجربه شخصی بنده اینه که جنس ارزون به هیچ عنوان الکی ارزون نیست اگر دنبال کیفیت بالا هستین این محصول و پیشنهاد نمیکنم از همون اول خش خش ارومی در ضمینه ی صدا دل من و زد و از خریدم ناراضی کرد البته باید بگم تو این رنج قیمت بد نیست ولی اگر به دنبال صدای بی نقص هستین باید 3 برابر بیشتر پول بدین راه دیگری هم ندارد  ,44,3
2 سالیه ک خریدیم و هنوز در حال کار اما موتور ش ضعیف و وقتی ی مقدار پرش میکنه خیلی بهش فشار میاد طوری بود ک روزای اول ازش قطع امید کرده بودیم و احتمال میدادیم همین روزا بسوزه اما فعلآ دووم آورده اما خب مرعات میکنیم در کل بنظرم اگر ایرانیش رو بگیرید خیلی بهتره نسبت ب قیمت حداقل از این بهترن ,48,3
هدفون خیلی خوبیه صدای شفاف و تفکیک خیلی خوبی داره محدوده پاسخگویی فرکانسی کاملی داره و همه فرکانس های قابل شنیدن رو پوشش میده بیس نرم و خیلی خوبی داره  بلندی صداش برای اونایی که عادت دارن صدای اهنگ در حدی باشه که گوششون اذیت بشه راضی کننده نیست   من در تخفیف دیجی کالا گرفتم و خیلی ارزون تر از سایت امازون بود ,96,1
در مورد این لپ تاپ باید بگم فقط 1پورت USB2 داره و 3تا هم USB3 دیگه اینکه هرچند جنس بدنه مات هست ولی اثر دست روی لب تاب میمونه  باتری برای من تحت استفاده مداوم و شدید  نصب نرم افزارها و کپی دیتاها و گوش کردن آهنگ و    حدود 2ساعت جواب داد  از نظر گرم شدن و صدای فن هم در مقایسه با بقیه لب تاب ها بهتره  تو این رده قیمتی به نظر من مناسب ترینه و تمام هزینه ای که میکنین برای قدرت کارایی اون هستش ظاهرش هم خوبه ولی کیفیت ساختش کمی پایینه ولی در عوض نسبت به پولی که میدین بالاترین عملکرد رو داره  همونطور که دوستان هم اشاره کردن درایور هاشو باید از سایت lenovo بگیرین همین الان هم بگم که حجم بعضی درایور هاش ممکنه 300تا 500مگ هم برسه  گرافیک مثلا  و تعدادی نرم افزار های کمکی دیگه هم هست  بخش دوم  الان که دارم بخش دوم رو مینویسم حدود1سال از زمان خریدم گذشته و طی این مدت هم تجربیاتی رو داشتم که بهتر دیدم با شماها هم در میون بذارم اول اینکه بعد از مدتی حدود7 8ماه usb3 لپ تاپ از کار افتاد و هر کاری هم کردم از جمله تعویض ویندوز و آپدیت درایور ها و غیره هم فایده ای نداشت احتمالا مشکل سخت افزاریه ولی usb2 همچنان نصفه نیمه کار میکنه دوم مشکل هارد دستگاهه که بعد از یه مدت کار نه خیلی سنگین کلا هنگ میکنه و فریز میشه و گه گاه صداهای جیر جیر میده از خودش و سوم اینکه جدیدا حدود 3ماه پیش دوربین وبکمش هم از کار افتاد و تصویر کاملا گنگ با رنگ های پخش نشون میده که نتونستم بفهمم چشه و باز هم با تعویض ویندوز و درایورها و آپدیت کردنشون هم درست نشد در حال حاضر نمیتونم برای خریدش به شما توصیه ای داشته باشم به هرحال خرابی هم برای وسیلست دیگه و ممکنه فقط این تجربیات برای من پیش اومده باشه و سایر دوستان راضی باشن ازش  دیگه تصمیم گیری و قضاوت با توجه به نظرات و گفته های همه دوستان با خودتون ,92,2
سلام دوستان  الان چند روزه این توستر به دستم رسیده   نون رو داخلش تست کردم فوق العاده شد  بسیار شیک و جمع و جوره  مهم تر از همه اینکه پایه نگهدارنده نان های حجیم داره که خیلی به کار میاد   حتما پیشنهاد میکنم  مرسی دیجی جان ,0,1
راضیم ازش قبلا mx375 سنهایزر داشتم که برا اونم کامنت گذاشتم بخوام مقایسه کنم کیفیت ساخت اون فوق العاده بهتره اما کیفیت صداشون حدوداً مثل همه ولی کیفیت این تو حداکثر صدا یکم بهتره ولی هر هدفونی که میخرین jetAudio رو نصب کنین و تنظیمات مناسب همون هدفون رو استفاده کنین ,56,1
واقعا عالی   بوی خوبی داره   تمیز کنندگی چشم گیری داره   چربی پوست رو کم میکنه   تو اولین استفاده به وضوح تفاوتش مشخصه ,88,1
من از این مته ها استفاده کردم براى سنگ دیوار حرف نداره حتى استیل رو هم سوراخ میکنه ,88,1
این همزن را هفته پیش گرفتم  ساخت اسلوونى است و کیفت ساخت با توجه به قیمت قابل قبول است  بسیار خوش رنگ و بامزه است  که بهتر است در کابینت نرود  چون نماى آشپزخانه رو زیبا میکند  ,96,1
عالیه  این بهترین چیزی بوده که تا به حال از اینجا خریدم واقعا عالیه   من از خریدم راضیم ,60,1
کیفیت خیلی خوب  ,100,1
با محصولی با کیفیت و دقت منتاژ بالایی روبرو هستیم  کیفیت بسته بندی   ساخت و مونتاژ بسیار خوب و بی نقص است   طراحی ظاهری و کیفیت فلز بکار رفته تو این یخچال   بدون تردید از رقبای بازار شکیلتر و بهتره  ایده سرمایش فلزی هم که مختص سامسونگه بسیار ایده جالب و در عین حال ساده ایه   با تحقیق و بررسی کامل برندها و مدلهای رقیب  بلاخره رومانو رو انتخاب کردم و الان کاملا از خریدم راضی ام    در اخر هم لازمه اشاره کنم این یخچال ساخت کره جنوبیست  انتخاب خوبی داشته باشید  ,100,1
یعنی از همه نظر بجز ارتباط بی سیم و چاپ پشت و رو هیچ مشکلی نداره کیفیت ساختم 5 ولی نمی دونم نمیره بیش تر از 4 ,96,1
سلام دوستان  من بعد کلی تحقیقی که کردم   متوجه شدم که cpu به کار رفته داخل این لپ تاپ نسبت به نسل قبل خودش یعنی 7200 خیلی قدرتمنده  59 درصد قویتر  و در ازمایشات 6گانه از i7 7500u نیز بالاتر بوده بجز یک مرحله و cpu نسل8 اینتل با 4 هسته فیزیکی و 8 هسته مجازی منتشز میشوند و این خیلی بهتر نسل قبل است و بنظر من این لپ تاپ را با رم 4 تهیه کنید و در صورت نیاز  با مراجعه به نمایندگی سازگار   اقدام به ارتقاع رم لپ تاپ کنید  فکر نکنم تا چند ماه اول نیازی باشه  درصورت تعویض رم توست نمایندگی سازگار    گارانتی باطل نمیشود ,96,1
من سیزدهم ماه پیش یه کامنت گذاشتم و نظرمو بعد از یه روز استفاده گفتم  حالا می خوام نظرمو بعد از تقریبن یه ماه و نیم استفاده بگم  عاقا نخرید  نخرید  نخرید  واقعن دردسرداره  دستگاه فوق العاده لوس و بدقلقی هستش  برا لود کاغذ چه A4 و چه A3 تو کاستش باید یه ساعت باهاش کلنجار بری واقعن نمیشه   بعضی وقتا اونقدر کلافه میشید که کلن بی خیال پرینت گرفتن میشید  از بالا هم که باید یه دونه یه دونه لود کنی وگرنه لطف میکنه و همه کاغذارو باهم میکشه داخل  کیفیت چاپش با جوهرهای اصلیش خوب بود اما بعدش که از جوهر های MEVA استفاده کردم  کیفیتش افتضاح شد  اصلن عادم روش نمیشه برگه پرینت شده رو بده دست مشتری  هر بار که هد کلین میزنی باید قشنگ 5 دقه وایستی به دستگاه نگا کنی تا کارش تموم شه  وسط پرینت تصویر مخصوصن A3 ارور کارتریج میده و لطف میکنه کاغذو نصفه پس میده بیرون و باید کارتریجارو در بیاری دوباره جا بزنی بعدش یه کاغذ A3 گلاسه دیگه بزاری تا شاید این بار فرجی بشه و کامل پرینت بگیره  خلاصه هرچی از بدی این دستگاه بگم کم گفتم   من واااااقعن از خرید خودم پشیمونم  ای کاش راهی داشت این دستگاه رو میدادم و یه دستگاه A3 زن لیزری می گرفتم   گول قیمت پایینشو خوردم  شما گول قیمتشو نخورید  یه چیزی بخرید که بتونید ازش استفاده کنید  این که تا حالا فقط برا من ضرر بوده و بس  راستی اون امتیازی که بالا خورده امتیازی نیست که من به محصول دادم  هرکاری کردم نتونستم تغییرشون بدم وگرنه همه رو میزاشتم رو یک     ,76,1
صدای هاردش خیلی زیاده ,60,3
نه تبلته که صفحه بزرگی داشته باشه نه موبایله که راحت حمل بشه به جای هیچ کدوم نمیشه استفاده کرد مجبوری برای تماس ها از هندزفری استفاده کنی چون نمیفهمی طرف مقابل داره چی میگه بعد از یک سال وقتی با دکمه صدا رو میخوام زیاد کنم یهو صدا خیلی زیاد میشه بعضی وقتها صفحه رمز که نشون داده میشه هنگه باید یه بار صفحه خاموش و روشن بشه   همزمانی صدا و تصویر ویدوئوها بعد از یه مدت به هم خورد توی بالا و پایین کردن صفحات گاهی پرش می بینم ,44,3
خیلی عالیه و کاملا راضی هستم از خریدش ,96,1
من رنگ سبز رو خریدم فکر میکردم قسمت رنگیش براق باشه ولی نیست حالت مات هست با این حال به نظرم هم زیباست هم جنس استیلش به نظر خیلی خوبه حالا باید استفاده بشه ببینیم چطوره  ,80,1
هدفون بسیار خوبی هستش ولی ارزش خرید در مقابل قیمتی که داره خیلی ضعیفه با کارت صوتی معمولی یا گوشی و لپ تاپ معمولی صدایی که پخش میشه در حد هدفون ارزون هم نیست و لازمه تقویت کننده استفاده کنین به خاطر آمپدانس بالایی که داره در کل اگر مشکلی از بابت قیمت ندارین گزینه مناسبی هست بنظر بنده ,68,1
خیلی خوبه و کار راه اندازه ,84,1
سلام دوستان حتما پیشنهاد میکنم بگیرید  ,100,1
به نسبت قیمت و کارایی اون عالیه ,92,1
یه دونه از این گوشی برای یکی از بستگانم سفارش دادم تو این رنج قیمت گوشی خوبی هست ,64,1
به هیچ عنوان ارزش خرید نداره  بیش از یک فصل کار نکرد روی حالت گردشی عمل نکرد و خراب شد  ,36,3
موبایل را خریدم   راحت هک میشه   اس ام اس دادن باهاش زجر آوره   لیست بلک لیست تماس و بلک لیست پیامش کمه   تعداد فولدر های پیام کم است   یکی چند بار با هک کردن موبایلم با لیست کانتکت های من تماس گرفته   یک بار هم گوشی روی میز بود که هکر با گوشی به کانتکت من زنگ زده و قطع کرده   یک بار هم ساعت 2 نصفه شب طرف موبایلم را هک کرده و به کانتکت من زنگ زده چند بار    لطفا فقط موبایلی که محافظت داره و نمیشه راحت هکش کرد بیارین   این بلا سر گوشی اچ تی سی چاچا هم برایم پیش اومده است   ,60,3
از نظر من بهترین ظرف برای استفاده در فر هستش من مدتی هست دارمش و خیلی راضیم ,100,1
با سلام  من این کالارو خریدم و خیلی ازش راضیم  هم قیمت مناسب داره و هم کیفیت و طراحی عالی  پیشنهاد میکنم بخرید  ممنون دیجی کالا ,88,1
محصولات بوش اکثرا عالی هستن   من خودم بعد نزدیک 2 ماه کارکردن کاملا راضی هستم و اینکه خیلی گرونتر خریدم الان که پیشنهاد ویژه هست خیلی ارزش خرید داره  کار کرد دستگاه خوب   کم صدا   سرعت بالای تیغه ها و ریز کردن اسپرسو تا حد قابل قبول  فقط اینکه برای اسپرسو کم ریز شده اصلاحا خشن 20ثانیه و برای اسپرسو نرم 25 وحداکثر 30 ثانیه  دستگاه رو سرعت کم  زدن و ایستادن کوتاه مثلا 3 تا 5 ثانیه  و دفعات مکرر اصلا استفاده نکنید  حداکثر 3 بار استفاده پشت سر هم بعد 1 ساعت خاموش  این دستگاه برای سفارش اسلوونی هست و احساس خوبی به آدم میده  از دیجی برای کیفیت و سرعتش ممنونم  ,76,1
در کل خیلی خوبه ,84,1
یک لپ تاپ بسیار ضعیف فقط رام 16 داره همین دیگه بدرد نمیخوره  واسه بازی هم که جونش درمیاد ,84,3
درباره دستگاه واقعا همه چی تمومه البته هنوز به دستم نرسیده و لی تحقیقاتی که انجام دادم فهمیدم جزو بهترینهاست اما دوستان بنده امروز یعنی تاریخ 1396 10 18 قرار بوده بین ساعت 8 صبح تا 15 بعدازظهر برسه بهم تا ساعت 15 صبر کردم دیدم خبری نشده زنگ زدم خیلی راحت میگن ساعت 19 غروب بهتون تحویل میشه پیگیر شدم شکایتم رو مطرح کنم میگه دوستان ما پاسخ نمیدن ایمیل بزنید بهمون خلاصه که انگار نه انگار قبلن واقعا دیجی کالا منظم بود ولی متاسفانه الان یک درصدم به تعهداتش پایبند نیست بعد میگن چرا تجارت الکترونیک رونق نمی گیره این که دیجی کالاست اینه وای به حال تازه کاراش واقعا متاسفم ,60,1
من سه ماه هس خریدم فقط بدرد فیلم نگاه کردن و اینترنت گردی میخوره  اصلا نخرید دوستان ,28,3
با سلام  من از اول گوشی های ال جی خریدم از الجی آرنا با سیستم جاوا تا g2 و الان هم g6 دارم واقعا ال جی رو دوست دارم و همچنین نو آوری های این شرکت    هر کاری ال جی میکنه دیگر برندها بلاخره همون کار رو انجام میدن جی 6 خیلی گوشی خوش ساخت و خوش دسته وقتی اون تو دست میگیری نسبت به دیگر گوشی ها متوجه حرفم میشید  دوربین واید عقب گوشی عالیه جوری که دوربین های دیگه یه جورایی بی استفاده به نظر میرسه  دوربین سلفیش شاید به زیبایی سامسوگ یا هوواوی عکس نگیره ولی بازم لنز وایدش کاربردیه  به نظر من در خرید این گوشی شک نکنید  ,88,1
سلام من دوسال که دارم و از همین دیجی کالا خریدم من برای سبکی و قلم خریدم و خیلی با کارم اومد با اون قیمت ولی الان یه لب تاب دگ هم خریدم که کارای سنگین رو با اون انجام بدم همونطور که میدونید کارت گرافیک مجزا نداره و مطمئن بازی سنگین یا رندر گیری نمی تونید انجام بدید ولی با وضع فعلی ارز اصلا ارزش خرید نداره نسبت به قیمتش ,76,3
من این ماهیتابه رو از دیجی کالا خریداری کردم  البته هنوز فرصت نشده ازش استفاده کنم  اما نکته ای که در مورد سایز تابه ها میخواستم نظر عزیزان رو بهش جلب کنم اینه که وقتی میگه سایز 20 منظور قطر دهنه تابه هست و نه قطر کف اون     نوشتن این مطلب رو به خودم لازم دونستم چون خیلی از دوستانمون در مورد سایز تابه دچار اشتباه میشن و بعد از تحویل گرفتن سفارششون از خریدشون و اندازه اون راضی نیستن  ,92,1
این ماکرو ویو 2 روزه که به دستم رسیده  همون اول که جعبه رو باز کردم سوپرایز شدم   چون واقعاً زیباست   یعنی از عکسایی که تو سایت گذاشتن خیلی قشنگتره   مثل بقیه ماکروویوها دکمه های قابل فشار نداره و همه دکمه ها تاچ هستن و این علاوه بر زیبایی و سهولت استفاده ظاهر دستگاه رو خیلی مدرن کرده   روی درب دستگاه هیچ برجسته گی وجود نداره و این باعث میشه که خیلی راحت بتونید تمیزش کنید   خلاصه به هرکی میخاد بخره توصیه میکنم تو خریدش شک نکنه چون واقعاً عالیه ,88,1
بسیار سایز مناسبی واسه آپارتمان داره  لطفا موجودش کنید ,80,1
از تمام موارد این لبتاپ فوق العاده مانند سایر لب تاپ هام که همه ی آنها اچ پی هستند راضی هستم   حدو د  یک ماهه دارم استفاده میکنم بجز داغ شدن بالا هیچ موردی نداره ,80,1
سلام  من این لپ تاپ بیشتر از 3 ماه هست که خریدم و  واقعا راضی هستم  امکانات سخت افزاریش که مشخص هست مثل رم  کارت گرافیک  هارد و   اما چیزی که مهمه هماهنگ بودن سخت افزارها با هم هست  من توی این چند ماه هیچ مشکلی با این لپ تاپ نداشتم و هیچ مورد اذیت کننده ای نداشته که بگم پولمو دور ریختم  سرعت بالا اومدن ویندوز و نرم افزاراش خیلی خوبه و برای من که یه مقدار عجول هستم و نرم افزاری اگه دیر بیاد بالا عصبی میشم خوب بوده  کیفیت صداش هم خیلی خوبه و لذت بخشه  کیفیت صفحه نمایشش واقعا عالیه   این رو در مقایسه با چند لپ تاپ دیگه میگم  واقعا صفحه نمایشش وضوح خیلی خوبی داره  فقط باطریش اگر یه مقدار بیشتر نگه میداشت بهتر بود  الان حدود 3 ساعت به صورت مداوم کار میکنه  در مجموع خریدن این محصول رو پیشنهاد میکنم  ,84,1
عالیه و هیچ مشکلی باهاش ندارم ,100,1
خیلی خوب اتو میکنه من که خیلی راضی ام  در خریدش شک نکنید   ,100,1
روی گلاسه پرینت می گیره ولی کیفیت جالبی نداره  بهتره روی کاغذ مات پرینت بگیرید  لطفا باز هم موجود کنید  ,84,1
با سلام   من چند هفته هست که از این توستر استفاده میکنم  از نظر کیفیت ساخت و کارآیی عالی هست  من سنگک و ببری هم با درجه 2 تست کردم  البته فریز شده  نتیجه عالی بود اصلا مایکروویو نمیتونه کار توستر رو انجام بده  نون تست هم که فوق العاده میشه  خرید این توستر رو پیشنهاد میکنم  موفق باشید  با تشکر از دیجی کالا ,60,1
در کل محصول خیلی خوبیه  فقط من با وجود این که پوست چرب دارم  بعد از استفاده روی چشمام حتما باید سریعا روغن بزنم وگرنه میسوزه  ,96,1
سلام نتیجه چند ماه مصرف این لپ تاپ رو براتون بطور خلاصه میگم    در حال حاضر  با ویندوز 10 تست شد است     کیبورد گاهی عمل نمیکند و مناسب کد نویسی و تایپ نیست  اگه در این دسته از ادم ها هستین کلا این لپ تاپ رو خط قرمز بزنین و دنبال یه لپ تاپ دیگ باشین  صفحه لمسی خیلی عالی کار میکنه  توقسمت تاچ پد مشکلی ندیدم  روش فقط بازی PES2016 نصب کردم ک مشکلی در اجرا نداشت و کار با برنامه های اتوکد و فتوشاپ بدون لگ اجرا میکنه صدای بلندگو هاش بلند هستن ک خیلی جوابگو هست نسبت ب بقیه لپ تاپ ها باتری با استفاده زیاد زودتر خالی میکنه ک میتونست باتری با درصد شارژدهی بالا بزارن جمع بندی  از پس برنامه های کاربردی ک من استفاده ردم اومده ولی بیشتر کیبردش اذیت میکنه ک گاهی عمل نمیکنه ک برای من بیشتر تایپ میکنم یه ضعف حساب میه ولی اگه زیاد اهل تایپ نیسین و نقاط ضعفیی ک براتون گفتم مهم نیس پیشنهاد میکنم بخرین  ,72,2
به نظر من همه هدیونت ها اگه درست تنظیم بشند و درست با بقیه اجزا سیستم مچ بشند میتونند بهترین بازدهی رو داشته باشند همینطور موقعیت باندها تیوترها وساب و مچ بودنشون هم مهمه من دیدم طرف از هدیونیت و باندها و امپ چینی استفاده کرده بازدهیش بیشتر از اون سیستمی بوده که از وسایل کلاس اروپایی استفاده کرده الکی تعصب آلپاین و فوکال و هرتز رو نکشید البته عالی اند ولی پایونییر و سونی وکنوود هم نیازتون براورده میکنه حتی بهتر تو کلاس این مدل پخشها که آمپ داخلی دارند علاوه براین مدل سونی یه مدل پایونیری هم داریم 4850fd که اونم امپ داخلی داره البته امکانات اینو نداره ولی قیمتش خیلی پایینتره این دو پخش برا آدمای هوشمند طراحی شده میتونید دوتا میدرنج سبک مثل چند مدلsp که دیجی هم داره  یا یه جفت باند بیضی رو به هدیونیت مستقیم وصل کنید یه آمپ درجه یک دو کانال هم بگیرید وصل کنید به ساب با هزینه سیستمهای چینی یه سیستم کیفیتی دارید با نصف قیمت البته برند خوب دنبال mbتو سطح پایین و الپاین گرون قیمت نباشید  ,96,1
من یک سال است که از این اتو استفاده میکنم  بهترین بخار دهی در بین تمامی مدل های دیگر در این سبک از اتوها را دارد  چروک ها را به خوبی بر طرف میکند سیستم تنظیم بخار و حرارت هوشمند هم به خوبی کار میکند موتور مخصوص بخار دهی دارد که باعث تولید بخار بیشتر می شود هرچند صدای زیادی هم تولید میکند به سرعت خیلی زیادی داغ شده و برای اتو زدن اماده می شود ,100,1
اولا که رنگ این محصول صورتی رنگ نیست و بژ محسوب میشه و روی خود محصولم درج شده   نه خیلی روشنه نه تیره و برای پوست های گندمی مناسبه   این محصول اصلا برای پوست های چرب با منافذ باز مناسب نیست و منافذ رو واضح تر و برجسته تر نشون میده    خاصیت لیفت نداره و بعد یه مدت روی پوست صورت به اصطلاح میماسه  پوشش دهندگیش بد نیست ولی بازم جلوه ی مناسبی نداره حداقل برای پوست من  البته شاید اگه نسبت به قیمتش بهش نگاه شه انتخاب خوبی باشه نمیشه انتظار یه کرم پودر دویست هزار تومانیو ازش داشت ولی در صورتی که میخواین بخرینش یک کرم لیفت زیرسازی خوب همراه باهاش تهیه کنید   ,44,2
حرارتی که تولید می کند در حد سشوار است  یعنی مثل این میمونه که با سشوار بخواهید اتاقتون رو گرم کنید  شماره نمایندگی پشت کارت گارانتی هم که گرفتم فقط تلفن گویا جواب داد و بعد هم فقط میگفت  شما اولین نفر در صف هستید و به زودی به اولین داخلی آزاد متصل میشوید  از اینکه صبورانه منتظرید مچکریم و آهنگ تا یکی دو دقیقه بعد و دوباره تکرار  شما اولین   شاید ده دقیقه یا بیشتر منتظر شدم و آخر قطع کردم  طرفدار خرید کالای ایرانی هستم اما باید خدماتشون بهتر بشه  ,72,2
باید در ویژگیهای محصول ذکر میکردین که این کارد مخصوص چپ دستهاست   برای چپ دستها یک کارد خوب و تیز محسوب میشه  ولی برای راست دست ها اصلا کار نمیکنه    و اشکال در واقع توضیح ندادن شماست نه محصول ,60,3
من در اولین باری که از آسیاب این دستگاه استفاده میکردم دیدم که جای تیغ اون ذوب شد ظروف این دستگاه مقاوتی ندارند و بیکیفیتند ,28,3
من این دریل رو تو پیشنهاد شگفت انگیز خریدم و از اون راضی هستم  هنگام خرید در توضیحات وزن دستگاه رو 3 کیلوگرم نوشته بود که کمی نگرانم می کرد ولی زمانی که دریل به دستم رسید خودم اون رو وزن کردم که بین 1 7 تا 1 8 کیلوگرم بود که کاملاً برای این محصول قابل قبول هست تا حالا فقط برای سوراخکاری دیوار بتینی ازش استفاده کردم که بسیار راضی کننده بود  ,96,1
من 2 3 سالی هست که دارمش ولی تاحالا مشکلی نداشتم خوشبختانه  جنسش به نظرم بد نبوده اصلا  ابعادش خیلی بزرگتر از چیزی بود که انتظار داشتم اما در کل راضیم ازش  ,84,1
هرز گرد دارد کنترل سرعت دارد تنظیم قدرت گشتاور دارد قدرت بسیار عالی ,100,1
در هنگام استفاده از مولتی اسکرین برای کار با اینترنت و تماشای همزمان تلویزیون به محض کلیک کردن صدای تلویزیون قطع میشه در هنگام استفاده از هدفون به محض استفاده از دکمه افزایش صدا  صدا از اسپکر خود تلویزیون پخش میشه که برای دیگران آزار دهنده است به محض اتصال به اینترنت در حدود 2 گیگ اینترنت مصرف میکنه با وجود خاموش کردن تمام آپدیتها که این مورد حداقل هر چند روز یک بار تکرار میشه ,72,3
این لپتاپ از هر نظر که فکرش رو بکنید شما رو راضی نگه خواهد داشت  از لحاظ ظاهر هم باید بگم فوق العاده چشم نواز و زیباست  ,96,1
واقعا عالیه ,60,1
این دومین تجربه من از خرید لپ تاپ اچ پی بود که واقعا فوق العاده راضیم به نسبت بقیه برند ها و قیمت این محصول ارزش خرید بالایی داره تمام درایورها رو از سایت اچ چی بگیرید  اجرای بازی pes16  با کیفیت بالا و نرم افزارهای سنگین مشکلی نداره ,88,1
 بعد از یکسال روی تصویر لکه افتاده ,80,2
برای شروع عکاسی بسیار عالیه ,72,1
با سلام خدمت دوستان  من این لپتاپ رو یک هفته هست که از دیجیکالا خریدم  اول تصمیم داشتم یک لپتاپ کور 7 با رم و گرافیک بالا بگیرم اما تصمیم عوض شد چون دیدم نه قراره باهاش بازی کنم نه طراحی یا کار سنگین دیگه ای  برای همین تصمیم گرفتم تو لپتاپ های کور 5 یک لپتاپ انتخاب کنم  لپتاپ با این مشخصات زیاد هست با برند های مختلف ولی تصمیم داشتم هزینه کمی بکنم برای همین این مدل رو خریداری کردم  اگر برای کار های عادی نیاز ب لپتاپ دارید تموم نیاز های های شما رو پاسخ میده و بازی های سنگین رو هم با رزولوشن پایین بالا میاره  ب نظرم صفحش اگر اچ دی بود بهتر بود  بلند گوهای خوبی داره و کیبوردش هم کیبور ساده و مناسبی هست  اگر تو این رنج قیمت دنبال کور 5 هستید انتخاب خوبی هست  ب نظر مه برای کسی که فقط کارای روزمره قرار انجام بده همین رنج قیمت و امکانات تا 10 سال دیگه هم کافی خواهد بود  ,80,1
سیم جمع کن و اسپری آب با وجود اینکه در مشخصات  درج شده  و من با بقیه مدل های موجود بررسی کردم و نسبت به قیمت خریدم اما دو مشخصه رو وقتی دستم رسید متوجه شدم نداره ,92,1
بسیار عالی و با کیفیت هست  قطعات خیلی خوب و محکمی داره  علاوه بر اون قدرت دستگاه بالاس و ظاهر شیکی داره  من از خریدم خیلی راضیم  ,100,1
قبل این رونیکس داشتم که چکشی نبود و زود خراب شد اما این دریل واقعا عالیه تو شگفت انگیز خریدم و باید بگم واقعا می ارزه ,60,1
راضی هستم اما چینی است فک میکردم اصل ,64,1
وقتی داشتم این محصول رو میخردیم تو قسمت سایر مشخصات نوشته بود عملکرد هدفون ممکن است در برخی از دستگاه ها محدود باشد  و هیچ توضیح دیگه ای ننوشته بودن که حداقل مدل هایی که ساپورت میشن رو دقیق و کامل بنویسن و دو سه مدل از خود گوشی های سونی رو ذکر کرده بود که این مدلها ساپور میشن  وقتی هدفونی با این قیمت خریداری میکنید قاعدتا انتظار دارید همه نقاط ضعف و قوتش رو بدونید و بدونید که آیا روی دستگاهتون کار میکنه یا نه ولی متاسفانه فقط به طور کلی ذکر شده که رو بعضی دستگاه ها ممکنه کار نکنه و این دیگه به شانس شما بستگی داره که اگر خریدید و به گوشیتون نخورد ینی پولتون رو عملا دور ریختین چون حتی وقتی زنگ زدم که تعویض کنم به من گفتن چون چسب کنار جعبه باز شده نمیتونید تعویض کنید و متاسفیم  ,12,3
من این لپ تاپو  چند هفته ای میشه از دی جی خریدم  نمیدونم چرا بعضی از دوستان موقع نظر دادن همه چیز رو به یه چشم نگاه می کنن مثلا ملاکشون فقط اجرای فلان باز ی هست  خوب معلومه که این لپ تاپ برا ی بازی کردن اصلا ساخته نشده یا همین طور برای اجرای نرم افزار های سنگین  این لپ تاپ برای استفاده روزمره واقعا عالیه کیبورد و موسش خیلی خوبه و  تایپ کردن باهاش حس خوبی داره صداش باکیفیته و بلندی خوبی هم داره صفحه نمایش عالیه به نظرم زود شارژ میشه و زمان شارژ دهیش هم قابل قبوله  در کل برای اون دسته از عزیزانی که دنبال یه لپ تاپ خوب و به صرفه برای کارهای روتین و روزمره میگردن اتنخاب خیلی خوبیه من حتی از روی کنجکاوی PHPStorm 2017 هم روش نصب کردم و یه مدت باهاش کار کردم بدون هیچ مشکلی   حلا اگه یه نفر بیاد این لپ تاپ رو با اجرای بازی امتحان کنه  این که هیچ چند مدل از این بالاترش هم جواب نمیده در کل بهتره که مقایسه ها و تست ها متناسب با اون کالا باشه   ,76,1
گاهی تاچ پد کلیک رو بار اول نمیگیره و این که جای دکمه ها یکم جا به جا هستن که البته من بالاخره پیداشون کردم و باید عادت کنم دیگه  البته سرچ کردم در BIOS ظاهرا میشه تغییرات ایجاد کرد اما من انجام ندادم  ,80,1
با سلام  بنده دو سال و اندی پیش این پرینترو خریدم  نیمی از هزینه ی خریدش از خودش در  اومده و کارتریجش هنوز تموم نشده  با توجه به این قیمت امکاناتش واقعا فوق العاده س  به خصوص من که با لپ تاپ و گوشی در هر جای خونه به صورت وایرلس کانکت می شم   ,92,1
عاااالیه و اینکه چراغ ال ای دی و نمایشگر میزان شارژ و حالت چکش هم داره که توی مشخصات ثبت نشده  اضافه کنید لطفن ,96,1
دستگاه بسیار زیباییه  خیلی سبک و نازکه   باطریش واقعاً عالیه  بسته به حجم کاری که ازش میکشید گاهاً تا 19 ساعت هم میتونه جواب بده   ولی متاسفانه تو وبگردی هنگ میکنه  که بعداً با یه سرچ کوچیک تو گوگل دیدم که این مشکل خیلیها تو کشورهای دیگه با این کروم بوکه   یعنی یه هنگ  freezing  سی ثانیه ای و بعدشم ری استارت  از اونجایی هم که هاردش 16 گیگه  حتماً نیاز به اتصال هارد و فلش خواهید داشت که متاسفانه اونجا هم کندیش غافلگیرتون میکنه  البته امیدوارم فقط مال من اینجوری باشه و بقیه دستگاهها سالم باشن  ,48,2
ساعت ها برای خریدن این دوربین تحقیق کردم  به طور خلاصه اگه بخوام بگم میتونم بگم  بین دوربین های نیمه حرفه ای یکی  از بهترین هاست  قیمت های عجیب و غریب زیادی از بازار شنیدم اما به خاطر اطمینان از سلامت محصول از دیجی کالا خریدار ی کردم    ,100,1
عالیه دیجی  اما اگه مارک و نو ابزارهارو افزایش بدی فوقالعاده میشه خواهش میکنم ابزار اینهل و دیوالت ومتابو  AEG المان رو هم به لیست برند هاتون اضافه کنید همچنین از ابزارهای ارزون قیمت و خوب مثل CROWN   DCA  محک SAFIR  P M  تو همه ابزار ها رو بیارید   واقعا عالیه فکر نمیکردم یه روز دیجی کالا ابزار هم بیاره ممنون  ,60,1
چند ماه پیش گرفتم ولی دیروز برا اولین بار میشه گفت استفاده کردم و باهاش1000 متر زمین تو شمالو  صاف کردم   دستگاه خیلی سبک و با کیفیتیه روی جعبه زده1 5 کیلو  علفایی ک قطرشون اندازه ی سیم برق 2 5 ساختمون هستنو راحت میزنه ولی حیاط ما چون همه مدل علف هرز بود  بیشتر از این سایزی ک گفتم بازم میزد و کم نمی اورد ولی ب علفای سخت میخوره نخ زیاد پاره میشه فکر کنم یک الی یک متر بیست سانتی نخ برای حیاط 1000 متری با همه مدل علف هرز استفاده کردم کلا دو تا قرقره نخ تو بسته بندیشه که هر کدوم فکر کنم حدود 5 متر نخ داره اولش میخواستم بنزینی بخرم ولی سنگین بودنو صداش و  دیدم بیخیال شدم و گفتم ی چیزه معمولی و سبک بگیرم و البته منم دیگه ب ظریف بودنه دستگاه و   نگاه نکردم و کله حیاطو صاف کردم سرعته زدنش هم ب نسبت اندازه دستگاه بد نیست حدودا دو ساعت طول کشید  ,100,1
دسته فوق العادس حتما بخرید بی شک بهترین دستش ,100,1
خیلی خوبه ,60,1
با استفاده اول که خوب بود در زمان باید دید ولی از محصولی که ساخت ژاپن روش نوشته ست فقط میشه کیفیت و طول عمر بالا انتظار داشت  زیباست  و امکانات روز اتو مانند ضد چکه قطع خودکار و   در آن وجود دارد  اگر می خواهید حس اطمینان و احترام به انتخاب داشته باشید این محصول ساخت ژاپن همان هست که دنبالش هستی  نکته منفی آن هم قیمتش هست  که البته نمایندگی آژند سرویس هم که گارانتی محصول هم با او هست قیمتش به همین میزان هست  ,88,1
وزن و جنس مطلوب  ,76,2
این محصول بسیار عالی و با کیفیت هست  ,100,1
دوستان یادتون باشه جنس مته خوب در عملکرد و کارایی و عمر دریل خیلی تاثیر داره مته بی کیفیت دریل رو میسوزونه موفق باشید ,80,1
قدرت بالا و کیفیت بالا و سیستم قطع خودکار در هنگام فشار به موتور این محصول فوق العاده میکنه ,88,1
لپ تاپ خیلی عالیه من که از دیجی کالا خریدم خیلی ازش راضیم  فقط زود شارژ تموم میکنه ولی این مهم نیست مهم سالم و نو بودن تمام قطعات دستگاست امیدوارم شماهم انتخابتون درست باش ه ,68,1
باسلام  لپ تاپ  خوبیه برای کار های  معمولی ,72,1
سلام دوستان من اول که گرفتم بسیار کند بود و تقریبا کار نمیکرد از روش آنتی ویروسی که روش هستو پاک کردم مشکل حل شد و سرعتش عالیه الان و کار منو راه انداخته آنتی ویروسه آمریکاییه و اجازه دسترسی ایرانی هارو نمیده پس بودن نبودنش فرقی نمیکنه ,60,1
چند ماهی هست که این تلویزیون رو از دیجی کالا خریدم  خیلی خیلی ازش راضی هستم  مخصوصا از نرم افزارش  سامسونگ داشتم سونی و ایکس ویژن هم منزل نزدیکان دارن و استفاده کردم ولی انصافا باید بگم شفافیت و تصویر این یه چیز دیگه هست  مخصوصا نرم افزارش که خیلی خیلی نسبت به سامسونگ و ایکس ویژن بهتره  اصلا قابل مقایسه نیستن  ,92,1
تاچ پد بسیار ضعیف ساخته شده ,72,2
با سلام طراحی خوبی داره و خیلی ایمن هست  آب رو به سرعت جوش میاره و سوت خوبی هم داره ولی متاسفانه جنس زیاد جالبی نداره خصوصا ورق کف که به شدت نازک و شبیه حلبیه  خارهای داخل دسته بعد از 2 هفته استفاده شل شده بود و داشت خارج میشد که جا انداختم  امیدوارم حداقل تا یه سال قابل استفاده باقی بمونه  روی کتری براق هست  ترجیح میدادم مثل عکس مات باشه  ساخت کشور  چین ,56,3
این لپ تاپ رو دارم به مدت یه هفته استفاده می کنم  میتونم بگم بعد از استفاده از این لپ تاپ نظرم نسبت به شرکت لنوو عوض شد  کیفیت ساخت این محصول عالیه  کیبردش نرمه و بلندگوها و کیفیت صفحه نمایش این لپتاپ حرفی برای گفتن باقی نمی گذارد  سی پیوش چون نسل 7 مصرف کمی داره ولی با همه این اوصاف میتونم بگم تنها نقطه ضعف این لپتاپ باتریشه که با هر بار شارژ نهایتاً 3 ساعت دووم میاره که برای من مشکل محسوب نمیشه  ,84,1
جنسش عالی و با کیفیته حیف ک طرحش زیاد قشنگ نیست ولی تو فت انگیز فوق العادس قیمتش جنس مرغوب فرانسوی نمیشه ازش ایرادی گرفت ,80,2
من برای سورخکاری فلز و دیوار  استفاده کردم چیز خوبیه   خوبیش اینه که هی نیاز نیست مته رو عوض کنی کاش اندازه های دیگشم بیارید ,88,2
اصلا این چیزی که می بینید نیست ,12,3
کار با این دستگاه خیلی راحته ایمنی خوب و سبک تیغه کارا ومحکم فقط تجهیزات همراه آن خیلی کمه  مثلا عینک ایمنی و پریز مربوطه ,68,1
خیلی خیلی برای من که با cpu core i7 کار کرده بودم کند بود ولی باید در نظر داشته باشید که هر چقدر پول می دید همونقدر هم اش می خورید  ولی اگر می توانید یکم بیشتر خرج کنید حتما یک cpu قویتر بردارید  چون بعدش پشیمون می شید  ,56,1
خیلی عالیه بدون رقیب   از خریدش پشیمان نمیشوید واسه هر خونه ای لازمه ,88,1
سلام به دوستان عزیز  من تا حالا چندین هدفون ارزون و گرون خریدم ولی هیچکدوم زیر دستم دووم نمیاوردن  این هدفون رو اواخر سال 94 از دیجی کالا خریدم  البته بیرون قیمت گرفتم دیدم دیجی بهتره  من موقع خرید این هدفون خیلی دربارش تحقیق کردم چ تو منابع داخلی چ خارجی و تمام جزییاتش رو بررسی کردم  نقریبا تمامی نظرات مثبتی ک خوندم درست بود و همون نتیجه رو گرفتم  توی این دوسال هرجوری اهنگی رو باهاش گوش دادم ولی مختصر بخوام بهتون بگم این هدفون به طور حرفه ای مخصوص اهنگ نیست  البته حجم صدای عالی داره  ولی بیس عالی نداره و بیشتر برای کسایی مفیده ک مثل من عاشق فیلم هستن و میخوان طولانی مدت رو سرشون قرار بگیره و از غرق شدن تو محیط فیلم و ایزوله شدن صدا لذت ببرن صدا به هیچوجه به بیرون نمیره واز محیط هم حتی در حجم صدای متوسط هیچ  صدایی بداخل نمیاد اون جمع کننده ی سیمی ک همراهشه اتومات نیست   من تو عکس ها فکر میکردم اتوماته   و در واقع باید دستی خودتون سیم رو دورش بپیچید مثل من دچار سو  تفاهم نشید  طول کابل زیادش ی مزیتیه ک من خیلی کم تو هدفون ها دیدم اگه بخواین با این کیفیت صدا هدفون بیسیم بخرید باید 2 برابر پول بدید از طرفی طول سیم کم دست و پای ادم رو میبنده   هرچند در موقع استفاده برای گوشی این طول سیم یکم اذیتتون میکنه ولی همونجور ک گفتم کسی ک این هدفون رو میخره اولویت اولش باید اتصال ب PC   لبتاپ باشه ولی طول زیاد کابلش باعث میشه خیلی راحت توی اتاقتون جابجا بشید و برای ی محیط کوچیک حس بیسیم رو بهتون میده چون محدودیت جابجایی ندارید از نظر طول عمر هم که برند معروفیه توی هدفون و انصافا توی این دوسال با استفاده ی روزی حداقل 4 ساعت من خیلی خوب دووم اورده و از این نظر خیلی ب  دلم نشسته چون هدفون زیر دستم 6 ماه دووم  نمیاورد چون من همه جوره ازشون کار میکشم چه تو سفر و چه برای ورزش چه برای فیلم و اهنگ و   بالشتک های دور گوشی های اون واقعا نرم و عالی هستن و اصلا گوشتون رو اذیت نمیکنه حتی برای استفاده ی بالای 4 ساعتولی روکش ابری ک بالای سر قرار گرفته خوب نیست و سریع از بین میره ک البته چیز مهمی نیست و ابر زیر خودش مشکیه و از قیافه نمیندازه هدفونتون رو    تنها ایرادش سیم نازکشه ک اونم تو محل اتصال جک یکم نا امیدتون میکنه و اگه خیلی استفاده کنید میبینید ک استعداد قطعی زیادی داره تو اون نقطه و باید مواظبش باشید در کل  نسبت ب قیمتی ک میپردازید ی هدفون خوب از ی برند معتبر و اصیل دریافت میکنید ک میتونه نیازهای  روزمره و غیر حرفه ایتون رو در هر  زمینه ای برطرف کنه و کلی خاطره باهاش بسازید  امیدوارم که  تجربه ی دوساله من در استفاده از این هدفون مفید بوده باشه براتون  ببخشید پرحرفی کردم یا حق ,90,1
این پنکه از لحاظ زیبایی و کم صدا بودن فپق العاده است کاش همه اجناس ایرانی مثل پنکه های پارس خزر با کیفیت و زیبا بودن اون وقت نیازی به اجناس خارجی نبود ,84,1
دوستانی که با درگاه کم USB مشکل دارن میتونن ی هاب بهش وصل کنن و 2 تا فلاش رو باهم استفاده کنن شاید هم بشه بیشتر از 2تا استفاده کرد ولی هارد رو نمیشه به هاب وصل کرد باید مستقیم به TV وصل بشه ,80,1
من این موزیک پلیر m3 رو به امپ a5 وصل کردم بهمراه کابلL16 و نتیجه صدایی بسیار با کیفیت و هیجانی شد و هر چقدر موزیک باهاش گوش میکنم اصلا ازش سیر نمیشم در یک کلام اگه این پلیر با امپ a5 بهمراه کابلL16 مچ بشه صدا بسیار با کیفیت میشه و حتی از موزیک پلیر fiio x5 2nd هم کیفیت صداش بالاتر میره من خودم هم این پلیر رو دارم و هم fiio x5 2nd رو ,84,1
من چندروز قبل اونو خریدار کردم  در طی سالهای گذشته ظروف نچسب تفال را هر وقت خریداری کردم سالها کارکرده وکیفیت محصولاتش مطلوب بوده  من توپیشنهاد شگفت انگیز خریداری کردم که حدود 36 درصدارزانتر از قیمت درج شده بود  برای کسی که براش کیفیت وسلامت ودوام ظروف اهمیت داره توصیه میشه ازاین ظروف استفاده کنید  ,96,1
هزینه خرید کارتریج بعد از مدت کوتاهی از هزینه خود دستگاه بیشتر میشه    کارتیج این دستگاه خیلی گرونه    ,60,3
سلام باید بگم سی دی که روی محصوله واسه نصب درایور خرابه چون اتورانش اجرا نمیشه حالا خودتون فکر کنید یه cd که یه چیز معمولیه و روی windows 10 pro ارور میده خود لپ تاپ چطوره  این لپ تاپ یا بهتره بگم این سری لپ تاپ های ایسوس درجه کیفیت پایینی دارند به دلیل استفاده از هارد معیوب من امروز بردم گارانتی حامی  که به نظرم گارانتی سازگار بهتره چون لپ تاپ را همون موقع بررسی و تست میکنه گفت باید بذاری لپ تاپ را تا  بررسی کنم بعدش اگه خرابه  قطعه از تهران بیاد تا درستش کنم یعنی باید حدود 2 یا 3 هفته دیگه رنگ لپ تاپ را نبینم منم گفتم نمیخوام  در کل باید حتما یه هارد ssd که قیمتی حدود 300 تومان واسه 128 gb هست را روی لپ تاپ بندازید تا لپ تاپ خوبی بشه  ,48,3
من نظرات را خواندم  تعجبم از اینه که چرا بعضی الکی ایراد میگیرند  من خودم یکی دو سال پیش این جارو را از دیجی کالا خریدم  9 تا واحد 120 متری هم نظافت را با ابن جارو انجام مبدهند  کار ما هتل آپارتمان در شمال است   هنوز به مشکلی بر نخورده  خودم هم از کیفیت کار متعجب شدم  در صورتی که جاروهای بسیار گرانتر مارک ال جی و ناسیونال خیلی زیر دست ما دوام بباورند 6 ماه است  ,60,1
سلام  دو سال پیش از دیجی کالا  خریدمش و هر روز دارم استفاده می کنم  در یک کلام کارایی بسیار خوبی داره و از همه جالبتر اینکه می تونید قوری چای را روی کتری بگذارید تا با بخار آب دم کشیده و چای خوبی به شما تحویل بدهد  شاید بهتر باشه پارس خزر یه کم روی ظاهر محصولاتش بیشتر کار کنه ,88,1
من این اسپیکرو برای پخش فابریک 206 گذاشتم و واقعا به نسبت خرجی که کردم راضی هستم و تا ولوم اخر 30  درهم ریزی صدا ندارم و صداش کل فضای اتاق 206 پر می کنه البته باید یه مقدار تنظیمات پخشتونو تغییر بدید در کل من این اسپیکرو و برای کسانی که نمی خوان پخش فابریکشونو عوض کنن و همینکه هزینه امپیلی نمی خوان بدن پیشنهاد می کنم درغیر اینصورت انتخابای زیاد دیگه ای هست که برای گرفتن صدای خوب  یا به پخش خوب یا به امپیلی نیاز دارن و اینم اضافه کنم من این اسپیکرو  با یه امپیلی 600وات که گینش کامل بسته بود امتحان کردم و کیفیت و حجم صداش بهتر شد البته برای این باند با احتیاط باید امپیلی نصب بشه چون ضعیف ,76,1
حالا بهتون توضیح میدم که این مدل دارای هاله هایی اطراف پنل هستش سفید یا سیاه یعنی شما تصویر رو نگاه کنید میبینید یه هاله های مشکی یا سفید رو تصویر هستن که هیچوقت از بین نمیرن و بیشتر هم میشن بیشترین مشکله هاله رو این مدل داره تو ندل های سامسونگ  این ایراد رو هم افراد عادی سخت متوجه میشن یا اصلا شاید متوجه نشن  ولی بعد از چند وقت که گارانتیه محصول تموم شد هاله ها زیاد میشه و تصویر بد و بدتر و در نهایت باید تلویزیون رو عوض کنید چون گرونترین قسمت دستگاه پنلشه و دیگه بدرد نمیخوره  ,8,3
رنگش خیلی تیره اس  ولی در کل کرم خوب و سبکیه پوشش متوسط و قابل قبولی داره ولی رنگ n4 رو  توصیه نمیکنم مگه اینکه پوستتون خیلی تیره باشه ,52,2
جنس پنبه و نخ داره که متاسفانه خیلی زود شل و بیریخت شد  اولش چون پارچه آهار زده است خشک و خوب بود اما بعد از مدتی استفاده عین یه کیسه شده ,40,2
سلام چند روزی هست که به دستم رسیده هم زیباست و هم کارایی بالایی داره صداش هم خیلی کمه کلا مارک پاناسونیک بهترین ممنون از دی جی کالا ,100,1
عالیه من که خریدم خوبه پیشنهاد میکنم خرید کنید  ,100,1
هرچی از کیفیت صدای این هدفون بگم کم گفتم منتها برای کسانی که مداوم استفاده میکنند مناسب نیست و برای بنده درایور سمت راست سوخت  اگه میخرید مراقبش باشید ,80,1
در کل نسبت ب پولی که میدین بد نیست البته با پول بیشتر تلوزیون های بهتر و با امکانات بیشتری میشه خرید ولی این مدل نسبت به قیمتش عالیه انتظاری که ازش داشتم و نشد اینه که نمیشه توش نرم افزار نصب کرد واین بخواطر تحد عامل بودن سیستم لینوکسه  در کل خوب و راضی کنندس ,60,1
 کیفیت صفحه  به طور مطلق بخوام بگم کیفیت صفحه بالاست اما مشکلاتی هم داره از جمله اینکه بعضی نرم افزار ها خیلی ریز اجرا میشن   ولی من به شخصه اونطور که نتونم از نرم افزار استفاده کنم تجربه نداشتم  از اون جایی که آیکون ها پنجره ها و   خیلی با کیفیتن تو محیط اینترنت و جاهای دیگه که کیفیت در حد 1080 هست افت کیفیت توی ذوق میزنه  تنها جایی که  صفحه 4k کیفیتش رو نشون میده توی عکس های با کیفیت بالاست  من خودم یک کلیپ 10 دقیقه ای 4k دانلود کردم که حجمش 700mb شد  و اونقدر ها هم کیفیتش متفاوت با full hd نیومد   یک مشکل دیگه ای که صفحه نمایش داره و بزرگ ترین مشکلیه که من با این لپ تاپ دارم اینه که نور تصویر بسیار کند و مشهود کم و زیاد میشه و من توی تنظیمات گزینه ای رو برای رفع این مشکل پیدا نکردم  مثلاً هنگام اجرای فیلم زمانی که تصویر و محیط عوض میشه نور صفحه به طور کند و خودکار کم یا زیاد میشه و کاملاً به چشم میاد  در کل اگر فرصت انتخاب دوباره داشتم احتمالاً لپ تاپی با کیفیت full hd رو انتخاب میکردم  هارد ssd  سرعت بالا اومدن ویندوز خیلی بالاست و از این مورد خیلی راضیم  ولی نمیدونم داشتن هارد هیبرید با قیمت خیلی پایین تر هم کافی بود یا نه   الان حس میکنم شاید کمی بیخود پول هارد رو دادم و سرعت بالای ssd اونچنان کاربردی برام نداره  تنها جایی که معلوم میشه توی انتقالات داخل هارد لپتاپه مثلاً از درایو به درایو که اونقدر ها هم پیش نمیاد  غیر از اون نمیدونم چه کاربرد دیگه ای داره   در کل اگر قیمت رو در نظر نگیریم هارد خوبیه و توی جابه جایی ها در حالت استند بای و روشن هم مشکلی براش پیش نمیاد  کیفیت ساخت  از لحاظ ظاهری لپ تاپ  جمع و جوری به نظر میاد  تمام سطح لپ تاپ از جمله تاچ پد اثر انگشت رو جذب میکنه  توی نقد وبررسی گفته شده بود که فضای میان کیبرد ها به داخل خم میشه که من اینو حدوداً چند هفته بعد از استفاده متوجه شدم و بعد این اتفاق کلید های کیبرد کمی کج و کوله به نظر میان که البته باید دقت کرد و اونقدر ها معلوم نیست  بعد از راه اندازی به ویندوز 10 آپگرید کردم و راضیم  اوایل خیلی مشکل داشت ولی به مرور  تمامی ایرادای نرم افزاری با آپدیت و نصب درایور های لپ تاپ حذف شدن  به همراه لپ تاپ مجموعه نرم افزاری پرند king43 و یک ASUS SDRW 08U5S U External DVD Drive هم گرفتم که از هر دو راضی بودم  هنگام خرید قصد داشتم این اختیار  رو داشته باشم که با لپتاپ کارای سنگین هم   بازی و    انجام بدم که تا به امروز فرصت این کار رو نکردم و شاید در نوع انتخابی که داشتم با توجه به سخت افزار بالای دستگاه کمی اشتباه کردم و پول اضافی خرج شد  ,60,2
با سلام  من امروز ب دستم رسید و بعد از نصب کردن سیستم  عامل و نرم افزار باهش کار کردم لپ تاب خوبی هستش من رازیم در حد خودش خوبه ,100,1
با سلام هنوز این دستگاه رو که چند روزی هست از دیجی کالا خریداری کردم آنچنان برای باز و بست پیچ امتحان نکردمولی نکاتی که تا الان بنظرم اومده موارد بالا هستند  چراغ شارژش خیلی تو ذوق میزنه ,64,2
عالیه ازهرلحاظ قدرتمنده ,88,1
شما نوشته اید 2 عدد تابه و 2 قابلمه درصورتی که یک تابه بود 3 قابلمه ,80,2
کیفیت و بلندی صدا وقتی به iphnoe وصل میشه خیلی بهتر  میشه   ,72,2
دوستان منظورم از این که موقع استفاده روان نیست اینه که زمانی که تو منو و انتخاب فیلم و عکس هستی هنگام نمایش فیلم هیچ مشکلی نداره و کاملا روان و با کیفیته سو  تفاهم نشه  ,32,3
سی پی یو سری هفت به همراه رم ddr4 که قابل ارتقا هست و صفحه full hd و یک ترابایت هارد ترکیب خیلی خوبی رو ایجاد کرده که کاملا مناسب امور روزمره بوده و نرم افزارهای حتی رده بالا از جمله کد و فتوشاپ براحتی اجرا میشن سرعت خوبه و کیفیت مناسبی داره فقط باطریش حدود 3 ساعت جواب میده  ,80,1
متاسفم یه محصول با کیفیت ایرانی نیست ,60,1
این دستگاه مثلا قرار بود مثه یه تبلت که صفحه نمایشش بشه تلویزیون برای من کار کنه ولی متاسفانه ایرادت و نقصان بزرگ و مختلفی داره اولین و بدترین اشکالش اینکه نمیشه فیلم موبایل رو رو تی وی نشون داد با ها نرافزاری هم که برین بیشتر از3دقیقه کار نمیکنه  در کل یه تبلت متوسط برین واسه این کار خیلی کار بهتری کردین عزیزانی هم که خرید میکنن و فرداش به دستشون میرسه تو رو خدا نیان از رو احساسات نظر بدن  که آی خوبه عالیه و محشره   بذارین یه هفته باهاش سرکله بزنین بعد لوگوی   حتما توصیه میکنم   رو بزنید تا باعث باشتباه انداختن خیلی ها نشن آخه حق الناسه بابا که الکی الکی گردنتون میوفته یا حق ,28,3
با قیمت کم و امکانات خوب ,100,1
در  این بازه قیمت توی بازار رقیب نداره  اینم بگم که با همین کانفیگ بدون هارد اس اس دی مقایسه اش کردم  واقعا سرعت بوت و لود نرم افزارها در این مدل محسوس بود  ,88,1
این ماشین ظرفشویی عالیه فقط وقت روشنه گاهی اوقات بدنه ش یکم برق داره  ,64,2
در پیشنهاد ویژه که فوق العادس و کلا کیفیت و کارایی خوبی داره مناسب مصرف روزانه کمی طراحی قسمت دستگیره درب ها ضعیف است وباعث میشه بلند کردن درب ها کمی با مشکل روبه رو بشه  در مجموع قابل قبول است  ,84,1
در کل از خرید خودم راضی ام  تنها بدیش کیبوردشه که انگار از زیر نچسبیده و موقع تایپ اصلا حس خوبی به ادم نمیده کیبورد سمت چپش موقع تایپ خیلی فرو میره و سمت راستش این مشکلش رو نداره ,64,1
کیفیت تصویر خیلی خوبه داره اما الان که یک سال و نیم از خریدش میگذره لکه های سیاه روی صفحه تلوزیون پیدا شده که هر روز پهن تر و سیاه تر میشه چند روز به اتمام گارانتی مونده بردیم گارانتی بعد یک روز تحویل داد و گفت گرد و خاک هاش رو پاک کردیم  آوردیم خونه دیدیم هیچ فرقی نکرده دوباره بردیم اینبار گفتند قطعه نداریم باید از تهران بیاد شاید یه هفته دیگه بیاد ببرین خونه فعلا  حالا منتظریم ببینیم بالاخره این رو درست می کنند یا نه ,80,1
لپ تاپ فوق العاده ایه ,92,1
کاملا طبیعه که این به نظر من نقطه قوتشه ولی  خیلی خیلی رقیقه ,60,2
در مجموع راضی هستم و خریدش را پیشنهاد میکنم ,76,1
یک هفته میشه که خریدمش میشه گفت خوبه ,48,1
نصبت به قیمتش می ارزه  من که خیلی ازش راضیم ,100,1
کیفیت نسبتا پایین بدنه و پلاستیک استفاده شده که باعث میشه اثر انگشت روش بمونه  کیفیت معمولی صفحه نمایش  یه ایراد نرم افزاری داره که بعد نصب ویندوز 10 کارت گرافیگ اصلی رو نمایش نمیده و فقط کارت گرافیگ اول یعنی آنبرد اینتل رو نشون میده که برای حل این مشکل فکر کنم باید بایوس سیستم رو فلش کرد    البته خودم هنوز اقدامی انجام ندادم ولی فعلا مشکلی نداشتم با کارکردن با سیستم  تعداد پورت یو اس بی کمه   کاش طرف راستم یدونه داشت    مشکل دیگه چراغ شارژ لپ تاپه که وقتی به شارژ میزنی بعد اینکه از حدود 15 درصد بیشتر شارژ شد تغییر به سبز میده و چند ثانیه ای یبار چشمک میزنه  بخاطر همین زمین دقیق شارژ لپ تاپ رو ادم متوجه نمیشه  در کل باید بگم چون توی شگفت انگیز خریدم باتوجه به قیمتی که پرداختم راضی هستم و میشه گفت ارزش خرید داره ,68,1
خوب و کاربردیه راحت تر از رنده هایی هست که باید با دست عمودی نگه داشته بشن ولی همیشه مقداری از مواد رنده شده روی خود رنده میمونه و همش تو ظرف زیری ریخته نمیشه  نمیدونم شاید عیب از رنده کردن من باشه  ولی در کل رنده خوبیه  ,80,1
کلی بخواییم به موضوع نگاه کنیم رو رده قیمتی خودش فوق العاده است ,100,1
این محصول کیفیت صدای بسیار خوبی داره اما    باید توجه کنید که هندزفری نیستش و هیچ گونه دکمه یا امکانات دیگری نداره        بنظر من بهتره یا از هندزفری های به این شکل استفاده کنید یا اگه میخواین هدفون بگرین دیگه لازم نیست به این شکل باشه ,68,1
این تلویزیون از اون مدل تلویزیون هاس که واقعا 4k بودنش و همچنین نانو کریستال بودنش حتی تصاویر sd رو هم خوب پخش میکنه دیگه اچ دی به بالا جای خودش توی خریدش شک نکنید سه بعدی واقعا یه قابلیت بدردنخوره بخاطر نداشتنش از این تلویزیون ساده نگذرید من چندروزه خریدم همه جوره راضیم انقدر نکات مثبت داره که تو یه کامنت جا نمیشه قاب از جنس استیل پایه کمانی و زیبا کیفیت تصویر با رنگهای عمیق من قبل این تلویزیون مدل بالای ال جی زمان خودشو داشتم ک فقط درخشنده بود و چشمارو اذیت میکرد اما این هم درخشندگیش هم رنگاش ایده آل  بخرید بدون تعصب الکی به برند نگاه نکنید سعی کنید مدل تلویزیون براتون مهم باشه چون هر برندی یه مدل خیلی خوب داره یاحق  ,100,1
کیفیت ساخت و متریال خیلی خوبی داره از خریدم راضی هستم فقط فکر نمیکردم انقدر سنگین باشه مثل تابه های چدنی میمونه این سایزش خیلی مناسبه نه کوچیکه نه بزرگ ولی فکر کنم سایزهای بزرگترش دیگه واقعا سنگین باشن البته وزن زیادش بحاطر لایه های متعددیه که بکار بردن تا کیفیت کار بالاتر بره  ,100,1
کار باهاش راحت هست و ظاهر خوبی هم داره ,60,1
من تازه این مدل رو خریدم کلا راضیم ازش کلا محصولات الجی همیشه عالیه از گارانتی گلدیران هم تشکر میکنم مثله همیشه سریع اومدن نصب کردن  از  همه ی پرسنل دیجی کالا هم تشکر میکنم مثله همیشه سر وقت با خیال راحت و قیمت مناسب تحویل دادن ,84,1
من دو ماه هست این لپ تاپ رو خریدم بعد از سه ماه بررسی باید بگم تو این رنج قیمت اگر دنبال لپ تاپ قدرتمند هستید فقط سراغ این برند یعنی لنوو برید  چون قیمت مناسب تری نسبت به امکانات سخت افزاری بهتون میده و اینکه این برند در سال 2017 رتبه نخست رو کسب کرده و روی دست برندهایی همچون اپل و ایسوس لپ تاپ هایی قدرمتند و خلاقیتهای جدید به خرج داده  به طور کل در دوماهی که دستم بوده سعی کردم به شدت ازش کار بکشم بازی های سنگین رو جواب داده به مثال GTA V که روی آخرین حد گرافیکی تنظیم شد و   پیشنهاد میکنم از دیجیکالا بخرید که پشیمون نمیشید  تمام جنس هایی که لازم دارمو از این فروشگاه میخرم و نمیخام تبلیغاتشو کنم  ولی واقعا مطمئنم که جنس اصل میخرم و بهترین قیمت بازار  ,96,1
سلام من این هدفونو تو تخفیف خریدم طراحیش فوق العادس و خیلی خوب روی گوشو میپوشونه صدای محیط رو خیلی خوب حذف میکنه و کیفیت صداش عالیه از لحاظ مقاومت هم خوبه به نظر من به قیمتش می ارزه من دنبال هدفونی با قابلیت حذف صدای محیط بودم که به نظرم این به نسبت قیمتش خیلی عالیه ,80,1
کیفیت صداش به نظرم خوب نیست یعنی انگار از حموم اومدی و گوشتون گرفته  وزنش سبک و زیاد به گوش ها فشار نمیاره یعنی روش گوش کیپ نمیشه شاید اگه ارم philips نبود من میگفتم به درد نخوره ولی  ,52,2
دستگاه بسیار خوب و کاربردی است اما پس استفاده حتی با پوشیدن دستکش  دست به شدت کوفته می شود  اوایل فکر میکردم دستم عادت می کند اما با استفاده ی بیشتر کوفتگی دست بیشتر می شود   به طوری که فردای روز استفاده  دست بسیار دردناک می شود  پیشنهاد  حتما دسته ضد لرزش بوش را برایش تهیه کنید  اصولا این باید همراه کالا می بود  ,100,1
خیلی جنسش عالی هستش وکیفییت قابل قبولی نسبت به هم ردیف های خودش دارد  ,60,1
سلام کیفیت عکساش عالیه با توجه به اندازه دیافراگمش توی شب عکسای خوبی میندازه و بوکه های جالبی ایجاد میکنه  فیلمبرداریشم برای من خیلی خوب و راضی کنندست  اندازش با توجه به سنسورش خیلی خوبه  جنس بدنه و کیفیت ساختش خیلی خوبه و منوهای کاربری راحتی داره  اینو جایگزین دوربین dslr کردم و بسیار ازش راضی هستم  اینکه وای فای داره خیلی خوب و کاربردیه  کلا یه کامپکت فوق العادست  ,84,1
دوروز هست که به دستم رسیده تو مشخصات نزده بود کیف حمل داره تا الان 4 تا سوراخ زدم باهاش بدون مشکل و زور زدن انجام داد به نظرم برای کارای خونگی وسبک عالی هست با توجه به وزن و اندازه کوچیکی که داره ,60,1
سلام  حدود دو هفته میشه که این دوربین  رو خریدم  عکاس آماتور هستم و در زمینه عکس کودک کار میکنم  بدنبال یک دوربین با کیفیت متوسط و سرعت عکسبرداری بالا بودم  این دوربین از این لحاظ خوب بود  نکاتی که بعد از خرید پشیمونم کرد این موارد بود  اندازه دوربین نسبت به آینه  دار ها خیلی کوچکتره و متاسفانه ارگونومی بسیار بدی داره که تسلط شما به دوربین رو کم میکنه  این اندازه برای دوربینهای کامپکت مناسبه چون اون دوربین ها وزن کمی دارند و نیازی به تنظیم دستی لنز وجود نداره ولی ارگونومی این دوربین اصلا مناسب یک دوربین با لنز متغیر نیست  متاسفانه من در مورد وجود لنز برای این سری تحقیق نکرده بودم و بعد از خرید متوجه شدم هیچ لنز تله ای برای این مدل در بازار ایران موجود نیست و فقط دو مدل لنز واید در بازار هست  در واقع برای استفاده از انواع لنز مجبورید که آداپتور مبدل تهیه کنید که قیمت کمی هم نداره  شاید اگر این مورد رو از قبل میدونستم بجای این دوربین یک دوربین آینه  دار کانن یا نیکون میخریدم  نکته بعدی در مورد شارژ شدن دوربین هست که حتما باید باتری رو جدا کنید و در شارژر قرار بدین و قابلیت استفاده از پاوربانک در حین استفاده از دوربین  میسر نیست  ترجیحا اگر عکاسی طولانی میکنید نیاز به یک باتری یدک دارید  آخرین نکته منفی هم بازار دست دوم خیلی بد هست به علت ناشناخته بودن و همون معایبی که ذکر کردم  از خوبی های این دوربین هم میشه به کیفیت بالای جنس بدنه اشاره کرد که کاملا فلزیه و نگرانی از شکستن دوربین  نخواهید داشت  البته بعضی از دکمه های چرخان بشدت خشک هستن و براحتی نمیشه ازشون استفاده کرد که احتمالا به مرور نرم تر میشن  صفحه نمایش هم کیفیت خوبی داره و میشه جزییات تصویر رو کاملا مشاهده کرد حتی قابلیت زوم در صفحه داره تا نقطه فوکوس رو با بیشترین دقت انتخاب کنید  البته کار کردن با این صفحه ها زیر نور خورشید براحتی استفاده از ویزور نیست  شاید بهترین حسن این دوربین در کانکت شدن با موبایل باشه که از طریق هات اسپات انجام میشه و براحتی میتونید عکس ها رو جابجا کنید ویا تصویر زنده رو از موبایل ببینید و تنظیمات رو انجام بدین و عکس بگیرین بدون اینکه به دوربین دست بزنید   در این بررسی سعی کردم مواردی که خودم قبل از خرید در موردشون اطلاعی نداشتم رو بیان کنم و از ذکر موارد تکراری خوداری کردم  امیدوارم مفید بوده باشه  ,64,3
من دو ماهه خریدم واقعا راضیم  دوربینشم عالیه   بهترین گوشی در رنج قیمت خودشه ,100,1
سلام  من اولین سری sony v6 گرفتم تقریا دو سال پیش اینو خونه دوستام دیدم بدون تعصب برند و ناداوری بابد بگم سونی چند سطح بالاتره از این محصول البته هم قدرتش زیادتره هم قیمتش هم کیفیتش  الان اگه یه روز صداشو گوش نکنم واقعا دلگیرم  ,88,1
خیلی عالیه برنج ایرانی رو با کیفت پخت عالی تحویل میده    این که بعضی میگن درب این محصول شیشه هستش اصلا این طور نیست دارای درب استیل و با کیفت خوب است   ممنون از دیجی کالا   ,88,3
سلام انتظار بیشتری از این محصول داشتم و کرم پودر اکتی پور رو در بعضی موارد بهتر از اون دیدم  پوشش و کاورش متوسط هست و برای پوست هایی که جوش و لک زیادی دارند اصلن مناسب نیست  کرم سبکی هست و من بعد از استفاده ازش احساس سنگینی رو صورتم نداشتم  متاسفانه این رنگ اصلن مناسب پوست من نبود و من باید چند شماره ای روشنتر می گرفتم  این رنگ  می تونه رنگ رژگونه یا سایه چشم من باشه  نه رنگ پوست من  وقتی این کرم رو می زنم انگار برنزه کردم  ,68,2
نگهداری شارژش واقعا ضعیفه برای فیلم دیدن یکساعت شارژ خیلی کمه و نیاز داره مداوم در حالت شارژ باشه ,60,3
با اینکه کیفیت صدای قابل قبولی داره این واکمن  اما زیر آب با توجه به earbud مخصوص شنا  کیفیت صدا خیلی افت پیدا میکنه  در حدی که صدای قل قل آب حین نفس گیری رو بیشتر از موزیک میشنوین    حتما هم باید خوب فیکسش کنین  چون با شدت آب زود از داخل گوش درمیاد  این محدودیت بزرگی برای واکمنی هست که ضدآبه  این رو مدنظر داشته باشید  ولی مطمئن نیستم با earbud های معمولیش هم میشه در استخر استفاده کرد یا نه  دوستان دیگه اگر استفاده کردن و مشکل پیدا نکرده حتما نظر بدن  چون به نظر هدفونهاش قابل شستشو هست  ,84,1
در کل خوبه ,100,2
قیمتش مناسبه اما وسایل موجود داخل کیف به درنخوره  تب سنج داخل کیف جیوه نداره وقابل استفاده نیست  باند هم خیلی کوچیکه بتادین هم بدرد نمیخوره  ,48,3
من پوستم مختلط هس و بسیار مناسبه   نه باعث جوش زدن میشه و نه خشکی صورت   ,84,1
من تازه خریدم عالیه ,80,1
واقعا بی نظیره ,96,2
چندماهیه استفاده میکنم خیلی خوب بوده حتی با خوردکنش سبزی خشکامو آسیاب کردم  محشر بود ولی سبزی تر رو خیلی خوب خورد نمیکنه  ,96,2
این دوربینرو از دیجی کالا سفارش دادم و بعد از 3 روز    امروز به دستم رسید   من پارسال دو عدد دوربین dslr خریدم و فروختم اولی به دلیل کیفیت عکاسی ضعیف و دومی به دلیل وزن خیلی زیاد و ابعاد بزرگ  پس از بررسی سایت های مختلف خارجی و صد البته اپلیکیشن دی جی کالا   این دوربین چشمم رو گرفت و سریع کنجکاو مشخصاتش شدم و دیدم که خودشه  دوربین قوی با اندازه خیلی جمع و جورتر از dslr  این دوربین ساخت ژاپنه  لوازم جانبیش ساخت چین ولی با کیفیت بالا  لنزش هم ساخت تایوانه  از همه چیز مهمتر خود دوربین هست که ساخت ژاپنه  همه جای جعبه و دفترچه متن زیبای made in japan درج شده که خودش مهر تاییدی بر انتخاب درست و راحتیه خیال هست  گارانتی دوربین رو اینترنتی ثبت کردم و 36 ماه گارانتی از روز خرید برام فعال شد  مرسی دیجی کالا   ,92,1
من دیروز تو شگفت انگیز خریدمش  به خاطر گارانتیشم زنگ زدم همون روز سام سرویس اومد نصبش کرد   اگه قصد خریدشو دارید   شک نکنید  ,92,1
جنس تفلون بسیار خوب است  درب آن فلزی و کنترل خروج بخار دارد ,60,1
به قدری سرعت عملکردش ضعیفه که باور نمیکنی سی پی یو i3 و رمش 4 باشه  جنس بدنه هم که نابود  با تایپ کردن اطراف کلیدها پایین و بالا میره عمرا من دیگه سراغ این مارک برم ,28,3
کنسول که حرف نداره   واقعا عالیه  اما درباره بازی   باید بگم خوبه اما  قسمت داستانیش خیلی خوب نیست   در کمتر از 7 یا 8 ساعت تموم میشه   ,100,1
پیشنهادم اینه از تامین کننده لوکا خرید کنید چون پشتیبانی بسیار عالی دارند و همچین دارای  بیمه بدنه می باشد در مورد خود محصول اینکه لبتاب میان رده و ظریفی هست    ,100,1
من از خرید این استند برای مامانم واقعا راضیم   هر چاقویی داشته باشی بلاخره تو یه قسمتش جا میشه   رنگ چوبش روشنه و جنسش عالی ,100,1
دوستان عزیز سلام   اول من تشکر میکنم از پرسنل زحمتکش و مو  دب و عزیز دیجی کالا و اما در مورد این ترازو خدمت خریداران محترم عرض کنم که اولا این ترازو را باید حتما به دیوار نصب کنید در غیر اینصورت به سختی قابل استفاده است   ترازوی بسیار دقیق   زیبا   با نصب و کاربری آسان   دارای دفترچه راهنما فارسی   وارد کننده معتبر   دارای تایمر   ساعت   تکنولوژی تارا یا همون پارسنگ خودمون یعنی کم کردن وزن ظرف و  بسته بندی بسیار حرفه ای و البته میدونید که برند بیورر اصالتا آلمانیه و من هر چه نگاه کردم ندیدم که زده باشه ساخت چین و غیره و شاید دلیل گرونی این ترازو آلمانی بودنش باشه   الله اعلم   اگر قیمتش براتون قابل قبوله تو خریدش شک و تردید نداشته باشید   با آرزوی سلامتی برای همه مردم عزیز ایران  ,88,1
بسیار عالی  واقعاً اگه دنبال تبلت ویندوز هستین با داشتن قابلیت سیم کارت که داره انتخاب خوبیه  در کُل من که استفاده کردم بسیار راضیم  ممنون ,96,1
نسبت به قیمتش فوقالعادست ,60,1
من راضیم عالیه ,100,1
با سلام من مدتی که این آبمیوه گیری رو خریدم با توجه به قیمت ش و ظاهر زیبا  و نظرات کاربران انتخاب کردم اما واقعیتش اینه که خوب آب میوه رو نمیگیره   ,60,3
یکی از بهترین برنده در لوازم آرایش و بهترین رنگ کرم پودر ,100,1
به نظر اتوی خوبی میاد  میزان بخار دهی خیلی خوبه  وزن مناسب هم داره و آدم از اتو کشی خسته نمیشه  فقط نمیدونم چرا کف اتو لکه میگیره بعد از یک روز کار کردن یک سری لکه قهوه ای کف اتو دیده میشه  اتوی قبلبی ما فیلیپس بود به نظر من کفی های فیلیپس بهتره ,80,1
دستگاه عالی با تکنولوژی برتر بوش آلمان ,88,1
این تابع فوق العاده سبک و خوش دست و دارای جنسی عالی است  ,100,1
من بخاطر اینکه بچه کوچک داشتم و میترسیدم انگشتش رو لای پنکه ببره اینو گرفتم بد نیست کم صداست ولی یه پنکه پارس خزر قدیمی دارم اون خیلی قرص و محکمتر از اینه اینم نسبت به قیمتش خوبه ,52,1
تا حالا که خیلی خوب بوده ,76,1
جاروی شارژی ک نتونه شارژ نگه داره واسه لای جرز خوبه   من ک پشیمونم   نخرید   ,8,3
یادم رفت بگم که برای حل مشکل کمبود حافظه داخلی  اولاً آن دسته از نرم افزارها رو که می تونید روی sd نصب کنید  اون جا نصب کنید  همچنین هر چند روز یک بار درایو c را clean up بکنید تا فضاش باز بشه  ,80,1
واقعا راضی هستم ,100,1
ظاهر زیبا و کیفیت عالی ,76,1
یه یخچال مناسب و کم مصرف و کم صدا و مدرن برای یه خانواده 4 نفره به نسبت قیمت اش عالی است  ,100,1
محصولات پارس خزر هیچ زمان از کیفیت کم نگذاشته وطی سالها تجربه کیفیت ساخت در حد استانداردومطلوبیت بوده وبلحاظ قیمت بسیار مقرون بصرفه تر از مشابه خارجی آن می باشد ,80,1
سلام من اخیرا یکی از این محصول را از دیجی کالا خریدم  کیفیت لایه نچسب داخلی آن خوب است  واژه   ساخت فرانسه   در پشت محصول و زیر دسته آن حک شده است  نسبت به محصولات مشابه موجود در بازار با توجه به قیمت آن  ارزش خرید بالایی دارد  کیفیت فعلی ان کاملا رضایتبخش است  البته باید دوام کیفیت را بعد از گذشت چند ماه استفاده قضاوت نمود  ,80,1
عالیه من راضیم سپاس پارس خزر ,100,1
عالیه دیجى جون ممنون خیلى خوشرنگه و براى من که پوستم سفیده خیلى خوب و مناسبه  مى تونید گونه هاى برجسته و زیبایی داشته باشید بدون اینکه رنگش جلب توجه کنه و بد به نظر بیاد  برس همراهش اگر چه هلالى هست و کوچک ولى کار باهاش راحته و جالب  فقط من نمى دونم تاریخ انقضا تا چه زمانى هست چون وقتى کد 16 رقمى رو فرستادم اصلا جوابی دریافت نشد  ,64,2
دستگاه بسیار کارآمدیه   بسیار با کیفیت و پرقدرت   فقط برای آسیاب کردن قهوه استفاده کنید    ,88,1
دوستان سلام  من خیلی وقت بود دنبال یه لپتاپ واسه برنامه نویسی میگشتم که اینو پیدا کردم  اول خواستم یه مک بوک دست دوم بگیرم که پیدا نشد  و اگه دیجی کالا یکم هوش یا همچین چیزی به این فروشگاه خودش اضافه میکرد خیلی زود میفهمید من سه چهار ماه واسه چی این وبسایت رو بالا پایین میکنم و به من پیشنهاد میداد  از آمازون بیاموزید  خب برسیم به لپتاب  تو طراحی و ساخت لپتاپ خیلی زیبا و مقاومی به حساب میاد  درسته فلزی نیست ولی واقعا نسبت به هم رده هاش زیبا تر و نازک تره و باید بگم که دوستام هم از طراحی لپتاپ خششون اومد و کلا راضیتون میکنه  قدرت و عملکرد سخت افزار   تو عملکرد و قدرت سخت افزاری باید بگم که اگه برنامه نویسی وب انجام میدید کاملاً تمام نیازهای شما رو پاسخ میده و اگه اندروید نویس هستید بازم حدس میزنم که بتونین کارتون رو باهاش جلو ببرید و البته بگم که خیلی راحت میتونین عملکرد لپ تاپ رو با یه هارد اس اس دی افزایش بدید  لپتاپ تو اجرای اکثر ide های رایج که استفاده میشه از جمله netbeans و phpstorm عملکرد کلی خوبی داره  تو اجرای بازی هم میتونین فیفا رو راحت بازی کنین البته اگه بتونین درست نصبش کنید  کلا میتونم بگم هیچ مشکلی تو این بخش وجود نداره صفحه نمایش و باتری   هر چقدر صفحه نمایش لپ تاپ عملکرد متوسطی داره باتریش راضیتون میکنه با استفاده من حدودا سه ساعت و نیم دووم میاره که اگه رو battery saver ویندوز قرار بدید ممکنه تا چهار و نیم یا پنج ساعت هم برسه البته باید از قدرت دستگاه چشم پوشی کنید البته این مقدار باتری توی این رده لپتاپها خوب و مناسب و در مقایسه با لپتاپهای گرون تر زیاد خوب نیست   در باره صفحه نمایش هم بگم که رنگهارو خوب نشون میده ولی زاویه دید محدود داره روشنایی مناسب در کنار عمق رنگ خوب   بلندگو و امکانات   درست dvd writer نداره ولی درعوض همونطور که گفتم ضخامت کمی داره  بلندگوها خیلی صدای بلندی دارن اما انتظار زیادی نمیشه ازشون داشت  کیبورد خیلی خوبی داره البته بازم نسبت به هم رده هاش وگرنه نیاید اینو با مکبوک مقایسه کنید  تایپ کردن باهاش قابل قبول و لذت بخش و تاچ پد هم عملکرد خوبی داره و gesture های ویندوز خیلی خوب اجرا میکنه  ولی اگه مراقب نباشید راحت خط میفته عملکرد کلیه وایفای و بولوتوث هم مناسب و مشکلی وجود نداره  جمع بندی   لپتاپ رو برای دانشجوهایی که برنامه نویسی یاد میگیرن یا نیاز به یه لپتاپ خوب و مناسب و قیمت محدود دارن پیشنهاد میکنم سعی نکیند واسه بازی اینو بخرید اگه قصد بازی دارید و سراغ کنسول برید  مثل من از همین دیجی کالا بخرید که یچیز دست نخورده تحویلتون بدن   در پایان بگم که وقتی این یا هر لپتاپ جدید که تازگیا میخواید بخرید رو به هیچ وجه بوت دستگاه رو از حالت UFEIتغییر ندید یا ندید به دیگران براتون نصب  کنن و تنها   حالت secure mode بوت رو بردارید و یه رمز واسش بزارید  و ویندوز رو در این حالت روش نصب کنید   اموزشهاش تو اینترنت هست  برای اینکه متوجه بشید میگم  تو این حالت که من ویندوز رو نصب کردم توی 13 ثانیه لود میشه که چنین چیزی عالیه  البته منظورم ویندوز ده هست   خرید خوبی داشته باشد  ,84,1
سلام واقعا زیباس نازک تاچ پد خوب داغ نمیکنه خیلی صفحه نمایشش واقعا خیره کنندس سرعت بوتشم خیلی خوبه ولی فرق کیفیت ساختش با مک اینه که شما کالما حس میکنید که فقط یه ورقه نازک از المینیوم رو لپتاپ تشکیل شده ولی مک احساس میکنید که کاملا تو پره  لپتاپه خوب و با ارزشیه این مدل از ایسوس ,80,1
من تو پیشنهاد ویژه خریدم کارایی بسیار بالایی داره برای مهمانی من توش مرغ درسته سرخ کردم برای اکبر جوجه بسیار خوب شد روغن کمی مصرف میشه درش دیجی ممنونم ,84,1
خوب بود ب نظر من بزرگتر از اونی بود ک فکر میکردم ,84,2
ب شدت خوب نسبت ب هزینه ای ک میشه ,92,1
لطفا شگفت انگیز کنید دو تا می خوام ,60,2
دیروز بدستم رسید نمیدونم این لکه سیاه چیه که دوستان گفتن و باعث شک و شبه توی خریدم شدن اصلا همچین چیزی نداشت از گارانتی هم اومدن و با ادب و احترام رایگان نصب کردن و اصلا از قضیه لکه سیاه خبر نداشتن دو تا عینک داره ولی اصلا شبیه این عینک های توی تصویر نیست اگه امکان نقد تصویری بود عکس میذاشتم   انصافا صداش هم خوبه و تازه امکان زیاد کردن از طریق تنظیمات هم هست افزایش سطح صدا برای دوستانی که میگن صداش کمه شاید واسه خونه خیلی بزرگ اینو تهیه کردن مال ما که خونمون تقریبا 110 متره کاملا صداش کافیه  اگه دیجی کالا بغل یه نفر 180 سانتی  عکس تلویزیون رو بذاره قشنگ همه میفهمن چقدره اندازه تلویزیون نه برای این محصول برای هر محصولی در کنار یه فرد عکس محصولو رو بذاره بهتر اندازه اش مشخص میشه  همچنین میز تلویزون هم خود دیجی پیشنهاد بده واسه تلویزون خیلی بهتر میشه  همیچنین شما خودتون باید تلویزیون رو توی سایت Divx ثبت کنید تا سایتش یه کلیپ بده و توی تلویزیون پخش کنید تا تلویزیون امکان اجرا فرمت MKV رو داشته باشه  و اما سه بعدیش که بنظر من  که با تلویزیون های گرون تر سه بعدی دیده بودم  زیاد تعریفی نداشت ولی بقیه دیدن خوششون اومد کیفیت 2 بعدی هم انصافا خوبه  در کل بنظرم خوبه  ,96,1
سلام من این کالارو توی پیشنهاد ویژه خریدم با اینکه باز هم دیجی کالا در قیمت پیشنهاد ویژه بزرگنمایی کرده بود ولی از کیفیت کالا راضی هستم بدنه محکم و باز شو بودن گلویی چرخ دنده بنظرم از نکات مثبتشه فقط دکمه روشن خاموش اهرمی که امیدوارم دوام لازم رو داشته باشه توی این محدوده قیمتی بنظرم انتخاب خیلی خوبی میتونه باشه ,60,1
منکه دریم ساتین رو خیلی دوست دارم چون خیلی طبیعی هست روی پوست و پوشش کافی روهم داره قیمتشم مناسبه ,84,1
همین الآن بدستم رسید دستگاه در مجموع خوب است  یک کفگیر هم دارد که در تصاویر نیامده   فشاری است یعنی باید درب دستگاه را دو ثانیه فشار دهی تا خورد کند سپس درب را برداشته با کفگیر هم بزنی دوباره دو ثانیه فشار دهی    ایمنی دارد به صورتی که تا درب آن را فشار ندهی کار نمی کند ولی باز هم باید احتیاط کرد دور از دست کودکان نگاه داشت ,72,1
کیفیت صدای خوب    تفکیک خوب صدا های زیر و بم  وضوح بالا صدا  تو گوش که قرار میدی انقدر خوش فرم که اصلا حسش نمیکنی ,76,1
بسیار شیک و با کیفیت ,96,1
تقریبا یه ساله که دارم   واقعا از کیفیتش راضیم   من تلویزیون سونی هم دارم   واقعا سامسونگ داره از سونی فاصله میگیره ,92,1
با سلام و عرض ادب  دوستانی که قصد خرید کالای با کیفیت ایرانی دارند همچنین طعم چای سماور رو میپسندند و نوشیدنی های دم کردنی مصرف میکنند این چای ساز و دم آور رو پیشنهاد میکنم از نظر امکانات عالی میباشد همچنین نسبت به چند برندی که من داشتم سریعتر و کم صداتر میباشد با تشکر از دیجی کالا ,100,1
سلام  بعد بررسی دقیق ظاهر زیبا فایلهای صوتی رو باز میکنه راحت تصویری از روی هارد یا فلش مموری اگه یک پلیر خوب نصب کنی مشکل نداره راحت هم فیلم هم زیر نویس یکم سرعتش پایین هست صبور باشین من مکس پلیر نصب کردم مشکلی نبوده تا الان و اما بعد هیچ فایل ویدیویی رو انلاین پخش نمیکنه نوشته تو مشخصات آپارات و یوتیوب و  باز میکنه ولی دروغ و چاخان هست باز نمیکنه حالا پشتیبانی زنگ زدم گویا مشکل از تمام سایت ها هست و از این دستگاه نیست ولی گفتن بررسی میکنن خبر میدن الله و علم البته من برای بررسی اینستاگرام و تماشای نماوا گرفتم که نشد  ولی چرا وقتی باز نمیکنه هم تو سایت مادیران هم اینجا تو دیجی کالا تو مشخصات زده باز میکنه یعنی مادیران با 50 سال سابقه تست نکرده نوشته البته من تلوزیون ایکس ویژن دوتا گرفتم راضیم ولی از مادیران توقع آمار اشتباه رو نداشتم   حالا پیشنهاد میکنم اگه برای تماشای انلاین فیلم می خواین یک کیس دست دوم معمولی بگیرین که خروجی اچ داری خیییلی بهتره و دیگر هیچ  یاعلی ,24,2
محصولات ال جی بسیارخوب هست من حدود 2 5 سال عست دارم استفاده میکنم راضی عستم از دیجی خریدم تعقیصداش کمی زیاده البته اون هم بخاطر قدرت بسیار زیاد موتور وگردبادی بودن استبگرش بسیار خوبه تمام خاکها و پرزها رو به خوبی جمه میکنه و فشرده میکنه به آسانی تمیز میشه ,100,1
بنده چند روزی است از این دریل استفاده میکنم در نظر قبلی هم گفتم واقعا ابزار شارژی خوب و بی نقصی است کیفیت کار و ساخت آن و سبکی دستگاه واقعاً دور از انتظار و به قول معروف چند سر و گردن از هم رده های خودش بالاتره   هم خود دستگاه و هم باطری آن ساخت مجارستانه که خودش خیلی ارزش داره و جای تعجب چون معمولا باطری ها چینی هستند و این نشان میدهد که بی خود این دریل شارژی جزو بهترینهای دنیا نیست   فقط از دوستان دیجی کالا میخواهم که  مشخصات فنی این دریل شارژی را اصلاح و داشتن حالت چکشی و چراغ نمایشگر جهت حرکت دریل رو هم به آن اضافه کنند    بازهم تاکیذ میکنم دوستانی که دنبال ابزاری از این نوع هستند  اگر گیرشان آمددر خرید آن شک نکنند تو بازار هم فعلا موجود نیست  ,96,1
تابه خوبیه گرمارو خوب پخش میکنه کیفین ساخت خوبی داره اینکه تابه هایه تفال نشنگر داغ شدنم دارن یه مزیته خوش رنگم هست ,92,1
بالاخره با جست و جو و پرسش زیاد این مدل رو انتخاب کردم و خریدم   امکاناتش خوبه   مصرف انرژیش هم    A هست که تو این رنج قیمت کمتر مدلی این بازدهی بالا رو داره   در کل خرید خوبی بین مدلای این رنج قیمته   ,84,1
کیفیت ساخت عالی به همراه پردازش بالا و طراحی بسیار زیبا در کنار صدایی با کیفیت از جمله نقاط قوت این محصول می باشد  ,100,1
همچیش خوب وعالیه فقط نمیدونم کارته هدیه 75000هزارتومانی که تو عکس هست از کجا باید گرفت چون رو خود محصول که امروز به دستم رسید کارت هدیه نبود لطفاً اگه کسی از کارته هدیه اطلاع داره راهنمایی کنه ممنون ,60,1
بعد استفاده حدودا 11 ماهه گذشته خیلی عالی کارکرده و از خریدم کاملا راضی هستم ,96,1
دریل عالی وزنش اون قدر که نوشته سنگین نیست بسته بندی خوبی داره پرقدرت در کل دریل خوبیه ,80,1
با یکبار شستشو بوی آهن  جلب توجه کرد و لکهای موجود در دیگ متعجبم کرد  بادتست آهنربا متوجه شدم نوع استیل   بگیر   است و به آهنربا میچسبد   به این معنا که جنس استیل به کار رفته خوب نیست با این مقدار هزینه اصلا پیشنهاد نمیکنم ,60,3
آبمیوه گیری زیبا و جدید که کار باهاش راحته  ساخت چین ولی قابل اعتماده فقط موقع آبمیوه گیری کمی نشت میده اونهم به خاطر خروجی آب میوه هست که اگه جای خودش سفت نباشه این مشکل پیش میاد  ,76,1
سامسونگ حرف نداره هم تلویزیون هم گوشی هم یخچال و سایر لوازم خانگیش  ,88,1
سلام من یک ماهی میشه ابن محصول رو خریدم از دبجی کالا ولی درکل بگم خیلی صدا داره از موقع شروع تا اتمام کار یعنی از زمانی که پودر رو میریزید ودستگاه رو روشن میکنید تا موقع خاموش شدن صدای زیادی تولید میکنه مخصوصا ابکشی من که راضی نیستم به نظرمن لباسهاروهم تمیز نمیشوره ,48,3
این محصول خیلی عالی است ,100,1
من دانشجوی کارشناسی مهندسی کامپیوتر هستم زیادم اهل بازی نیستم به شخصه که کار منو راه میندازه حتی میتونم تا 6 سال بعدم ازش استفاده کنم ولی برای شخصی که اهل بازی هست زیاد بهش پیشنهاد نمیکنم ولی اینو میتوتم بگم تو رنج قیمت خودش بهترین لب تاپه  ,76,1
من و خانواده ام گوشی های متفاوتی رو داشتیم چه از نوع سامسونگ  مثلا note 3  و آیفون  مدلهای اخیر  ولی همگی به کرات و بارها در مقابل ضربه و افتادن از دست و اکثرا در حالت ایستاده و روی زمین سفت و حتی نا هموار  آسفالت  سنگ و سرامیک  بسیار مقاوم بودند و موردی یا شکستگی و خش زننده و قابل توجه هم برایشان حاصل نشدهاست در حالی که من اخیرا سامسونگ note 8  گرفتم  و در اثر افتادن از دست آنهم از ارتفاع 40 سانتیمتری از گوشه اش ترک ناجوری برداشته است و نشان از یا  مشکل طراحی  لبه های تیز و ضربه پذیر  یا عدم دوام صفحه آنست ,52,1
به جز قیمتش همه چیزش خوبه ,84,1
من حدود 10 ماهه دارمش واقعا عالیه سنگین ترین نرم افزار های مهندسی  رو روش نصب کردم و بدون باگ اجرا میکنه  ,80,1
سلام  من تو پیشنهاد شگفت انگیز خریدم واقعا برای کارای سبک خیلی خوبه  بهترین مزیتشم قابلیت حملشه  صدای موتورش معمولیه و کیفیت ساختشم خوبه   ,64,1
من این کالا را بعد از کلی تحقیق سفارش دادم  با توجه به سیستم بسیار دقیق دیجی کالا این کالا بسرعت فاکتور و بارگیری شد و کمتر از 24 ساعت به شهرستان جنوب  رسید  کالاهای سنگین رابه تیپاکس و پست پیشتاز نمیدهند و اغلب توسط باربری ارسال میشوند  باربری این ماشین ظرف شویی را به شهرستان آورد ولی در شهرستان این کالای سنگین و بزرگ را با تاکسی به درب منزل آوردند  و طناب ها را باز کرده و با عجله گفت بلند کن کمکت کنم بزارمش داخل منزل  و کرایه را گرفت و رفت  همینکه رفت دیدمم روی کارتن بالای ماشین ظرف شویی به اندازه 5سانت زخمی شده  یهو متوجه شدم که آسیب به تخته نئوپان ماشین ظرف شویی رسیده  به راننده تاکسی زنگ زدم و گفتم اینطوره  گفت من تحویل دادم دیگه  زنگ زدم به دیجی کالا و راهنمایی کامل کردن و روش مرجوع کردن را گفتن  واقعا دیجی کالا مشتری مدار خوبی است  تشکر خواهشا با به این باربری تذکر جدی بدهید و خسارت برایش بزنید چون  این باربری واقعا اسم و رسم دیجی کالا را خدشه دار میکنه من این کالا را زیر قیمت نمایندگی بوش   از دیجی کالا خریدم  الان دیگه این کالا موجود نیست  و این باربری من رو متقبل هزینه بیشتر کرد  ,76,1
این هدفون به نسبت قیمتش فوق العادست   اصلا نمیشه توو خریدش شک کرد  وقتی باهاش یه آهنگ گوش بدید متوجه کیفیت بالای محصول میشید و اینکه تا الان هیچ لذتی از موزیک نبردید کلا نکات مثبته فقط تنها مشکلی که من دیدم یکم تووی استفاده طولانی مدت و پشت سر هم مثلا سه چهار ساعت یکم به گوش فشار میاره و اذیت میکنه یک ساله دارم استفاده میکنم و فوق العاده راضیم ,92,1
من این کالا رو حدود دو هفته هست که خریدم  البته در سه سایز  یکی از مواردی که در بدو دیدنش به نظرم اومد این بود زیر قابلمه آرم  مید این فرانس  خیلی تمیز چاپ نشده بود و ضمنا وسط هم نبود  که این مورد باعث شد فکر کنم شاید فرانسوی اصل نباشه  دوم اینکه بعد از اولین بار استفاده متوجه شدم چند تا نقطه از داخل در قابلمه دچار زنگ زده گی شده  و نکته سوم اینکه موقع باز کردن در قابلمه وقتی روی شعله گاز هست باید خیلی دقت کرد  چون مقداری از بخار داخل بخش وسطی در میماند که موقع حرکت دادن روی دست میریزه  و بار اول دست من رو کمی سوزوند  یه مورد دیگه هم اینکه اون بخش در که قرار باعث جلوگیری از بیرون رفتن بخار بشه توی هر قابلمه یه مقدار متفاوتی سفتی داشت و خیلی هم جلوی عبور بخار رو نمیگرفت  ,64,2
با سلام  این هدفون همین الان به دستم رسید و فوق العادس دقیقا همون چیزیه که تو باکس خود آیفون و بیس بسیار عالی داره در کل می تونم بگم دیجی کالا تمام اجناسش اورجینال و خیالتون کاملا راحته که جنس فیک نداره  ,100,1
خوب بود همه چیش ولی دوتا نکته توش ضعیف دیدم یکیش سی پی یوشه که اگه i7 بود بهتر مچ میشد با گرافیکش و دوم سی دی رام خیلی ضعیفشه  ولی با این حال من اگر دوباره بخوام بخرم توی این رنج قیمت همین میخرم ,72,1
عالی  راضی بودم ,88,1
با اینکه قیمتش بالاست ولی به نظرم با توجه به مشخصاتش واقعا می ارزه  ,100,1
من به دوستانی که قسط خریدن این محصول رو دارند میگم   سلام  من این دستگاه را نخریده ام اما با برسی دقیق نظرات دوستان و مقایسه این کالا با کالا های دیگر به این نتیجه رسیدم این دستگاه فقط ارزان تر هست نسبت به محصولات دیگر اما ساخت ایران کیفیت جنس پایین و نامطلوب هرچند یک تلویزیون عادی رو به یک تلویزیون هوشمند تبدیل میکند اما من به شما پیشنهاد میدهم بجای خریدن اسمارت باکس ایرانی یک کامپیوتر کوچک خارجی بخرید این دستگاه امکانات خوبی ندارد   و ویدئو را در حالت آنلاین پخش نمیکند  نسبتا میتوان گفت غیر قابل استفاده است  در آخر و جمع بندی من این محصول را پیشنهاد نمیکنم و تنها امتیاز این محصول ارزان بودنش هست  وگرنه هیچ   ,72,1
سلام من خریدم ارزش نداره تبدیل که میخوره زیاد قطع میشه صدا ,60,3
بسیار زیبا ,68,2
خیلی خوبه برا اینکه هشت کیلویی هستش و برای خانواده های شلوغ ایده آل هستش ,92,1
من این لپ تاپ رو حدود یک ساله ک گرفتم از همه نظر عالی بوده کیبرد تاچ پد اسپیکر و  فقط تنها مشکلش فنشه ک مدام سریع کار میکنه و زیرش سریع داغ میکنه از اول اینجوری نبود حدود 4 ماه هست ک اینجوری شده با اینکه برنامه خیلی سنگینیم روش نصب نیس نمیدونم چیکارش کنم ولی از بقیه جهات عالیه  ,80,1
سلام وقت بخیر حدود دو ساله از این محصول استفاده میکنم فوق العادس تقریبا از زمانی که در دیجی کالا موجود شد خریدم وتا الان دارم ازش استفاده میکنم ,100,1
من این لپ تاپ برای یکی از دوستام گرفتم  سرعت محدود شبکه LAN به سرعت 10 100  بعنوان ضعف براش در نظر گرفته شده  البته باید توجه داشت که اگه از پورت شبکه برای اتصال به مودم ADSL تون استفاده میکنید یا از لپتاپ در شبکه های عادی محل کارتون استفاده میکنید این محدودیت روی سرعت اتصال به شبکه های اینچنینی تاثیری نداره چون سرعت تبادل اطلاعات در  این شبکه ها به 100 مگابیت نمیرسه که پورت لپ تاپ بخاد محدودش کنه زاویه دید محدود صفحه نمایش اگه نخواین بغل دستی تون صفحه رو ببینه مزیت حساب میشه  با ویندوز10 خیلی روان کارمیکنه ویندوز 7 روش نصب میشه ولی برخی درایورها  مربوط به کارت گرافیک  پورتها و    شناسایی نمیشن ,84,1
من اتوی مخزن دار تفال رو براساس تجربه ای که خواهرم داشت گرفتم  البته ایشون اتو را تقریبا 10 سال پیش گرفته بودن  اتو کیفیت اتودهی  خوبی داره  اما میزان بخاردهیش اصلا اون انتظاری که من داشتم نبود ضمن اینکه در توضیحات اتونوشته شده طول سیم 3 متر  درصورتی که 1 5 متره   واقعا از این مسئله متحیر شدم  متاسفانه من بعد از 11 روز از خرید اتو متوجه این مسئله شدم وگرنه حتما عودت میدادم چون طول سیم اتو برای من جهت مصارفی مثل اتو کردن پرده خیلی مهم هست  ,60,2
من اینو  خریدم واقعا کیفیتش عالیه ,100,1
این محصول را حدود 2 سال پیش خریداری کردم برای مصرف خانگی واقعا عالی است کاملا راضی ,80,1
برای کسانی که دنبال یه هدفون پشت بسته روگوش میگردند این بهترین انتخابه   صدای واقعا عالی نسبت به قیمتش واقعا ارزش پولی رو که پرداختین رو به شما میده  برای محیط هایی مثل کتابخونه هم میتونین استفاده کنین ,92,1
عمقش زیاده ,60,2
سلام  من این لب تاب رو یکسال بیش از دیجی کالا خریداری کردم مشکلی هم برام بیش نیومده واقعا خوبه نسبت به مبلغی که دادم و کرافیکش هم عالی بازی هایی رو که توقع اجراش رو نداشتم اجرا کرد  اونایی که مایل به خرید لب تاب ارزون و مناسب هستن واقعا کزینه ی خوبی هستش  ممنون از دیجی کالا ,80,1
یک کرم پودر سبک با کاور بالا  عالیه  سالهاس دارم ازش استفاده میکنم و عوضش هم نمیکنم  قیمتش هم به نسبت کرم پودرهای دیگه که تو بازار هست و کیفیتش مناسبه ,0,1
بعد از چند دقیقه که باهاش کار کنی سریع داغ میشه که حتی برا تعویض کردن صفحه مجبورشدم بزارم سرد بشه البته از جنس چینی انتظار دیگه ای نمیره ,48,3
خوبه برای کارهای معمولی و روزمره مخصوصا باتریش ,64,1
کیفیت خوب تفلون قالب ,84,1
من سفارش دادم و احتمالا فردا میرسه دستم تا ببینم چجوریه اما بوش نمیتونه بد باشه من بیشتر برای گریل کردن گوشت و فیله مرغ و سبزیجات خریدمش ,60,2
در مجنوع دستگاه خوب و پرسرعتیه ,60,1
من که ازش راضیم فقط مشکلی که داشت درجه تبش بودهمین ,60,1
این پرینتر همه چیش عالیه فقط برای چاپ در تعداد بالا چون سرعتش کمه وقتتون رو میگیره  اگر حجم زیاد پرینت دارین حتی آ3 مثلا چند هزار صفحه می خواین بگیرین اونهم رنگی  این بهترین انتخاب و ارزانترین انتخاب ممکن هست ولی اگر سرعت پرینت براتون مهمه به دردتون نمیخوره من خودم با این چند هزار برگه ی آ3 گرفتم و خیلی باهام ارزون دراومده ولی زمان بیشتری باید وایسین تا پرینت ها انجام بشه ,60,1
از این جارو برقی فقط 3 بار اون هم به مدت سه دقیقه استفاده کردم   دفعات اول و دوم بعد از سه دقیقه شدیدا داغ و بعد خاموش شد و دوباره روشن کردم  دقیقا عین تلفن های سکه ای قدیم که فقط سه دقیقه میشد باهاش صحبت کرد  بار سوم روشن کردم و بعد سه دقیقه خاموش شد و دیگه روشن نشد  دیگه تعمیر هم نکردم چون آفتابه خرج لحیم کردنه و ارزش هزینه کردن برای تعمیر به هیچ وجه نداره   نه تنها ارزش خرید در پیشنهاد ویژه یا شگفت انگیز نداره بلکه مفت هم گرونه و خریدش مثل من پشیمونی به همراه داره بنابراین در خریدتون دقت کنید   ,0,3
تازه به دستم رسید  کیفیتش در حدی که میترسی روی سر بزاری بشکنه    شاید جنس موادش خوب باشه ولی اصلاً به شما این حس رو منتقل نمیکنه بیشتر شبیه یک محصول فیک است قاب دور گوشی ها از پلاستیک تو خالی ساخته شده بند روی سر از دو طرف به دو عدد کش وصل شده که اصلا جالب نیست  من از خریدش راضی نیستم با هزینه بیشتر محصول با کیفیت تر مثل زانهایزر بگیرید بهتره ,56,2
این تبلت آفیس رو ساپورت نمیکنه و باید از نرم افزار هایی ماننده پولورایز آفیس استفاده کنید  در کل چیزه خوبیه ولی واسه کسی که کار زیاد میخواد بکنه زیاد خوب نیست  ,60,2
پلوپز محبوب من ته دیگ عالی و خوشرنگ میده و گنجایشش واسه غذای 3نفر خوبه ,100,1
سلام با این قیمت و این سایز جایگزینی براش نیست اگر نیاز به تلویزیون 4k دارید بهتر است تو رنج قیمت 3 به بالا دنبالش بگردین 4k های 43 و 49 که زیر 3 تومن قیمت دارن  سخت افزار قوی برای اجرای 4k ندارن و کندی ایجاد می کنن نقاط مثبت زیاد داره کنترل جادویی با طراحی مناسب  کار  رو راحت می کنه ,100,1
من واقعا راضیم وخوشحالم که از دیجی کالا خرید کردم ,60,1
قبل از خرید دوربین خیلی تحقیق کردم بین سایتهای داخلی و خارجی مقایسه و نقدها رو دیدم و از دیجی کالا این دوربین رو خریدم  مطمئنا دوربینهای بهتر از این هم هست ولی قیمتشون بالاست و برای کسانی خوبه که به صورت حرفه ای عکاسی میکنن در این رنج قیمت D5600 بهترین هست میتونید از سایت dxo mark که منبع خوبی برای مقایسه دوربین و لنز هست امتیازها رو ببینید  لنز کیت همراه این دوربین بد نیست ولی برای لذت بردن از عکاسی به لنزهای ثابت مثل 35mm f 1 8 و 85mm f1 8 یا 50mm 1 8 نیاز هست  چون لنزها معمولا قیمت بالایی دارند برای انتخاب لنز ببینید به چه سبک علاقه دارید و حتما با تحقیق و مشاوره گرفتن از کارشناسها خرید کنید از پرسنل دیجی کالا بخاطر کیفیت خوب و گارانتی معتبر محصولاتشون و ممنونم  ,96,1
من این تابه رو سایز 24 و 22 اش رو هم تهیه کردم  کلا این سری so intensive تفال حرف نداره  عالیه اصلا شک نکنید تو خریدش ,100,1
من برای فیلم دیدن و کارای جزیی خریدم ولی اگه برای بازی میخواید بنظر من مناسب نیست یه مشکلی هم که دارم اینه که نور صفحه کم و زیاد نمیشه نمیدونم بخاطر عدم نصب درایور خاصیه یا مشکل از ویندوزه  تو کارتنش دو تا نوع ,0,1
کیف و کاور و سایر وسایلش پیدا نمیشه برای 4راحتتر پیدا میشه و  گارانتی بد با پاسخگویی بدی  داره ,60,3
بسیار با کیفیت و کارآمد   ,100,1
برای کارای دمدستی خوبه ,60,2
این ماشین لباسشویی رو تقریبا اواخر آذر از دیجیکالا خریدم  باید بگم که واقعا عالیه  از همه دست اندرکاران سایت دیجیکالا تشکر و قدردانی می کنم  ,92,1
باسلام خدمت دوستان عزیزی که بدنبال یک ارّه زنجیری برقی هستند ارّه زنجیری و برقی بوش دارای وزن کمی است یعنی 4 کیلو که این امر در استفاده طولانی از دستگاه ویژه گی بسیار مهمی است چون در هنگام کار با این نوع از اره ها باید دستگاه را محکم در دستانتان نگاه دارید و وزن زیاد آن میتواند خسته کننده باشد  نکته دوم خوش ساخت بودن دستگاه است که معمولا محصولات بوش این برتری را دارند ایمنی هم یکی از نکات مهم در انتخاب یک اره زنجیری است که این مدل با داشتن ترمز kickBack و توقف کامل و سریع زنجیر بلافاصله بعد از رها کردن کلید اصلی میتوان گفت ایمنی مناسبی دارد نکته دیگر طول زنجیر اره است که در این مدل با طول 35 سانتیمتر برای کارهای ساده باغبانی مانند برش هیزم   حرص و قطع درختان کوچک و متوسط کاملا مناسب است  ریل زنجیر این دستگاه مارک بوش است اما خود زنجیر آن مارک اورگون آمریکاست که مسلماً بهترین زنجیر برای اره های زنجیری است  تنها نکته منفی در این اره برقی نیاز به استفاده از آچار برای باز کردن درپوش زنجیر و تنظیم کشش آن است که باتوجه به آنکه باید بعداز هر بار استفاده از اره ها باید درپوش زنجیر باز شده و تمیز شود  میتواند کمی مشکل باشد  و در آخر اینکه همیشه خرید یک دستگاه کامل و بزرگ و گران قیمت و آخرین مدل گزینه مناسبی نیست در انتخاب ابزاری مانند این باید به کاربردی که از آن انتظار دارید توجه کنید  شاید یک اره موتوری 45 سانت سنگین آمریکایی بهتر از این مدل باشد اما مسلماً کار کردن با آن سختتر هم خواهد بود  ,76,1
تو این قیمت لپ تاپ خیلی خوبیه  واسه بازی کسی سراغ این قیمتیا نمیاد  همه چیزش در حد معمولیه صداش خوبه باتریشم هیچ مشکلی نداره من حدود یکساله دارمش ,72,1
من چندروز قبل اونو خریدار کردم  در طی سالهای گذشته ظروف نچسب تفال را هر وقت خریداری کردم سالها کارکرده وکیفیت محصولاتش مطلوب بوده  من توپیشنهاد شگفت انگیز خریداری کردم که حدود 36 درصدارزانتر از قیمت درج شده بود  برای کسی که براش کیفیت وسلامت ودوام ظروف اهمیت داره توصیه میشه ازاین ظروف استفاده کنید  ,96,1
نسبت به قیمت کیفیت و کارایی مناسبی داره  ,60,1
به نظر میرسه دستگاه خوبی باشه   قبل از این دستگاه بخار پز فلر داشتم و استفاده زیادی داشتیم ازش   مخصوصاً برای پخت برنج   و بخاطر ظرفیت بیشتر اینو خریدم  در نگاه اول با کیفیت به نظر میرسه مخصوصا محصولات پارس خزر که تونسته در تمامی این سال ها اصالت و کیفیت خودش رو حفظ کنه  ایراد خاصی نداره و میشه بهش اعتماد کرد  ,48,1
من سه روزه دریافت کردم و باتخفیف خریدم درکل راضیم  ممنون از دیجی کالا ,72,1
توی پیشنهاد ویژه چند ماه پیش گرفتم  واقعا قدرت چاپش عالیه و مصرف رنگش فوق العادس با کاغذ لاستر چاپ کنید ,84,1
سامسونگ حرف نداره هم تلویزیون هم گوشی هم یخچال و سایر لوازم خانگیش  ,88,1
رنگی که به دست من رسید بنفش بود و انتظارش رو نداشتم   اندازه اش هم نسبتا بزرگه  اگر سایز کوچکتری باشه  برای ماهی بختر هستش  ,48,2
من به پیشنهاد یکی از دوستان این وسیله رو خریدم برای موقعی که نوزاد را از حمام میاورییم استفاده می کنم و دیگر نگران سرما خوردنش نیستم ,84,1
هدفون فوق العاده آیه نسبت به قیمت فقط یکم جنس کله گیه هدفون ضعیفه و به نظر طول کمی داره برای کسایی که خیلی مهربون با هدفون رفتار نمیکنن ,80,1
قرارگیری نامناسب در گوش و کیفیت بد سیم که باعث گره خوردن همیشگی میگردد   ,28,3
خیلى ها میگن که این موس به عنوان زیر ساز آرایش استفاده میشه اما باید بگم خودش به تنهایى کافیه و نیاز به هیچ کرم پودر با پنکیکى ندارید  فوق العاده ست  ,96,1
با سلام و خسته نباشید   من این سرخ کن رو سفارش دادم و متاسفانه وقتی به دستم رسید سوخته بود و روشن نمی شد   از کیفیت پارس خزر بسیار متعجب شدم که چرا بدون بررسی نهایی محصولات رو میفروشند  من که دیگه از محصول پارس خزر دلسرد شدم   ,24,3
در مدل HD9240 XL وزن  7 کیلوگرم و توان  2075 وات و ظرفیت 3 لیتر و در مدل HD9240وزن  7 کیلوگرم و توان  2100وات و ظرفیت 1 2 کیلوگرم در HD9240 XL بدنه کاملا سرد که نشان دهنده عایق بندی بسیار مطلوب ابزار مصرف برق بسیار قابل قبول در برابر سرویسی که ابزاربه شما ارایه میدهد راندمان بالا  ظرف دیگ   تفلون  و توری دیواره تفلونی بسیار با کیفیت واجد بدنه مقاوم و با کیفیت زنگ هشدار در اتمام عملیات تغییر دمای عملکرد سیستم در حین انجام عملیات واجد یک واحد حافظه  برای ثبت دماو زمان مورد نظر کاربر برای سهولت در مصارف بعدی  کاربری فوق العاده اسان برای کدبانوی خانه و عدم نیاز به هیچ گونه آموزش عدم وجود لرزش یا زوزه  در حین کارکرد فن دستگاه برای ایجاد جریان هوای داغ ازسطح فوقانی  المنت  بر روی توری و دیگ جمع اوری  پیشنهاد میشود چنانچه از روغنهای کنجد ذرت   زیتون  هسته انگور روغن دانه برنج  کلزا افتابگردان  استفاده میشود دمای تنظیمی از دمای دود روغن مورد استفاده پایین تر بوده برای  جلوگیری از  ایجاد آکرولئین و مضرات آن برای بدن نقطه دود بعضی روغن ها  روغن گلرنگ 364 5   آفتابگردان 246 3  روغن سویا 241  کانولا  گلزا  237 9  ذرت 236  روغن بادام زمینی 231  روغن زیتون 187درجه سانتیگراد ,96,1
از اونجاییکه خیلی کم از دستگاه استفاده کردم نمی تونم نظر مناسبی بدم  اما بنظر دستگاه با کیفیتی میاد و کوچکی و سبکی دستگاه میتونه کار کردن با دستگاه رو راحت کنه ,68,2
کیبوردش حروف فارسی نداره  باید بخرید بچسبونید  بقیه چیزا با توجه به قیمت خوبه ,68,1
برای  اینکه dvd rw تون قطع و صل نشه و درایورش هی نپره  کل مجموعه دایدر لپ تاپتون رو از سایت لنوو دانلود کنید  از پکیج گردو استفاده نکنید  ,60,2
از همه لحاظ خوبه به نظرم نقطه ضعف خاصى نداره تو این رنج قیمت با این امکانات هدفونى پیدا نکردم هنوز واقعا خوبه ,100,1
ترکیب رنگش عالیه من خیلی از خریدش راضی هستم  ,68,1
من پارسال خریدم اصلا پوشش دهی خوبی نداره  نمیدونم فکر کنم به خاطر لایت بودنشه چون تا حالا لایت استفاده نکرده بودم  چند بار بیشتر استفاده نکردم ,60,3
بهترین انتخاب تو این رنج قیمت تو خریدش شک نکنین دیجى کالا از نمایندگى هاى خود الجى ارزون تر میده بهتره از خود دیجى جون تهیه کنید ,100,2
به نسبت امکانات  قیمتش مناسبه و ظاهر خوشایندی داره ولی نور صفحه نمایش واقعا پایینه البته این مورد در اکثر تلویزیونهای الجی دیده میشه و این باعث میشه تصویر دلنشین نباشه انگار طراحان شرکت الجی اصلا به این مورد توجه ندارن  ,92,1
من این لب تا ب رو دقیقا پارسال برای همسرم گرفتم  ولی چند روز پیش خاموش شده و روشن نمیشه کار سنگین هم باهاش انجام نداد  در حد سرچ مقاله و تایپ و پاورپوینت فقط ,60,2
با سلام من این دریل رو از دیجیکالا خریدم  اول باید بابت پلمپ بودن و بسته بندی خوب تشکر کنم اما  خیلی خلاصه بخوام بگم اینکه اون چیزی که توی ذهن ما از برند بوش وجود داره سری حرفه ای بوش  آبی رنگ  هستش  سری سبز رنگ بوش جهت استفاده خونگی هستش و به نظر من کیفیت مناسبی  نسبت به اونی که ما از برند بوش انتظار داریم  رو نداره در کل پیشنهاد میکنم اگر قصد خرید برند بوش رو دارید سری Professional   آبی رنگ  رو تهیه کنید  ,60,3
اگر دنبال یک وسیله کاربردی واسه درست کردن غذای سالم و بدون روغن به روش گریل  سریع هستید بخرید  ولی اگه غذای چرب سرخ شده تو روغن دوست دارید پولتون  را دور نریزید ,76,1
سلام به دوستان عزیز این تی وی رو دیروز 23 تیر تحویل گرفتم و می خوام با سونی 4k عوضش کنم چون تا الان فقط از سونی استفاده میکردم و از کیفیت تصویر این تی وی راضی نیستم و قسمت های تیره تصاویر رو خوب نشون نمیده ,36,2
رنگش متوسط تیره هست نه روشن ,64,1
بعد از دو سال استفاده کف اتو چون سرامیکی هست با یه ضربه لب پر شد ,88,1
سریع و تمیز پاک میکنه  لازم نیست هی پد عوض کنین و باز روش پاک کننده بریزید اینقدر که چشمتون بسوزه   تجربیات قبلی من   در کل خوبه و از خریدش راضی هستم ,88,1
واسه پوست خشک مناسب نیست بعد از چند بار استفاده صورت رو پوسته پوسته میکنه ولی روی پوست چرب خواهرم خیلی خوب جواب داد  ,60,2
همه چیزش خوبه الا رنگش  ,92,1
فقط بخر عالیه ,100,1
کمتراز18ماه آی سی تغذیه یا هاردش سوخت نفهمیدنم چرا درستم نشد خاموش شد خودبه خود روشن خاموش میشد روی لوگو گیرمیکرد ,72,3
عالیه اینو بخرید سراغ هیچ تابه دیگه ای نمیرید شاید فکر کنید قیمتش بالاست اما واقعا ارزش پولی که میدینو بهتون برمیگردونه ,100,1
تمام ابزاری که مارک بوش رو دارند بهترین هستن شک نکنید ,92,1
اصلا باورم نمیشه با این قیمت یه هدفون عالی گیرم اومده باشه  یکی میگفت یه کمپانی خیلی تلاش میکنه تا یه برند مطرح بشه   واقعا سنهایزر عالیه عالی ,60,1
من این مینی فرز رو از دیحیکالا سفارش دادم و به دستم رسید فوق العاده قدرتمند خوش دست و هرچقدر از خوبیهاش بگم کم  گفتم کلید on و off کردنش اونقدر فوق العاده نرم و حرفه ای هستش که به هزارتا مارک دیگه می ارزه در کل من صد در صد پیشنهاد میکنم البته سری e همین مدل هم تازه وارد بازار شده که علاوه بر چیزهایی که گفتم دیمر  قابلیت کنترل سرعت  داره و سیستم restar protect واسه اینکه موقع روشن شدنش قدرت دستگاه باعث وارد کردن ضربه به دست نشه و به اصطلاح لگد نزنه  ,84,1
سلام من پارسال خریدم کیفیت صدا خیلی خوبه اگه تلوزیونتون پاناسونیک باشه به صورت اتوماتیک باهاش ارتباط برقرار میکنه ولی متاسفانه تعداد محدودی از فرمتهای صوتی و تصویری اجرا می کنه رو اجرا می کنه ,48,1
برای میوه پوست کردن اصلا خوب نیست کاش از مغازه میخریدم کنده کنده فقط نصفه قسمت استیلش حالت اره ای داره ضمنا اصلا ارزش قیمتشو نداره ,16,3
با توجه به اینکه این مانیتور از برندهای معروف نیست و از سری محصولات سفارشی و پک شده داخلی است و بر روی ظاهر و 3بعدی بودن و سیستم عامل آن مانوری داده نشده است قیمت آن پایین است  با فاکتور گرفتن موارد ذکر شده تمام مزیت ها و امکانات یک تلویزیون عالی و خوش قیمت را داراست  شخصی که قصد تماشای تلویزیون و فیلم های mkv بصورت اچ دی را دارد تفاوتی ندارد که سونی یا ایکس ویژن را بخرد  بخرید و لذتش را ببرید  ,68,3
سلام  من این محصول رو دست دوستم دیدم و خیلی ازش خوشم اومد و برا خودمم تهیه کردم  من بجز این وسیله  از هدفونای اورجینال بیتس هم استفاده کردم که در مقایسه با این محصول   بیتس واقعا بــــیــــز  bass  خیلی قوی تری داره  ولی این هدفون سونی واقعا تفکیک صداش خیلیییی بهتر از بیتس هست  من خودم شناگر هستم و موقع تمرین همیشه حوصلم سر میرفت  ولی بعد اینکه این هدفون رو تهیه کردم واقعا شنا کردن لذت عجیبی بهم میده و دیگه خسته کننده نیست  فقط باید دقت داشته باشین که قبل اینکه گوشتون خیس بشه  باید سر مخصوص آب هدفون رو استفاده کنین و قبل خیس شدن بزارین رو گوشتون  راجب دکمه هاشم بگم که اول شاید یکم گیج کننده باشه ولی بعد یکی دو روز راحت عادت میکنین  بعلاوه اینکه یه سخنگو هم داره که وقتی دکمه ای رو میزنین براتون میگه که کدوم دکمه فشرده شد  یدونه از عیب هاشم اینه که وقتی مزیک پخش میشه اون موزیک رو نمیتونین یکم جلوتر ببرین  ولی یه حالت زاپ زین هم داره که وقتی موزیک تموم شد موزیک بعدی رو چند ثانیه جلوتر شروع میکنه  در کل وااااقعا بهترین هدفون و پلیری هست که تو عمرم دیدم همچنین باید اینم در نظر داشته باشین که بجز کامپیوتر از هیچ راه دیگه ای برای شارژش سعی نکنین  مثلا با شارژرای گوشی اصلا اقدام به شارژ نکنین  من یه بار اینکارو کردم مال من سوخت  بردم نمایندگی گفتن بخاطر نوسان جریان سوخته و غیر قابل تعمیره و چون گارانتیشم تموم شده کاری نتونستم بکنم  ولی در عوض اونو تحویل دادم و یدونه دیگه از همون با نصف قیمت گرفتم که این تعویض هم مادام العمر هست  یعنی بعد گارانتی اگه مشکلی پیش اومد محصول معیوب رو اگه بدین با نصف قیمت از همون محصول میتونین دوباره تهیه کنین ,60,1
با توجه به قیمت این مدل بهترین گزینه میان لپ تاپ های تو این رنج قیمت هست من چند روزی میشه خریدم و کاملا ازش راضیم به جز نبود دی وی دی که بهش عادت کردم و همچنین موندن اثر انگشت روی بدنه  خیلی زیاد  راضی کننده است   وجود اس اس دی   نور پس زمینه صفحه کلید    پردازنده قدرتمند و همچنین گرافیک قوی از مزایای این لپ تاپ است خلاصه نسبت به قیمتش عالیه ,80,1
کارتریجش هیچ جا پیدا نمیشه ,48,3
در کل خوبه ,100,2
توی این رنج قیمت نسبت به خیلی لپ تاپ ها با این کیفیت و قابلیت عالیه من که خیلی راضی هستم  ,64,1
کیفیت صدا عالی در رده قیمتی  طراحی نسبتا عالی و شیک  اگر کمتر هزینه میکنید   در خریدش شک نکنید   گول ظاهر سایر محصولاتم نخورید ,88,1
عالی عالی عالی هستش  پیشنهاد میکنم ک حتمن بخرید ,100,1
من توی پیشنهاد ویژه خریدم   اولا ازین که جوهر فابریک داخل کارتن بود واقعا خوشحال شدم ک البته فقط گارانتی مادیران این کار رو میکنه گارانتی آواژنگ جوهر نمیذاره در عوض هد دستگاه رو گارانتی میکنه   بهرحال راه اندازیش راحت بود فقط کابل نداشت که خورد تو ذوقم  یماهی  هست دارمش تا الان شاید 300 عکس چاپ کردم و بخاطر کیفیت عالیه چاپ کم بودن سرعت چاپ رو میبخشم   البته ارزش داره کیفیت رو ترجیح میدم تا کمیت کار  کاغذ مخصوص عکس و جوهر فابریک استفاده کنین هروز بیشتر عاشقش میشین    در خریدش شک نکنین  اسکنش هم کیفیت بالا و خوبی داره من بعد از هر 20 عکس یا یه بسته کاغذ یبار هد کلین میزنم و چک نازل ,68,1
سلام خدمت دوستان خریدار بنده بعد از 1سال و 8 ماه استفاده از این هندزفری دارم نظرم را میدهم  کیفیت پخش هندزفری خیلی خوب است و بیس قوی دارد ولی چون هندزفری از پشت بسته است گوش دادن زیاد موسیقی سردرد می آورد و خسته میشوید  نقطه ی ضعف دیگر این هندزفری کیفیت سیم آن است گه در ابتدا خوب جلوه میکند ولی به مرور استفاده و قرار گرفتن در آفتاب حالت نرم و چسبناک می گیرد  و یکی از گوشی های هندفری بعد از یکسال و نیم اسفاده از کار افتاد  خلاصه این هندفری به اندازه قیمتش کار نکرد ا ,56,3
عالیه  خیلی دوسش دارم  فکر میکردم این شماره تیره تر باشه ولی خیلی خوب بود رو پوست  پوشش دهیش هم عالی ,0,1
پوشش خوبی داره برق نمی افته ماندگاری بالایی داره ,88,1
سلام  من این کانسیلر رو خریدم   سر کانسیلر یه قلم مویی داره که باعث میشه شما خیلی راحت کرم رو روی صورت بکشید  روش کار با قلم این کانسیلر به این صورت هست که شما قسمت متحرک پایین قلم رو یکی دو بار میچرخونید تا کرم خارج بشه و بعد با قلم مویی  اونو روی لکه ها ی پوست و زیر چشم پخش کنید  کلا کانسیلر های قلم مویی خیلی بهتر از مدادی و ماتیکی هست  ,84,1
کوچولوی دوست داشتنی و کاربلد ته دیگشم عالیه ,72,1
بسیار عالی و با کیفیت ,64,1
اسکرین سیور قابل آپدیت داره با کیفیت بی نظیر  طراحی ریموت که مجهز به ژیروسکوپ کاملا حرفه ای هست همراه با تاچ پد  کیفیت تصویر بینظیره  سینک عالی و راحت گوشی و اپل آی دی  در کل به شدت توصیه میکنم چون بسیار حرفه ایه  ,60,3
فوق العاده حس کنسرت رو بهت میده   بیس بالا حتماً بخرید پشیمون نمیشید ,100,1
علاقه زیادی به اشپزی و خرید چاقوی اشپزی دارم  این واقعا عالیه کا زوتر اینو می خریدم اینهمه پول چاقو نمی دادم به جز گوشت  هرچی مثل سبزی پیاز و گوجه رو راحت می بره ,80,2
تفال بی نظیره ,100,1
سلام من دیروز خریدمش من برا خرد کردن گردو برا فسنجان میخواستم ولی خیلی خوب له نمیکنه گردو رو  در ضمن موقع کار کردن صدای بسیار گوش خراشی داره درضمن ساخت ترکیه است فرانسوی نیست ,60,2
من این رو مدل دکمه دارشو خریدم از همین دجی کالا  یک و نیم سال عالی کار کرد و بعدش یه گوشیش صداش نصف شد اینو خریدم ک متاسفانه از همون اول این مشکلو داشت  درضمن کیفیت سیمش در اون حد نبود و مثلثی نبود سیمش و دایره ای بود    و برگشتش دادم   ک ضرر هم کردم درکل از خرید هنذفری دلزده شدم  و میخوام یه هدفون خوب بگیرم  ,60,3
عالی بود این کنسول همچنین بخاطر رنگش و ساختار زیبای ان و اینکه دست ان هم همرنگ خودش است   خلاصه عالی ,100,1
واقعا ارزش خرید جنس عالی و با کیفیت ,60,1
رنگ سفیدشو سفارش کردم وقتی تحویل دادن و بسته رو باز کردم تو نگاه اول با یه هندزفری بی کیفیت و چیزی شبیه فیک مواجه شدم سیم با وجود نواری و پهن بودن اما نازکه اما وقتی به گوشی وصل کردم و با پلیر قدرتمندی مثل jet audio تست کردم کلا نظرم عوض شد شاید ظاهرش احساس خوبی به ادم نده اما توی پخش صدا واقعا بی نظیره هندزفری قبلیم  sony sbh80 بود که مشخصاتش توی دیجیکالا موجوده که با وجود قیمت بلاش کیفیت و صدای فیلیپس به مراتب سر تر از  سونیه در کل نسبت به هزینه ای کردم بسیار عالیه در مورد بیس هم بگم که توی هر تنظیمات و توی هر اهنگی بیس بسیار پر قدرت و عالی عمل میکنه و توی هیچ شرایطی کم نمیاره اگرم سری اهنگ های  بیس دار رو تست کنین بیس هندزفری مثل ساب JBL لوله  ای گوش رو میلرزونه ,72,1
کیفیت صداش بسیار پایین هست و من که با تخفیف زیاد  85 خریدمش هم پشیمونم  پاسخ فرکانسیش حتی محدوده شنوایی انسان رو پوشش نمی ده  تها خاصیت متفاوتش که شاید بدرد بخوره سیم سه متریشه که فکر نمی کنم برا خیلیا مهم باشه  ,40,3
اگه دنباله ته دیگ واقعی بدون سیاه شدن وچسپیدن در دراز مدت و برند واقعی تفلون هستین هر مدل تفال رو بگیرین پشیمونی نداره   اما قیمتش هم نسبت به سایر برندهای تو ایران بالاست اما یادتون باشه به قول انگلیسی ها ما هنوز انقدر ثروتمند نشدیم که جنس ارزون بخریم ارتفاع قابلمه 28 باید کمی بیشتر می بود اما 8 نفر رو به خوبی ساپورت میکنه سایز کوچیکش جون میده برای یه زوج نقلی و کارامد  من خانومم برند معروف دیگه ایی برای جهازش داشت سنگین تر وشیک تر اما خودش هم فهمید تفلون به چی میگن تا این رو خریدم  خیلی مدرن نیست اما طرح هایی هم رو بدنه داره   بعد از 7 سال زندگی دانشجویی  و مجردی تفال رو به همه پیشنهاد میکنم و از شرکت سب هم خواهش میکنم کمی قیمت ها رو کاهش بدن تا اکثر جامعه توانایی خرید رو داشته باشن و از سر اجبار سراغ برندهای اسم در کرده بی کیفیت نرن ,88,1
بسیار با کیفیت و کارآمد   ,100,1
این باندها رو تازه از دی جی کالا خریدم با ضبط فابریک پرشیا بدون آمپلی بستم خوب جواب میده بیس سنگین و خوبی داره   ولی در کنارش مکمل تیوتر لازم داره   در کل کیفیت خوب و پرتاب صدای خوبی داره و نسبت به قیمتش ارزنده است ,80,1
سلام  من اینو زمستون از دیجی کالا خریدم قدرتش تقریبا خوبه بازی pes 2015 روی رزولوشن hi بدون کوچکترین لگی اجرا کرد ولی کال اف نسخه 2 که قدبمی ترین نسخه کال اف هست رو با لگ اجرا میکنه  در کل نسبت به قیمتش خوبه ولی بزرگترین عیبش کیفیت پایین و زاویه دید فوق العاده محدود صفحه نمایش هست  ,68,1
تقریبا مانند یک کامپیوتر قوی علاوه بر یک کنسول بازی عملکرد داره و خیلی از فایل هایی که در ویندوز اجرا می شه از جمله آفیس در ایکس باکس قابل اجراست و باز های حرکتی هم کاملا اجرا می شه ,92,1
من یکی دو ماهه از این لپ تاپ برای کارهای دانشگاهی استفاده می کنم و سیستم عامل لینوکس اوبونتو 16 04 روش ریختم که تا الان همه چی خیلی خوب پیش رفته  این که از اول سیستم عامل نداشت برام نکته مثبتی بود  بهترین قوت این لپ تاپ وزن پایینشه و حملشو خیلی آسون می کنه  برای من که استفاده ای از سی دی و دی وی دی ندارم  این که درایو مربوطه رو نداره نکته مثبتیه  هم از این جهت که سخت افزار اضافه نداره که یه موقع به مشکل بخوره  هم از این جهت که باعث کاهش وزنش شده  عمل کرد باتری کاملاً قابل قبوله  شکل ظاهری لپ تاپ هم مثل خیلی مدل های دیگه ایسوس قشنگه  ,92,1
واقعا هدفون های فیلیپس عالیه من دوسال یه مدل پایین تر اینو داشتم و دارم هنوز واقعا هیچ جا احساس کمبود نکردم اینو هم هدیه واس دوستم خریدم شک نکنید تو انتخاب این هدفون   ,96,1
یکی از بدترین ارگونومی های موجود توی بازار  همون لحظه اول که گذاشتم تو گوشم پشیمون شدم از خریدش  اصلا توی گوش خوب جا نمیگیره ولی صداش خوبه ,36,3
تبلت نسبتا خوبیه کیفیت تصویر عالیی داره شیک و زیباست سرعتش عالیه اما کابل های تبدیلش برای وصل کردن اچ دی ام آی و اینترنت نایابه  حافظه ی خودش هم کمه  ,68,2
درود خدمت دوستان  اول چیزایی که خوشم نیومد و عیب بنظرم اومدن رو میگم و بعد میریم سراغ چبزایی که خوشم اومد  قبل از هر چیز اطلاعات حرفه ای رو بگم  این ایرفون که به طور کلی هدفون خواهم گفت یه مانیتور داخل گوشی هست که نویزکنسلینگ نسبتا خوبی داره و سونداستیج نازک و بیس نسبتا زیاد با میدرنج شفاف و صداهای زیر کریستالی هست که موسیقی های راک و متال رو عالی و ارکسترال های متنوع و سولو های اجرای زنده و غیره رو خوب پخش میکنه  حتی هیپ هاپ هم توی این هدفونا قابل قبوله  موزیک های بسیار شلوغ جذابیت خودشون رو به دلیل سیبلانس نسبتا بالای این هدفون از دست میدن  سرعت ریسپانس بیس متوسط هست و اتک بیس خیلی خوبه و مناسب ترنس هم هست  دک و آمپ مناسب کیفیتش رو افزایش مناسبی میدن اما صدا به راحتی توی ولوم 60 درصد Htc10 و 50 درصد الجی وی20 دیستورت میشه  کیفیت سرجک هم بالاس و روکش طلا داره و به صورت ال شکل هست که شخصا نمیپسندم   اولا این هدفون بسیار نازک نارنجی هست و با اینکه بسیار عالی نگهداری کردم ازش گوش چپش در نهایت قطع شد  دوما با اینکه سبک هست و کوچیک اما در گوش جوری جا میگیره که هوا در گوش کیپ میشه و قاعدتا در دراز مدت اگر ولوم رو به این خاطر زیاد کنید یا هی هدفون  رو از گوش خارج کنید و دوباره بذارید که تجربه جالبی نیست  سوما این هدفون کابل عجیبی داره و با اینکه گره میخورد اون اوایل که سفت تر بود با یه کشیدن آروم باز میشد اما بعدا این خاصیتشو از دست داد  در مورد کابل اینو هم بگم که بسیار نازکه و شکل کوتاه بلند و نابهنجاری داره و بر خلاف تبلیغاتش اصلا برای ورزش مناسب نیست  چهارما این هدفون اگر با یه گوشی مثل الجی وی20  یا جی6 پلاس  وی30  یا اچ تی سی10 که آمپ قدرتمندی دارن وصل شه در ولوم 50 تا 70 درصد شروع به وارد کردن خش خش و همچنین سیبلانس به صدا میکنه که بسیار آزار میده گوشتون رو  پنجما گارانتی این هدفون توی تمام مدتی که تماس گرفتم هیچ دفعه ای گوشی رو بر نداشتن و خب عملا بی استفاده موند گارانتی  و تموم شد  واقعا دلگیرم ازشون  ششمین عیبی که داشت این هدفون این بود که بیس زیادی حجیمی میزد  البته شاید این رو سلیقه ای تلقی کنند اما به هر طریق من جزییات بیس رو میخوام  حالا هر چقدرم حجیم میخواد باشه و این این هدفون این کار رو نکرد  بعد از اینهمه کوبیدن بریم سراغ مزایا که کم هم نیستن اما جبران خدمات ضعیف رو نمیکنن  اولا نوع صدای این هدفون محبوب همه اس و فکر نمیکنم کسی بدش بیاد از صدای تولیدی درایور های این هدفون   در حالت دیستورت نشده   مخصوصا  اگر موزیک کلاسیک گوش کنید جزییات صدا واقعا لذتبخشه  دوما وزن و اندازه بسیار کم هدفون هست که برای استفاده پرتابل عالیه  دلیل سوم که به دلیل دوم هم مربوطه کیف نگهدارنده هدفون هست که با کیفیت و ساده و شیکه و لذت استفاده پرتابل رو دو چندان میکنه  دلیل چهارم که شاید عجیب باشه برای خیلیا  کیفیت لاستیک هاییه که توی گوشتون میرن هست  بسیار راحت هستند و میتونید ساعتها حتی برای یه هدفون دیگه استفاده کنید و یه مقدار صدا رو سرد تر میکنند  دلیل پنجم و مهمترین دلیلی که این هدفون رو خریدم نویرکنسلینگ بسیار عالی و کم نقص اون هست  توی سفر باشید یا توی خیابون قدم بزنید فرقی نمیکنه  این هدفون اطرافتون رو به اندازه کافی ساکت میکنه  برای من این یه ویژگی لازم هست اگر هدفون پشت بسته بخرم  در نهایت از دیجیکالا باید تشکر کنم که حداقل محصول اصلی دستم رسوند با اینکه این محصول رو اون زمان بعد از ده پونزده روز فکر میکنم دستم رسوند و حسابی ناراضی بودم که شاید به مسافرت عید نرسه ولی رسید و خاطره ساز شد   جا داره این رو هم بگم که سنهایزر CX 3 00 که دیجیکالا هم داره نسخه جدید همین هدفون هست و هیچگدوم از مشکلات ذکر شده رو نداره  غیر از گارانتی  و یه هدفون بی نقص هست اما یه تفاوت کلی با این هدفون داره و اونم توی بخش کریستالی و شارپ بودن صداش هست  Cx300ii صدای شارپ تری میده و مدل جدیدش که عرض کردم گرمتر و در واقع بالانس تر و جذابتره  قبل از خرید هر هدفونی در صورت امکان حتما تستش کنید   نظرتومهمه ناصری ,92,3
دوربین امروز به دستم رسید فوق العادس   با زوم دیجیتالش 160 تا زوم میکنه   ,100,1
اتوی خیلی خوبیه  پاسخگوی تمام نیازهای روزانه هست  استفاده ازش راحته  و برخلاف نظر بقیه دوستان که گفتن ,80,1
مناسب برای کارهای روزانه و وزن کم ,80,1
این لپ تاپو من بهمن 95 گرفتم  به طوری که چند روز پس از خرید من  به طور کامل تموم شد  این لپ تاپ نوشته کاربرد مالتی مدیا ولی من باهاش به سادگی برنامه نویسی میکنم و اخ نگفته هنوز    تو این رنج احتمالا بهترین هست  اگه دیجـــی کـــــالــای محترم دوباره موجودش کرد  وقت رو تلف نکنید و حتما بخریدش  ,88,1
این محصول ایرانی من رو متقاعد کرد که در خریدهام نگاهی به تولیدات داخل هم داشته باشم  واقعا در اولین مرحله استفاده کیفیت خوبش رو متوجه شدم   ,84,1
صدای هارد دستگاه به وضوح شنیده میشود  که مربوط به کیفیت ساخت پایین فریم د ستگاه میباشد   کیفیت صدای  عالی نسبت به قیمت پرداختی    بابت صدای هارد به مرکز خدمات پس از فروش دیجی مراجعه شد که علت را ضعف ساختاری عنوان نموده  و با مراجعه به گارانتی  هامی   علت را  اسلیم بودن هارد عنوان کردند  ,56,3
بوی پلاستیکی که ازش ساخته شده خیلی بده  کل کابینت بو گرفته قطعا جنسش سیلیکون نیست  فکر کنم مجبورم دور بیندازمش  ,36,3
سلام من خیلی وقته که میخاستم یه زودپز خوب و راحت بخرم و در نهایت اینو خریدم  باید توجه داشته باشید که زودپز چیزی نیست که تند تند عوضش کرد معمولا مال مادرهامون ده ساله که داره کار میکنه  این زودپز درسته که قیمتش یکم بالاست اما به اینکه ده سال درش با یک حرکت باز بشه و راحت شسته میشه و وزنشم مناسبه می ارزه   البته بگم ده لیتریش خیلی بزرگه   من جوری خریدم که تا نوه دار شدنم بمونه و ایرادی هم نداره چون با دو لیوان اب هم میتونید از این زودپز استفاده کنید  راستی صداش هم خیلی نسبت به زودپز قبلی من کمتر بود  ,60,1
هدست بسیار عالی برای گیمینگ و موزیک   کاملا ارزش داره نسبت  به قیمتش  ,100,1
واقعا مناسب نسبت به قیمتش خیلی عالی با کیفیت تصویر با زاویه دید خمیده واقعا حرف نداره  ظاهری شیک جدید 2017هس  ممنون از دیجی کالا ,60,1
این لب تاب از دیجی کالا گرفتم خوبع کیفیت بدنه شکل راضی کنندس ویندوز یکم سخت رو ش نصب شد  ولی عالیه با این قیمت تمام پرت های کاربردی داره  من روش ویندوز  10 نصب کردم  خیلی راحت اجرا کرد نصبت به قیمتش عالیه تو پیشنهاد ویژ ,68,1
حتماپیشنهادمیکنم عالیه من تاحالا4تاجشنوا زش استفاده کردم توفضای بازعالیه  ,88,1
من این دوربین رو خریدم از دی جی کالا و راضیم  اما بعضی از دوستان میان مینویسن اصلا خوب نیست یا گوشی میان رده از این بهتره  از نظر من حتی ایفون ایکس هم نمیتونه به خوبی این عکاسی کنه  عزیزانی ک میگین خوب نیست مشکل از شماس ن دوربین  شما نمیتونین بهترین تنظیمات رو انتخاب کنین وگر ن این دوربین دوربین کاملیه و کیفیت عکاسی و فیلم برداری قابل قبولی رو هم داره  ,84,1
بسیار عالیه وکاربردی من که خیلی راضی یم ,88,1
کنسول یک هفته هست رسیده دستم خیلی خوبه با این که با کابل رابط به مانیتور وصلش کردم ولی خداییش کیفیتش خوبه  هم واضح هست هم از نظر گرافیکی خوب هستش ,96,1
سلام من از این پنکیک خوشم اومده منتهی حجمش کمه نسبت به قیمتش  ولی از نظر کیفیت خوبه من پوستم خیلی جوش میزنه نسبت به کرم و پنکیک حساسه اما این پنکیکو که زدم الان سه روزه استفاده میکنم خداروشکر جوش نزدم ماندگاریشم خوبه من از صبح حدود ساعت 10 زدم تا 10 شب هنوز رو پوستم بود منتهی با جلوه کم تر   ,80,1
دسته یکمی سنگینه که بسیار خوش دست تر میشه تو استفاده  جنس و اندازه هم بسیار عالی  هم برای قابلمه بزرگ کاربردیه هم تابه  ,100,1
تابه  خوبی است من پیشنهاد میکنم اگر به دنبال تابه ایی با قیمت مناسب و کارایی بالایی هستید حتما از این تابه استفاده کنید   ,80,1
قیمت مناسب نسبت به بازار اپسون بصورت تخصصی رو پرینترهای رنگی کار میکنه و کیفیت دستگاه هاش خیلی بهتر از کنون و اچ پی هستش مدل 3620 یه مدل جدید و پیشرفته هست مخصوصا اینکه چاپ دورو و وایرلس و کارت خوان داره که بسیار پرکاربرده قبلا پرینتر یک رو زن داشتم که برای اینکه دورو بزنم کلی برگه و وقت رو باید هدر میدادم که کلی دردسر داشت این پرینتر تو بازار دقیقا 300 تومن گرونتر از دیجی فروخته میشه  ,60,1
حتما اگه میخواین اتو بخرین بهترین مارک فیلیپس و بهترین اونم مدل های Arzur هستش ,100,1
نام محصولی که در سایت معرفی شده داس برقی می باشد  در صوزنی که محصول واقعیی دریافتی من و شما فقظ یک آلمیچر دسته دار بدرد نخوره  تمام عرایضم صادقانست  ,60,2
همزن خوبیه مخصوصا برای استفاده در ظروف تفلون چون ظرف رو خط نمی اندازه ,68,1
من تازه خریدم وازش استفاده کردم   فقط میتونم بگم فوق العاده ست  محشره   بسیار توصیه میکنم بخرین ,84,1
بعد چند روز پوکید ,28,3
خوبه قیمتشم مناسبه ,60,1
بسیار خوب و کار آمد ,88,1
در کل راضی کننده اس و برای فضا های 12تا24 متر اندازش خوبه در غیر این صورت باید 55یا 65 تهیه کنید ,80,1
کامپوننت که نیست فقط تیوترش جداست که برا من خیلی شر شدنصبش چون اصرار داشتم خیلی تمیز کار کنم و از خرطومی در 206 ردش کنم  در کنار سیستم که باندِ طاقچه و ساب و آمپ هست بد نشده ولی پیشنهاد میکنم یکم بیشتر هزینه کنین بهترش رو بگیرین  ,44,2
بسیار ضعیف و مکش بسیار کم سری جارو هم خیلی کوچک است و ناکارآمد ,60,3
بدنه و باطری ضعیف است ,80,1
مقایسه شما درست نمی باشد به دلایل زیادی   اینکه سلیقه خودتون رو ملاک قرار میدید و به تعریف و تمجید می پردازید   بله این نوع صدای مورد علاقه شماست که باعث میشه رای بدید به یک برند و در چنین حالتی نظرتون  کاربران رو نه تنها کمکی نمیکنه بلکه گیج خواهد کرد   عبارت هایی مانند وضوح خیره کننده   شفاف  فوق العاده   بی نظیر  و  همه بر میگرده علاقه شخص  و اما هیچ کس نباید برندی رو تخریب کنه   همان هلیکس که نام بردید شخصا صدای اون رو شنیده ام   صدایی معمولی و کمی شبیه بهE69 این شرکت داشت   حال بپرسیم چرا از اون به عنوان خیره کننده نام بردید تنها دلیلش میتونه   جنس صدای مورد پسند شما باشه   اضافه کنم تجربه صدای کامپ های رده بالا رو داشتم با این حال کفه ترازو رو به سمت هیچ برندی سنگین نمی کنم  ,80,1
این محصول رو من تازه خریدم  و باید بگم که واقعا راضی بودم ازش   لب های من با اکثر رژها و خط لب هایی که میزنم خشک و پوسته پوسته  میشه و چرب بودن این پاک کننده باعث میشه اون خشکی جبران بشه برای آرایش چشم هم همینطور  اصلن حتی یه ذره هم سوزش نمیاره برای چشمم  و خیلی خوب ریمل هامو پاک میکنه   و همینطور باقی مونده کرم پودر و اینطور چیزا که دور چشم میزنم  تنها ایرادی که داره اینه که باید خیلی هم بزنی تا مخلوط شه و بعد که درشو وا میکنی یکمش می ریزه  که خب مشکل از بسته بندیه ایراد محصول نیست  و اگر از مغازه می خرید حواستون باشه که محصول تولید ترکیه نباشه چون از نظر کیفیت درجه دو حساب میشه  ,68,1
من دو روزه این هدفون رو گرفتم  صدا رو کاملا به بیرون انتقال میده مخصوصا وقتی صدا رو زیادش کنی  ولی در مقایسه با 3 هدفونی که توی همین رنج قیمت دارم و تست کردم صداش از همشون بهتر بود ,76,2
لب تاب خوبیه با بازده ی بالا برای یه کاربر معمولی مناسب نیست ,92,1
سلام من حدود ده روزه که این دوربین رو دارم بسیار دوربین خوبی هستش و اصلا قابل قیاس با دوربین گوشی موبایل نیست زوم بسیار قدرتمندی داره کیفیت عکس و فیلم هم بینظیره اگر کار کردن با منوی دستگاه رو بدونید قطعا کیفیت شات هم بالا میاد  من صد در صد این دوربین رو پیشنهاد میکنم البته ساخت ژاپن باشه که دیجیکالا از نظر اصالت کالا جای مطمئنی هست  ,84,1
واقعا پشیمونم از خریدم اصلا نه صدای خوبی داره نه بیسه خوب خیلی بد خورد تو ذوقم کاش امکانش بود بشه پس داد اصلا پیشنهاد نمیکنم ,32,3
دستش مثل آب خوردن شکست ,16,3
لپتاپ بسیار خوبی است و سخت افزاری بسیار قوی دارد  تنها هنگام بازی های رایانه ای و ران گرفتن با نرم افزارهایی مانند انسیس و آباکوس  فن های آن به شدت کار می کند  من از کول پد استفاده می کنم  ولی باز هم در بازی های استراتژیک و اکشن  حتی با کول پد داغ می شود  ,84,1
کامپوننت بهتره یا باند ,80,1
رنگ پوست من گندمی هستش وقتی میزنم کاملا طبیعیه خیلی خوبه ,60,1
در پیشهاد شگفت انگیز  خریدم  قیمتش نسبت به بازار تیمچه تقریبا نصف هستش  ,76,1
به نظرم نوع مشابه از شرکت دلونگی بهتر از این هواپز باشد  چون همزن دارد و داخل هواپز هم قابل رویت است  برای پخت مرغ عالی است اما متاسفانه ظرفیتش کافی نیست  سیب زمینی هم با کیفیت متوسط رو به بالا می پزد  ,48,2
واقعا حدود 2 ماه برسی کردم و این گزینه بهترین مورد است  حتی اینکه i7 نیست نقطه قوت است  چرا که این سی پی یو برای قشر نام برده واقعا نیاز نیست مگر آینکه خارج حیطه علمی بخوان کار کنن  البته میدونم سی پی یو این دستگاه سری یو هستش و در واقع دو هستی محسوب میشه اما با این حال واقعا کافیه  اینکه فینگر داره بهترین مورده واسه صرف چویی بیشتر در وقت نسل سوم سی پی یو و در نتیجه عمر بالای باطری و در نتیجه عدم نیاز به حمل کابل شارژ و سبکی مضاعف  یا علی اگر خریداری بسم الله  البته قیمت همین کالا در سایت آمازون 699 دلاره  ,60,1
محصول خوبیه و خوش دسته ساخت مالزیه از دیجی کالا ممنونم محصول رو عین همیشه بموقع رسوند  فقط تو عکس خط کش رو برعکس جا انداختید  و تقاضای دیگه ذکر کنید ساخت کجاست یا یه عکس از name plate بندازید قطعا این دریل آپشن های مهمتری بجز جای قفل جعبه داره      ممنون ,80,1
عالی  ونچسب ,100,1
بسیار زیبا  راحت و کاربردی خریدشو به تمام بانوان توصیه میکنم  ,100,1
این لپ تاپ امروز به دستم رسید ظاهرش از تصورم بهتر بود وبا وجود بدنه پلاستیکی ظاهر خوبی داره و صفحه اطراف کیبورد با اینکه پلاستیکیه ولی حس فلزی بودن را القا میکنه اول که دکمه پاور رو زدم روشن نشد ولی با وصل کردن شارژر خودش روشن شد   سیستم عامل ENDLESS روش نصبه که برای تست کردن سریع سیستم بدون نصب ویندوزه که با نصب ویندوز10 دیگه نیازی به این سیستم عامل نیست که من فرمتش کردم بعد از نصب ویندوز10 با استفاده از سی دی که در بسته است میتونید درایورهارو نصب کنید و دیگه نیازی به دانلود از سایت ایسوس نیست  علاوه بر اینکه تو توضیحاتش نوشته شده بود که کیف و موس نداره  ولی یک کوله و موس اورجینال بی کیفیت داره  صفحه  نمایش این مدل هم زاویه دید خوبی نداره و کیفیت رنگ ها هم چندان مناسب نیست که بدلیل TFT بودن صفحه نمایش است که اگر IPS باشه این مشکلات رو نخواهد داشت که در این صورت قیمتش خیلی بالا میره   کلا خرید این لپ تاپ نسبت به قیمتش مناسبه   ,56,1
دوستمون گفته بود پوستش خشکه و شاید به همین علت پوشش دهی خوبی نداشته رو صورتش  من همین شماره رو گرفتم یه کم تم زرد داره ولی ابا اینه من پوستم معمولی و نسبتا چربا صلن روی پوست نمیخوابه کرمای ضد آفتاب معمولی رنگی ازین بهتر عمل میکنن  اگر به هوای کیفیت موسهاش میخرین اشتباه میکنین ,16,3
خیلی عالیه پیشنهاد میکنم ,60,1
این هدست صداش تو این قیمت بی رقیبه ولی یه مشکلی داره با سونی و سامسونگ مچ نمیشه ملی وای به اون روزی که به اچ تی سی یا اپل و ال جی بزنید ,100,1
سلام من اخیرا یکی از این محصول را از دیجی کالا خریدم  کیفیت لایه نچسب داخلی آن خوب است  واژه   ساخت فرانسه   در پشت محصول و زیر دسته آن حک شده است  نسبت به محصولات مشابه موجود در بازار با توجه به قیمت آن  ارزش خرید بالایی دارد  کیفیت فعلی ان کاملا رضایتبخش است  البته باید دوام کیفیت را بعد از گذشت چند ماه استفاده قضاوت نمود  ,80,1
ماشین لباسشویی خوبی هست مخصولا که منو برنامه هاش با شکل لباس های گوناگون مشخص شده و برای کسایی که زبان المانی بلد نیستند یا برنامه هارو یادشون میره عالی هست تنها مشکلش درش هست که جایگاهی به عنوان قفل بازشونده در نداره شایدم من بلد نیستم باز کنم و با زور بازش میکنم  ,84,1
همه بهش نیاز دارند  بخرید   ,76,1
لپ تاپ کار راه بنداز و معمولی ای هست و نباید ازش انتظار زیادی داشت  در کل جواب نیاز های روزمره آدم رو میده و میشه به عنوان لپ تاپ دانشجویی ازش استفاده کرد   کیفیت صفحه نمایشش میتونست بهتر باشه با این قیمت  صدا های درایو نوری هر چند ممکنه اذیت کنه گاهی اوقات اما طبیعی هست  بعد از دو سال استفاده  روزانه 4 5 ساعت  افت عملکرد یا بازدهی نداشته و دوام خوبی داشته  البته لپ تاپ محکمی نیست و باید در نگه داریش دقت کنید  ,72,2
سلام لطفا سریع تر دوباره موجووود کنید ,84,1
دوستان اصلا به عدد و ارقام مشخصات دقت نکنید این لپتاپ برای کار های روز مره و وبگردی و فیلم دیدن و اینا حرف نداره کیبوردش هم خیلی خوبه رنگش دقیق مثل عکسش نیست و فرق داره یکم ولی در کل قشنگه رنگ قرمز فقط برای پشت و کیبودش هست روی لپتاپ مشکیه   موفق باشید ,88,1
با عرض سلام خدمت دوستان گرامی اگر هزینه کف شیر ساز برایتان زیاد بود حتما این را بخرید هم ارزان است وهم جواب می دهد  ,100,1
لبتاب خوبیه ,96,1
جنسش عالیه  روغن توش بمونه نمیسوزه  میتونید مدت طولانی بگذارید رو گاز باهاش غذا درست کنید مثلا بادمجون سرخ کردن و پیاز سرخ کردن  حرف نداره یکنواخت سرخ میشن  مدت طولانی رو حرارت روغن هم بو نمبگیره ,100,1
من خریدمش عالی 9 ماهه که دارم استفاده میکنم حرف نداره   ,96,1
ماهی تابه ای هستش که زیرش فرانسوی بودنش هک شده و کیفیت بالایی داره و تنها نقطه ضعفش  وزن زیادشه ,84,1
عالی از هر نظر  دمتون گرم ,60,1
اگر اهل استفاده از زودپز و حفظ ارزش غذایی و ویتامین ها هستید  گزینه بسیار مناسبی برای شما خواهد بود این محصول  کیفیت خوب  ایمنی بالا و ظاهری زیبا همه رو در کنارهم دراه ,84,1
سلام این پنکه کیفیت ساخت مناسبی داره  همچنین حالتی داره به نام ریتم که میزان پرتاب باد رو کم و زیاد می کنه  فعلا که از خرید خودم راضی ام  ,92,1
این پنکه را از دیجی کالا خریدم   پنکه خوبی است و کارایی خوبی دارد و نسبت به قیمت آن ارزش خرید دارد   کیفیت قطعات عالی نیست اما خوب و قابل قبول است   من این مدل را بخاطر ساده بودن دکمه ها و نداشتن کنترل خریدم  چون با توجه به نوع کاربرد آن برایم نیازی به کنترل و تایمر نداشتم و ساده بودن کنترل آن با دکمه های ساده موجب کاهش احتمال خرابی پنکه می شود   در کل ارزش خرید داره و به نظرم کیفیت قطعات آن هم در مقایسه با چند سال قبل بهتر شده و بهبود یافته   به نظر من   پره های پنکه نیز از نوع شفاف و چهار پره بود  ,84,1
کیفیت عالی  سریع آماده استفاده میشه همین ک می زنیش ب برق  گارانتی داره  خیالت راحت  شک نکن من چن روز پیش خریدم قبل عید  فوق العادس کاملا راضیم ,100,1
به نسبت پولی که براش پرداخت میکنید دریل خوبیه کیف داره بدنه مقاومی داره وموتورش هم قویه اما یه کم سنگینه صدای چرخ دنده هاش به نظرم زیاده ,68,2
راستش من خیلی دنبال این دسته میگشتم چون از هرجا میخریدم یا فیک بود یا خراب و اصلا به درد نمیخورد  از اون جایی که اطمینان داشتم دیجی کالا همه چیزش اصله اینو سفارش دادم   بعدکه به دستم رسید شوکه شدم چرا زودتر به فکرم نیفتاده بود    واقعا با کیفیت هستش پیشنهاد میکنم بخرید    ,84,1
به نظرم به نسبت به قیمتش خوبه بیسشم راضی کنندست نه کمه نه زیاد وضوح صداشم بد نیست  ,88,1
خرید این دریلو برای کاربرد خانگی و نیمه حرفه ای پیشنهاد میگنم ,96,1
من پیشنهاد شگفت انگیز تهیه کردم با تمام بیت ها خروجی بسیار عالی دارد لازم به ذکر است که یک کارت حافظه 256 گیگ هم نیاز دارید ,60,1
برای تهیه سالاد الویه و خرد کردنهایی که ظرافت مواد خرد شده و هم اندازه بودن آنها مهم نباشه  مناسبه  معجزه نمیکنه ولی ابزار مفیدیه  گوشت کوب برقی هم به عنوان جایگزین دم دستی مخلوط کن و یکنواخت کردن گوشت کوبیده و مواد کتلت و نظایر اینها عالیه  زمانی که من خرید کردم  در مجموع گزینه مناسبی بود  ,88,1
من این لپتاب رو حدودا شش ماهه که خریدم از نظر سخت افزاری هیچ مشکلی نداشتم حتی بازی های سنگین هم حد اقل روی مدیوم و های اجرا میکنه  اگه میخواهید لپتاب با قیمت کم و سخت افزار خوب داشته باشید گزینه مناسبی هست  فقط کیفیت ساختش نسبت به لپتاب هایی که دیدم تقرییبا کمی بالاتر از متوسط است ولی این باعث نمیشه که نخریدش خریدش پیشنهاد میشه بازی های زیر را به خوبی کشد روی های  بتمن آرخام نایت اساسین سیندیکیت پی اس 17 بلک آپس 3 نید فور اسپید رایولز بیشترین گرافیک  مورتال کامبت xl و   ,96,1
سلام دوستان  من نزدیک یه ماهه خرید از دیجی کالا  نسبت به قیمت باید بگم عالیه من بعد نصب ویندوز gta v   ww2   battlefield1رو ریختم روش همه رو بدون کوچکترین لگ اجرا میکنه و بی نظیره   البته خب کیفیت کیبیورد یه کوچولو کمه ولی ملی نسبت به قدرت و قیمت در نظر بگیرید اصلا به چش نمیاد ,76,1
من چند روزیه این خردکن رو گرفتم  واقعا کارکرد خوبی داره طراحی ظاهر خردکن هم به نسبت بقیه خردکن ها خیلی زیباتره  تیغه های بسیار تیزی داره  که اگه موقع شستن حواستون نباشه خیلی راحت دستتون رو میبره  جنس کاسه و تیغه هم که خیلی با کیفیت هستش  پیاز گوجه گردو و   رو خوب خرد میکنه دوستان باید حواسمون باشه این محصول خردکن هستش و آسیاب نیست و  نباید انتظار خرد کردن موادی مثل گردو رو در حد آسیاب داشته باشیم  محصول ساخت کشور ترکیه  بوده و تحت لیسانس کشور هلند هستش  شکر خدا چینی نیست   در کل محصول خوبیه و اگه با قیمتش مشکلی ندارین حتما پیشنهاد میکنم بخرین  ,84,1
قیمتش خیلی خوبه نسبت به بازار ,68,1
دیروز به دستم رسید پوشش دهی خوبی داره و رنگش هم همونی بود که میخواستم   ارزش خرید داره  واسه پوستتون بهترین هارو بخرید  ممنون دیجی کالا  ,64,1
من یک ماه و نیم هست که خریدمش و تقریبا هر روز هم استفاده میکنم بمعنای واقعی عالیه ,60,1
علاقه زیادی به اشپزی و خرید چاقوی اشپزی دارم  این واقعا عالیه کا زوتر اینو می خریدم اینهمه پول چاقو نمی دادم به جز گوشت  هرچی مثل سبزی پیاز و گوجه رو راحت می بره ,80,2
از همه لحاظ عالیه من کلی تحقیق کردم طوریکه حتی خود نماینده ال جی میگفت با اینکه این تلویزیون یخورده قدیمی شده  ولی تو تلویزیون های ال جی با این رنج قیمت این تلویزیون از همه بهتر در اومده من هم از خریدم خیلی راضیم  ,92,1
سلام  من از دیجی کالا خریدم  بسیار شیک و زیبا  پایه های اون هم خیلی خوب رومیز قرار می گیره فکر می کنی چسبیده رو میز اتصال موبایلش هم عالیه پشتیبانیش هم خیلی خوبه  سریع رسیدگی میکنه 24 ساعته می ایند برای نصب  در کل تلویزیون خیلی خوبی ,60,1
همه چیش عالیه من یه ساله دارم ازش استفاده میکنم  مثل روز اولش داره کار میکنه ,100,1
من یک تابه سفارش دادم که موقع تحویل متوجه شکستگی در دسته اون شدم بعد از پس دادن و گرفتن یه تابه دیگه از همون مدل این بار  متوجه شدم این یک از کنار ضربه خورده و بیضی هست  ظاهرا تموم این مدل تابه ها در موقع حمل و نقل دچار مشکل شده اند من دومی رو هم پس فرستادم و نتونستم پوشش نچسب اون رو امتحان کنم اما همین دوتا رو که دیدم از نظر دسته مشکل داشتند یعنی طراحی اون ایراد داشت  از اون مدل تابه ها هستند که دسته هاشون همیشه لق میزنند و شما نمیتو نید مثل آشپز های حرفه ای که تابه رو تکون میدن با اون کار کنید ,28,3
من این لپ تاپ رو خریدم واقعا با توجه به قیمتش میشه گفت عالیه ,84,1
سلام آقای فرهادی تاچ پدش عالیه اگه ماله شما مشکل داره برنامه درایور خودشو  Synaptics Touch  را دانلود کنید مشکلتون حل می شه باید بگم صفحه نمایشش زاویه دید محدودی داره  ,94,1
اصلا کیفیت نداشت فک میکردم چون سونیه عالیه  بزارید یه چیزیو بهتون بگم  این هدفون جوریه که بورای شنیدن صدا ازش حتما باید پایه بیسیمشو بزنی برق و بعد وصل کنی به اون چیزی که ازش میخوای صدا بگیری درغیر اینصورت حتی با کابل هم به گوشی وص نمیشه  به کارتون نمیاد منم که خریدم میخوام که بفروشمش این اشتباهی که من کردمو نکنید ,0,3
تابه  خوبی است من پیشنهاد میکنم اگر به دنبال تابه ایی با قیمت مناسب و کارایی بالایی هستید حتما از این تابه استفاده کنید   ,80,1
تقریبا بیش از یکساله که این محصولو دارم و نسبتا راضی هستم ولی چتد مورد هست که لازم دیدم بهش اشاره کنم اول اینکه در طول این مدت چند ماهی ازش استفاده نکردم و نمیدونم چرا قدرت صداش کم و ضعیف شده و مثل اولش نیست علاوه بر این گوشی سمت راستش بیشتر دچار این نقص شده و بالانس صداییش رو از دست داد  الته نا گفته نماند که بعد از اینکه یه مدت استفاده کردم بهتر شده اما نمیدونم واقعا بهتر شده یا من عادت کردم در کل برای هدفی که ساخته شده طراحی مناسبی داره و سبک هستش اما توجه داشته باشید که ویژه اسپرت هستش و بخاطر  قسمت روی گوش نمیشه ازش به هنگام استراحت استفاده کرد  از لحاظ ضدآب بودن کاملا مطمعن هستش و خیلی وقتا بعد ورزش شستمش یا تو حموم استفاده کردم اما تو استخر نمیشه زیاد استفاده کرد چون ممکنه موقع شیرجه زدن در بیاد و مکافاتیه کش تنظیم کنندش بیشتر الکیه یعنی نیازی نیست بهش در کل فقط خریدش رو به کسایی توصیه می کنم که هنگام ورزش علاقه دارن به موسیقی گوش بدن اونم فقط پیاده روی و دو چون توی باشگاه اونقد صدا زیاد هست که با همه ی اینکه گوشیا صدای بیرونو حذف کنه بازم از لاله گوشتون صدا رد میشه و بهتره که با موزیک باشگاه هماهنگ بشید ,80,3
در حد پولی که میدی عالیه  فقط یه مشکلی که داره و آدم رو اولش اذیت میکنه نحوه نصب درایور ش هست  باید موقع نصبش زمانی که داره پرینتر رو جستجو می کنه   یه بار خاموش روشن کنی   خودش نصب میکنه  من حدود یه ساعت واسه این نکته ساده علاف بودم    ,92,1
شیک و باکیفیت میباشد ,76,1
این تابه بسیار خوش دست و عالی است و جنس خوبی دارد  ,100,1
خوب تو این رنج قیمتی   خوبه و به نظرم فرقی تو خارجی و ایرانیش نیست  20 دقیقه طول میکشه روغنش داغ بشه و بعد قابل استفاده   از اون چیزی که دیده میشه   بزرگتره   ,64,2
لب تاب خوبیه  تو این رنج قیمت داشتن cpu سری هفت اینتل با یک ترا هارد و رم ddr4 و صفحه فول اچ دی مات رو تو سیستم های دیگه نمیتونید پیدا کنین  ,80,1
من بیش از سه ماهه که این لپ تاپ رو دارم  اوایل با مشکل وای فایش رو به رو شدم ولی وقتی سیستم عامل لینوکس رو در کنار ویندوز ریختم دیدم که توی لینوکس آنتن دهی عالیه و فهمیدم مشکل از لپ تاپ نیست  بعد فهمیدم که مشکل از نداشتن درایور وای فای هست  بگذریم  سی پی یو بسیار قدرتمند هست تا جایی که پردازش ها با سرعت انجام میشه  رم هشت گیگابایت که همه میدونن بسیار عالیه   سرعت لپ تاپ واسه کارهای روزمره و برنامه نویسی بسیار بسیار بالاست  در مورد کارت گرافیک باید بگم که با دو کارت گرافیک این لپ تاپ و داشتن درایور مخصوص جفتشون می تونید بتلفیلد 1 رو در حالت low بدون لگ اجرا کنید  البته باید لپ تاپ به شارژ باشه که این مورد به باتری آسیب می رسونه و در دراز مدت این آسیب خودشو نشون می ده  بنابراین این لپ تاپ مناسب کساییه که می خوان در کنار کار روزمره یکمی سرگرمی هم داشته باشن  ,92,1
قابلمه فقط تفال فرانسه ایرانیها خیلی خیلی بیخودن  البته برا خورشت و آش و سوپ و خوراک فقط قابلمه استیل ,100,1
من تو شگفت انگیز تهیه کردم و خیلی زیاد از عملکرد دستگاه راضی هستم   کیفت ساخت خیلی خوبی داره و جمع و جوره ممنون از دیجیکالا ,96,1
بطور کلی نسبت به قیمت کیفیت خوبی دارد  شکیل و خوش دست است  ,16,1
من یک ساله که این گوشی را از دیجی کالا خریدم فقط هم با حافظه 64 دیجی کالا داشت هیچ جای دیگه نبود کاملا ازش راضیم تو خریدش اصلا شک نکنید ,100,1
ساخت آلمان   فقط همانطور که یکی از دوستان گفته بود از این مته برای فلزات از حالت چکشی استفاده نکنید  و حداکثر دور هم 2000 دور در دقیقه باشه  که دور حداکثر رو کاتالوگ دریل قید شده  ,36,1
من از خریدم راضی هستم  در صوت بالا باید برای پراید باند باکیفیت بزارید  ,92,1
من چندین پلوپز پارس خزر خریدم و حتی برای اقوام خارج از کشور هم فرستادم اما فقط این مدل از پلوپزهای پارس خزر دچار نواقص زیادیست از همه مهتر اینکه ظرف داخل پلوپز بسیار کوچکتر از بدنه است و 16 نفره نیست  قدرت گرمایش لازم را ندارد نسبت به بقیه مدلها برای ما سیم برقش خراب بود و از سیم برقهای بقیه پلوپزهایی که داریم استفاده میکنیم  ما تمام سعیمونو میکنیم از کالای ایرانی استفاده کنیم لطفا کارخانه ها هم به فکر بهبود کیفیت کالاهای خود باشند ,28,3
خیلی عالی و مکش خیلی خوبی داره و حتی جای جاروی اصلی هم میتونه بگیره ,96,1
محصولی متوسط که با توجه به قیمت مناسب آن در پیشنهاد شگفت انگیز ارزش خرید بالایی داره ,60,1
مجموعه مته بوش  برند و محصولات بوش یکی از بهترین محصولات هست ولی متاسفانه چندسالی هست که بعضی محصولات چینی با نام  بوش وارد ایران شده  و دارا کیفیت پایین هستن من خودم یک عدد فرز اهنگری بوش خریداری کردم که متاسفانه بعدا متوجه شدم ساخت چین هست  و با چندبار استفاده شاستی خاموش روشن خراب شد برا خرید محصولات بوش از فروشنده بخواهید که جنس ساخت المان و اصلی بهتون بده ,20,3
در واقع هدفون خیلی خوبیه حتما پیشنهاد میکنم بخرید مطمئن باشید ضرر نمیکنید واقعا پر قدرته در برابر اون نقاط ضعف کوچولوش که اهمیت خاصی نداره ولی ور قدرت بودنش ذهن آدمو میبره توی آهنگ و آدم هیچی حس نمیکنه در مجموع من ازش راضی هستم بهتون پیشنهادش میکنم کیفیتش 20 ,72,1
امروز دستم رسید هم خوشگله هم با کیفیت با موبایل و کامپیوتر و مانیتور و آیپد تستش کردم بیشترین صدا با آیپد بدست میاد که فوق العاده راضی کننده بود برام  یعنی ایرادی نمیتونم از کیفیت صداش بگیرم اما بگم نسبت به هندزفری های موبایل از نظر بلندی صدا شاید راضی نشین اما خوبه هوای گوشامونو داشته باشیم ضمنا نیمه ایزوله هست یعنی یه مقدار صدا رو رد میکنه گوشی هاش هم برای گوش های متوسط و کوچیک خوبه اونا که گوشاشون بزرگتره دنبال یه چیزی باشن که کاپ هاش بزرگتر باشه آهنگ های شلوغ رو هم خیلی خوب پخش میکنه با جزئیات بالا ,96,1
کیفیت دستگاه عالی میباشد ,88,1
ما امروز تو فروشگاه ایکس ویژن و سامسونگ کنار هم دیدیم  تو کاغذ امکاناتشون یکیه  تو واقعیت واقعا با هم فرق نداشتن ما ایکس ویژن چهل   اینچ xs4020 led full HDخریدیم با قیمت فوق العاده حدود یک میلیون و دویست با یکماه ضمانت تعویض و دو سال گارانتی و ده سال خدمات و نصب رایگان کیفیتش واقعا واقعا عالی بود امکاناتشم با اونای دیگه فرق نداشت بسیارم شیک جدا تقریبا کسی که پولش زیادیه برند غیر از ایکس ویژن میخره   چون کیفیت و امکانات یکسان دارن اما ایکس ویژن قیمت بسیار پایین تر قبلا از محصولاتش داشتیم خوب بود  دیجی ایکس ویژن جزو پر فروشاته محصولاتشو  گیرندش   پخش کنندش   تلوزیونش موجود کن بخاطر قیمت و کیفیتش مشتری پسندن لطفا ,72,1
من چند ماهی هست از دی جی کالا خریدمش و واقعا ازش رازیم از همه نطر عالیه فقط تنها مشکلی که داره سنگین بودنشه ,96,1
در کل نسبت به قیمت و پردازنده ضعیف و کیفیت پایین صفحه نمایش و باتری ضعیف ارزش خریدن نداره ,60,3
بعد کانکت شدن به گوشی نوت بنده دیگه به هیچ وسیله ای کانکت نشد هر راهی رو امتحان کردیم بعد گوشی من صفحه اش شکست مکافاتی شد برای من واقعا از سونی بعید بود این گاف بزرگ در یک هدفون 150 دلاری کیفیت ساخت خوبی داره فلزیه روش مستعد خط برداشتن   jbl reflect minibt  هم دارم ولی سونی کیفیت بهتر و صدای بلندتری داره ولی jbl جمع و جورتره اگر ضدآب بودن براتون مهمه بخرید اگر کیفیت صدا  در ورزش مهمه  هنگام دویدن اگه چیزی متوجه بشید  بخرید وگرنه با مدل های سیمی سنهایزر قابل مقایسه نیست اگر به قیمت جهانی اش نزدیک بود مطمئنا بی رقیب بود  در ایران بدرود  ,52,2
موقعی که ازش استفاده میکنم بخاطر عملکرد ضعیف انتقال اطلاعات بین رم و cpuو هارد دستگاه در اکثر مواقع با کارهای سبک دیسک دستگاه همش در بالاترین سطح استفاده هستش  ,64,3
خوب روی پوست میشینه و رنگ کاملا طبیعی داره   برای کانتورینگ هم عالیه  من تازه خریدم و خیلی ازش راضیم   ,60,2
این لپ تاپ یک گزینه بسیار عالی برای کار های اداری و روزمره است  من لرای مدرسه خریدم و برای کارهای متداول مدرسه و کلاس درس کاملا مناسب هست  برای بازی و تدوین و کارهای گرافیکی سنگین قطعا گزینه مناسبی نیست  اگر به قیمتش نگاه بشه  مشخصه که برای چه کاربردی مناسب هست ,72,1
بنظرم گول فیلیپس بودنشو نخورید الان گزینه های خیلی بهتری داخل بازار هست  این هدفون اصلا کیفیت خوبی در برابر قیمت خودش نداره   بیس مصنوعی  بلندی صدای کم و  نداشتن کنترلر  من باشم از خریدش صرف نظر میکنم ,8,3
امکانات بالا نسبت به کنن و اچ پی و قیمت مناسب و کیفیت چاپ عالی و ساخت ویتنام نه ساخت چین ,60,2
خیلی عمق کشوها مناسبه  ما برای قرار دادن دستمال و تجهیزات آشپزخونه استفاده میکنیم ازش  استحکاماتش یطوریه که حس میکنی خیلی شل بابد باشه ولی هنوز تو این یک ماه که داریمش خیلی خوب و محکم وایستاده  ,88,1
متاسفانه با این که یکی دیگه از دوستان در نقد این محصول گفته بودند که دکمه on off مشکل داره ولی با اطمینانی که از دیجی کالا داشتم این محصول رو خریداری کردم و بعد از یک روز دکمه on off دچار مشکل شده و دیگه کار نمیکنه  از دیجی کالا این توقع رو داریم که به انتقادها بیشتر رسیدگی کنه که کمتر از این اتفاقها بیوفته ,44,1
چند کرم گیاهی و روغنی از عطاری گرفته بودم که باعث شده بود به مدت 6 ماه صورت من پر جوش باشه  ولی با استفاده حدود 1 هفته از این محصول وضعیت پوستم خیلی بهتر شده  برای آقاین هم همین ژل موجوده که رایحه اکالیپتوس داره و پوست رو خنک میکنه  man expert اما این ژل بیشتر برای خانم ها مناسبه به همراه یک کرم مرطوب کننده برای بعد از  شست و شو  ,88,1
سلام من این لپ تاب رو 875 خریدم که بعدا متوجه شدم واقعا بهتر از این هم با این قیمت میشد خرید گول برندش رو خوردم و بعدا متوجه شدم چینیه  و واقعا پشیمونم از این خرید ,28,3
خیلی خوبه توستر عالی هست ممنون دیجی ,60,1
عالیه فقط روش ویندوز وصل نبود همین ,60,1
بخرید و از داشتن یه آسیاب خوب تو خونه لذت ببرید  بیخود پی آسیاب های ارزون تر یا گرون تر نباشید  این خود خود جنسه  قهوه رو عالی آسیاب می کنه  اون قدر که انگار  پودر قهوه ی ایلی خریدید  همون قدر یک دست  و خیلی هم راحت و سریع  اگه زیاد دکمه رو نگه دارید اون قدر پودرش می کنه که دیگه به درد فرنچ پرس و حتی موکاپات نمی خوره   ظاهرشم حرف نداره  بعضی چیزها هست که آدم خدا رو بابتشون شکر می کنه  مثل سلامتی  همسر و بچه های خوب   احتمالا جیب پر پول  و هر چی که به ذهنتون برسه   من از این که در عصری زندگی می کنیم که می تونیم یه قهوه ی با کیفیت تو خونه بخوریم خدا رو شکر می کنیم یکی از بهترین اسبابش هم همین آسیاب قهوه هست  البته معلومه آسیابی که قهوه رو به راحتی آسیاب می کنه چیزهای دیگه هم می تونه آسیاب کنه و خیلی براش دشوار نیست  شک نکنید  بیخود نظرها رو بالا و پایین نکنید تا تصمیم بگیرید  اگه یه آسیاب باشه که نسبت به قیمتش ارزش خرید داره همین آسیابه   ,100,1
با سلام  این ساندبار صدای شفاف و کاملا رضایت بخشی داره  بلندی و حجم صدا هم برای برگزاری یک جشن در منزل کفایت کننده است  در حالت تنظیمات پیش فرض دستگاه  بیس کمی بیش از حد زیاد و کوبنده ست که توصیه میشه با استفاده از تنظیمات  حداقل یک درجه کمتر بشه  در مجموع پخش بسیار دلچسب و گوشنوازی داره  ,84,2
من این محصول رو برای خرید عروسی ام به صورت خیلی اتفاقی خریدم هیچ بویی نداره اما قدرت پاک کنندگی اش مخصوصا برای ریمل عالیه سخت ترین و سنگین ترین مدادها و ریمل ها و سایه هارو بدون دردسر و راحت  پاک میکنه جالب اینه که اگه اتفاقی موقع پاک کردن چشمتان یکم داخل چشم بشه اصلا چشم رو نمی سوزاند و اذیت نمیشوید من برای پاک کردن رژلب هم ازش استفاده کردم  واسه اونم عالی جواب داد تنها نقطه ضعیفش اینه که قبل از استفاده باید تکان اش بدهید و بعدش یکم بریزید روی پنبه و به چشمتان بکشید ,80,1
من خودم دریل بوش داشتم  در ابتدا اندازه کوچکتر بودنش ممکنه کمی تو ذوقتون بزنه ولی بعد از مدتی کار باهاش لذت میبرین و اندازش هم برای این توان مناسب و خوبه در کل پیشنهاد میکنم اگر در شگفت انگیز رفت بخرین  ,92,1
این قابلمه رو چند روز پیش پیشنهاد ویژه خریدم متاسفانه درش که باز کردم درش از دستم لیز خورد و در همون اول کار با افتاد 5 سانتی متری کلی از تفلونش بلند شد من رفتم همین کارو با قابلمه اگرین که بی کیفیت ترین امتحان کردن  هیچیش نشد دو تا هم خریدم و پشیمونن ,60,2
کلا محصولات تفال کیفیت عالی دارند   این محصول از همه نظر عالیه و در خریدش شک نکنید   همه جاش درج شده ساخت فرانسه   فقط نمیدونم چرا 26 سانتیش ارزونتره   مرسی از دیجیکالا   ,92,1
نسبت به قیمت خرید کیفیت خوبی دارد ,84,1
من دارمش واقعا ازش راضیم بهترینه  غذاهارو اصلا خشک نمیکنه کیک و لازانیاو همه چی باهاش درست میکنم  ممنون دیجیکالا  ,60,1
لب تاپ خوبیه سی پی یو نسل هفتم  کور آی سون هشت گیگ رم دی دی آر 4 قابل ارتقا  صفحه کلید جزیره ای لب تاپ خوبیه برای شرکتمون خریدم با توجه به قیمت ارزش خریدش بالاست توصیه میکنم ,100,1
سلام  لپ تاپ عالی هست فقط تنها ایرادش بی دلیل صدای فنش زیاد میشه و سریع هم داغ میکنه ,92,1
از این کرم پودر خیلی راضیم نمی ماسه  رنگش طبیعیه و با اینکه از پوستم روشن تره  مثل روح نمیشم  پوشانندگی واااقعا عالی   خیلی خیلی هم سبکه  اصلا حس نمی کنید ارایش رو صورتتونه  ,88,1
من از خریدم راضی بودم   به نسبت قیمت امکانات مناسبی در اختیار قرار میدهد   فقط پردازنده خیلی متوسط می باشد   ,60,1
خیلی شیک و جمع وجور و کارکردن باهاش لذت بخشه  ممنون دیجی جون بازم گل کاشتی  ,96,1
لب تاب خوبی نیست از روز اولی که من گرفتم خراب بود ویندوز به راحتی روش نصب نمیشه و مشکل سخت افزاری داره ,40,3
این خچال فریزر جایخی دارد و البته بعد از بازکردن بسته بندی یک قالب یخ داخل یخچال است  مشکل از آنجایی شروع میشود که قالب یخِ پر شده از آب به هیچ عنوان یخ نمیبندد و صرفا تزئینی ست  نمایندگی رسمی هم زنگ بزنید به شما میگه این مدل صرفا یخچاله و نه یخچال فریزر     این محصول تحت لیسانس ال جی و در  هند مونتاژ شده  در  مجموع اگه میخواید برای مغازه استفاده کنید یا صرفا بعنوان یخچال  مناسب شماست  در  غیر این صورت رسما پول دور  ریختنه چون نمایندگی هم پاسخگو نیست ,60,3
تازه امروز رسید به دستم و بعد برسسیش حیفم اومد نظرى ندم محصول خیلى خوبیه تمام دى وى دى هاى فیلم منو با زیرنویس نشون میده و فایل هاى فرمت mk توى فلش من رو هم پخش میکنه و زیرنویسشم همونطورى که بقیه دوستان گفتن باید مثل اسم فیلم بکنید و اگرم ناخوانا پخش شد همون کارى کنید که دوستمون پایین تر گفتن چون براى من یکى دو زیرنویس اینطورى بود که بعد اون تغییر درست شد  موسیقى هم باهاش گوش کردم که خیلى خوب بود یک دستگاه همه چى تمومه براى کسایى مثل من که ارشیو بزرگى از فیلم دارن و فیلم زیاد میبینن ,76,2
پرینتر سوزنی واسه کارهایی هست که نیاز به چاپ اندک و تعداد زیاد داره مثه بانک و داروخونه من واسه داروخونه خانمم خریدم واسه نسخه زنی بسیار عالیه و میتونید روش حساب کنید البته میتونس خیلی بهتر باشه ولی در قیاس با قیمت بهترین گزینس گزینه های بهتر رو تنها تو رنج 3 م به بالا میتونید پیدا کنید ,60,1
من این پرینتر رو چند ماه پیش از دیجی کالا خریدم  ازش برای کار های مدرسه استفاده می کنم و به نظرم پرینتر مناسبی هست  اگر کار سنگین می خواین باهاش انجام بدین به نظرم یکم کنده اما کار های عادی رو به راحتی انجام میده  وای فایش هم خیلی خوبه و اجازه میده چندین نفر با هم به پرینتر وصل باشن و میشه اطلاعاتی مثل میزان کارتریج باقی مونده رو با نرم افزاری که داره چک کرد  این پرینتر یه تگ ان اف سی داره که به هیچ دردی نمی خوره  ,80,1
 سلام و درود  مگه میشه نیمه ی دوم سال شروع بشه و ذهن مردم مشغول راه اندازی تجهیزات گرمایشی خانه و محیط کار نشه   یکی از این قبیل تجهیزات  بخاری های برقی هستند که طبیعتا بخاطر مصرف بالای انرژیشون کمتر مورد استفاده ی مداوم قرار می گیرند و البته در کنار معایبشان  مزایایی نیز دارند   این نوع بخاری  هیتر  ها  عموما در محیط کارهای کوچک یا مکان هایی که فاقد گاز شهری و یا بطور کلی  مکان هایی که دلیل یا بستر مناسب برای راه اندازی سیستم های گرمایشی گازی وجود ندارد مورد استفاده قرار می گیرند  همچنین داشتن چنین وسیله ای در مواقعی که افت فشار گاز یا اختلال در موتورخانه ها ممکنه مشکلاتی رو بوجود آورد  میتواند ضروری هم باشد  خب بریم سراغ بخاری برقی پارس خزر مدل FH 2000P    هر چند یرخی از مردم اهمیت زیادی به بسته بندی محصولات خصوصا محصولات ساده و ارزان قیمت نمی دهند ولی بنده به شدت به این موضوع معتقدم که بسته بندی مناسب حتی یک خودکار ساده هم می تواند ذهنیت من را در مورد کیفیت و انتخاب یک محصول کاملا تغییر دهد   بسته بندی محصول مورد نظر ما نیز مانند بسیاری از محصولات خوب ایرانی فاقد هرگونه خلاقیت و کیفیت بوده که خب از این بابت برای تولیدکنندگان عزیز ایرانی تغییری مثبت در این حوزه را آرزومندم  استفاده از خطوط منحنی در طراحی این مدل  در عین سادگی حس خوبی به شما منتقل کرده و با ابعاد بسیار کوچک و مناسبی که دارد به راحتی می توان هر مکانی را برای قرارگیری بخاری در نظر گرفت  بدنه ی این فن هیتر از کیفیت بسیار قابل قبولی برخورداره و پلاستیک مصرفی در بدنه و کلیدها  بسیار مرغوب و بادوام به نظر میاد و فاقد هر گونه فرورفتگی  برآمدگی یا زائده های ناخوشایند ناشی از فرآیند قالب گیری و تولیده  البته در محل اتصال قسمت های مختلف و همچنین پره های خروجی هوا  کمی بی نظمی و موج دیده میشه که می توان آن ها را نادیده گرفت  لوگوی پارس خزر نیز با کیفیت بسیار خوب روی بدنه چاپ شده است  البته اشاره میکنم که پس از گذشت زمان  گرما موجب تغییر رنگ نواحی اطراف شبکه خروجی هوای دستگاه خواهد شد  سیم برق بخاری مورد نظر ما کمی کوتاه است و این موضوع ممکنه در برخی شرایط شما رو به دردسر اندازد  تنها دو کلید برای فن هیتر FH 2000P تعبیه شد و از این رو کار با دستگاه بسیار ساده خواهد بود   چگونگی نحوه کار با دستگاه علاوه بر دفترچه راهنمای محصول  توسط کارشناسان محترم دیجیکالا در قسمت نقد و بررسی تخصصی به خوبی بیان شده  از این رو به منظور کاهش حجم متن وقت کاربران عزیز رو بابت این موضوع نمیگیرم  با روشن شدن دستگاه نیازی برای انتظار کشیدن جهت گرم شدن دستگاه نخواهید داشت و بلافاصله پس از شنیدن صدای فن  گرمای مطلوب این بخاری را حس خواهید کرد  در مدتی که از این دستگاه استفاده می کنید ترموستات دستگاه عملکرد بسیار مناسبی داشته و از این بابت هیچ نگرانی وجود نخواهد داشت و از پس گرم کردن یک اتاق متوسط به راحتی برخواهد آمد   پایه های لاستیکی دستگاه علاوه بر محکم نگه داشتن دستگاه بر روی سطوح مختلف میتوانند اندک لرزش ناشی از چرخش فن رو نیز مهار کند  نمیتوان از عبارت بی صدا برای فن این بخاری استفاده کرد اما میشه اطمینان داد که صدای فن مگر به غیر از برای افراد حساس  به هیچ وجه آزار دهنده نخواهد بود  دوستان زیادی از داغ شدن پریز در هنگام استفاده مداوم از دستگاه گله داشتند که در این مورد باید ضمن تایید سخن دوستان به این موضوع اشاره کنم که قبل از استفاده از این فن هیتر از میزان ولتاژ و استاندارد بودن پریز خود اطمینان داشته باشند و حتی المقدور از سیم های رابط و چندراهی برای اتصال به برق استفاده نکنند تا از بروز مشکلات ذکر شد تا حد زیادی جلوگیری بشه  با وجود اینکه با مسدود شدن راه ورود هوای این بخاری  جریان برق بصورت خودکار قطع میشه اما توصیه بنده این است که تا جایی که ممکنه از بروز چنین اتفاقی و یا حتی از قرار دادن بخاری در فضای بسته با گردش هوای کم نیز جلوگیری بشه  این رفتار قطعا خواهد توانست طول عمر دستگاه شما رو تا حد زیادی افزایش دهد  در پایان باید خدمتتون عرض شود که بخاری برقی مدل FH 2000P یک محصول با کیفیت از برند خوش نام پارس خزر بوده که در عین سادگی و زیبایی عملکرد خوبی را برای روزهای سرد پاییز و زمستان به نمایش می گذارد و  تامین قطعات و خدمات پس از فروش مناسب این محصول ضمن جلب اعتماد شما نسبت به محصولات ایرانی  خواهد توانست سال های زیادی شما را به داشتن یک محصول خوب دلگرم نگاه دارد   سپاس از توجه شما  نظرتومهمه  ,84,1
من این لپ تاپو برای دوستم سفارش دادم   مال خودمم مارک اچ پی هست و واقعا خیلی خیلی ازش راضی هستم خدا ر و شکر البته مدل مال من از این خیلی بالاتره اما از اونجایی که خدا رو شکر خیلی از لپ تاپ خودم راضی بودم تصمیم گرفتم تو این رنج قیمت برند خوب اچ پی رو انتخاب کنم ضعفاش هموناییه که نوشتم که البته مشکل صفه کلید با خرید استیکر مخصوص صفه کلید به راحتی قابل حله الانم دارم با همین لپ تاپ این نظر رو مینویسم و در آخر خیلی خیلی ممنونم از دیجی کالای عزیز بخاطر خدمات خوبش و سرعت عملش تو ارسال خرید اولین بارم بود ازش خرید میکردم ولی واقعا از حالا به بعد مشتریه ثابتشم راستی ویندوز مناسب برای این لپ تاپ همونطور که تو نقد و بررسی نوشته شده ویندوز ده هست روش نصب کردم و الحمدالله بی هیچ مشکلی داره کار میکنه  ,88,1
4 ماه هر روز ازش استفاده کردم  هنوز مثل روز اولشه ,100,1
یه لپ تاپ عالی با کلی قابلیت و قدرت و قیمت مناسب تو خریدش شک نکنین لنو وا جز چهار شرکت مطرح جهان تو این زمینس ,100,1
من این محصول رو فروردین سال 95 خریدم و همون موقع هم نظرم رو اینجا نوشتم اما الان بعد از 5ماه استفاده  فقط خواستم به دوستان خوبم بگم که کماکان از خرید این محصول راضی ام و انصافا کیفیت محصول با روز اول هیچ فرقی نکرده نه سیمی قطع شده و نه صدایی ضعیف شده و حتی باطریش هم مثل روز اول شارژ نگه میداره  ,100,1
عالیه همه کار میکنه برای سالاد هم خیلی خوبه واقعا راضیم از خریدش لرزش نداره صداشم کمه ,60,1
من اولین کسی هستم که این پرینتر رو خریداری کردم و دارم نظرم رو ثبت میکنم الان 4 روزه که اومده وتا اینجا خیلی خوب بوده کیفیت چاپ بالایی داره و سرعت چاپش هم خوبه فقط کابلی که برای وصل کردن پرینتر به لپتاب  باید داخل جعبش میشد نیست یا شاید هم توسط شرکت برداشته شده و باید کابلش رو از بیرون یا از همین دیجی تهیه کنید  اگه میخواین به نسبت پولی که میدین بهترین پرینتر  رو داشته باشید من اینو بهتون پیشنهاد میکنم ,100,1
یه میز کار جمع و جور مناسب برای کار در منزل و حتی کارگاه  ,84,1
به جرأت میشه گفت در این رنج قیمت بهتر از این وجود نداره   در 6 7 سال گذشته 3 بار از همین اییرفون خریدم  اون اولی هنوز هم کار میکنه  فقط روکش سیمش کنده شده      این محصول رو برای اولین بار از طریق لیست The Headphone Buying Guide سایت Head Fi که اولین محصول در لیستشون هست  پیدا کرده بودم  برای خرید اصلا و ابدا شک نکنید  سورپرایزتان خواهد کرد  ,96,1
بهترین بهترینهاااا  اگر پول تو حسابت هست فکرشم نکن بخر ,100,1
بهترین بهترینهاااا  اگر پول تو حسابت هست فکرشم نکن بخر ,100,1
من این رو برای درب عقب 206 خریدم نصب راحتی داشت  کیفیت صداش هم خوبه  با کیفیت باندهای فابریک یکیه خرید این محصول رو برا کسایی که میخوان پخش صدای خوبی داشته باشن پیشنهاد میدم ,68,2
برای اون دسته از عزیزانی که میخوان توی دفتر کار مثل PC از این لپتاپ استفاده و کنن و توقع خاصی مثل کارای گرافیکی یا استفاده از نرم افزارهای سنگین ازش ندارن واقعا توصیه میشه  همچنین برای استفاده خونگی در صورتی که با وزنش مشکلی نداشته باشن  کلا آپشن جابه جایی رو نباید زیاد برای این لپ تاپ متصور شد  مخصوصا برای خانوما  ,68,2
من این جاروبرق رو برای مادرم گرفتم خیلی عالی هست مخصوصا اینکه قدرتش بالاست شکل سریش هم جوریه هرجا رو میتونید تمیز کنید  صداش خیلی کم هست قدرت مکش هم عالی هست  فقط جای قرار دادن سری های مختلف رو نداره البته بخاطر شکل طراحیش هست احتمالا   که خیلی جم وجوره که این مشکل زیاد به چشم نمیاد اصلا چون تقریبا سبک هست برای افرادی که مسن خیلی خوبه راحت میتونند اینور اونور بکشن  ساخت لهستان هست که البته اینجا نگفتن ولی به نظرم باید روی کالاهای دیجی کالا نوشتته بشه ساخت کجا هست  در کل جاروش عالی هست ,96,1
عالی بودوهنوزم دارمش وازش لذت میبرم ,100,1
از نظر عملکرد این مدل سامسونگ واقعا عالیه و کیفیت تصویری بسیار قابل قبولی داره  در مورد دوستانی که گفتن شبکه ها داخلی کیفیت پایینه  برای تست کیفیت تصویر شبکه 3 اچ دی یا شبکه مستند رو ملاک قرار بدین نه شبکه های دیگه  این تی وی فول اچ دی هست وقتی شما شبکه های داخلی بی کیفیت رو توش میبینید مثل یه عکس کوچیک میمونه که بزرگنمایی شده و کیفیتش میاد پایین و این مشکل مروبط به کیفیت اون شبکه میشه نه کیفیت خود تی وی  و اما یه مشکل بزرگ  واقعا جای تاسف داره که ما حتی کار مونتاژ رو هم درست انجام نمیدیم  این تی وی تو ایران مونتاژ شده و کیفیت بسیار پایین مونتاژ در قسمت پشتی مشخصه  به نظر میرسه بدنه پشتی داره از تلویزیون جدا میشه و کلی خطو خش داره    قسمتهایی که مربوط به خود سامسونگ میشه کاملا عالی هستن و کاملا مشخصه که نقطه ضعف مربوط به مونتاژ هست و جالبتر اینکه تی وی قبلی هم که از سام سرویس گرفته بودم دقیقا همین مشکل رو داشت در حالی که تی وی هایی که قاچاق هستن و مونتاژ چین یا کره هستن به هیچ وجه این مشکل رو ندارن  در کل نگران مونتاژش نباشید چون   247 شت تی وی هست و دیده نمیشه و تمام قطعات حساس و مهم ساخت شرکت سامسونگ هست و کیفیت خوبی داره ,76,1
من دو هفته پیش این کرم پودر و همین شماره رو از دیجی کالا سفارش دادم و تازه ازش استفاده کردم  قبلا از میبلین یه موس گرفتم که شماره 10  رنگ عاجی Ivory  بود  با اینکه پوست من خیلی روشنه اما این موس پوستمو خیلی سفید و مرده می کرد  برای همین این دفعه از ترسم کرم پودر رو یکی دو تیره تر از رنگ پوستم گرفتم   220  کرم پودر خوبیه  اما اگه پوستتوم خشکه اصلاااااااااااااا پیشنهادنمی کنم چون رو خودشم نوشته مخصوص پوست های معمولی تا چربه و واقعا اگه پوستتون چرب نباشه رو پوستتون نمیشینه  پوشش دهیش ضعیفه در حدی که جوش های سطحی پوستم هم رو نپوشوند  خوبیش اینه اصلا نمیماسه و معلوم نمیشه که کرم پودر زدی  و با اینکه این رنگ برای من تیره بود بازم به خاطر مات بودنش خیلی مشخص نبود  پیشنهاد میکنم اگه پوستتون روشنه شماره 128 یا 210 این کرم پودرو سفارش بدین چون این یکی یکم به گندمی میزنه  ,76,2
سلام من این لبتاب رو برای خواهرم چند روز پیش گرفتم قبل از این lenovo thinl pad e540 رو گرفته بودم که بخاطر مشکل LCD به دیجیکالا پس فرستادم و با این مدل عوض کردم نسبت به اون از کارت گرافیک ضعیف تری استفاده میکنه  netbookcheck   پردازنده بهتر از اون و روانتر کار میکنه  عمر باتری در حد قابل قبول هست و در حالت اتصال به وای فای و کار کردن و مرور اینترنت تا 3 الی 4 ساعت دوام میاره  در حالت گیم تا 1 5 ساعت که امری طبیعی هست  مشکل خیلی بدی که داره استعداد بسیار بالا در جذب لکه هستش که هم داخل و هم خارجش همینطوره و به راحتی پاک نمیشه  طراحی و دیزاین محصول خوبه ظخامت خیلی کمی داره و زیباست  کلیه درایور ها رو میشه با نرم افزار driver navigator دانلود و نصب کرد  پورت ها و اتصالات خوب و کافی هستن کیفیت صوتی خوبه ولی جای قرار گیری بلند گو نامناسبه  زیر لبتاب   صفحه نمایش خوب و روشنایی تصویر در حد قابل قبول  سرعت لود ویندوز هم خوبه  وزن دستگاه هر چند نسبت به رقبا یکم بالاتره ولی اداپتور خیلی کوچیک تری داره و این ضعف رو جبران کرده چون کسی که بخواد جابجا کنه باید مسلما اداپتور رو هم ببره  گارانتی دستگاه دو ساله هست برعکس بیشتر برند ها که یکسال گارانتی میکنن   البته کاری به شرایط گارانتی ایران ندارم   در کل برای استفاده دانشجویی یا اینترنتی و دیدن فیلمو و   لبتاب خوبی هست  برای گیم و کارهای سنگین توصیه بنده حداقل استفاده از مدل های با پردازنده و گرافیک قوی ترهست  یه مشکل خیلی بد هم پدر آدم درمیاد تا اولین بار ویندوز روش نصب کنه  ,72,2
با سلام خدمت دوستان بعد از کلی تحقیق به نتیجه رسیدم که این چاپگر رو بخرم کیفیت چاپ عکس در حد آتلیه عکاسی هست نقطه قوتش اینه که میتونید بدون اتصال به کامپیوتر و مستقیم از فلش و مموری کارت پریینت بگیرید در کل پرینتر مناسبی برای چاپ عکس هست امیدوارم که نظرم  در تصمیم شما برای انتخاب پرینتر  موثر باشه  ,68,1
لطفا پیشنهاد ویژه ,48,3
من این تلوزیون ازبازار گرفتم برای مغازم خیلی کیفت خوبی داره ,72,1
با سلام و تشکر ویژه از دست اندرکاران دیجی من دو روز پیش سفارشم رسید دستم خودم رو پخش سونی روی ماشینم 206  نصب کردم ابتدا صدا تنظیم نبود  وقتی که تنظیماتو انجام دادم واقعا خوب شد در کل میتونم بگم این یه باند میان ردست ولی ارزش خرید بالایی داره و کیفیت نسبت به رقبا تو این رنج عالی ,96,1
من چندین ماهه خریدم و خیلی ازش راضیم و تاحالا مشکلی باهاش نداشتم ,60,1
حتما در تنظیمات صدا رو تنظیم کنید چون به صورت پیش فرض صدای مناسبی نداره ,84,1
اینو فقط واسه یخ زدایی و گرم کردن غذا و نان خریدم   واسه این کارا خیلی خوبه  به آشپزخانه هم جلوه خوبی میده  ,100,1
سلام کیفیت عالی ,60,1
برای کباب کردن مرغ و ماهی و قارچ خیلی خوبه ولی سیب زمینی رو خیلی خشک می کنه بسته به استفاده اتون از این غذاها هم قیمتش رو می تونید بسنجید کلا نمی تونید انتظاری که از سرخ کن های غیر رژیمی دارید رو کلا از این مدل سرخ کن ها داشته باشید یعنی نمیشه اسمشو سرخ کن گذاشت بیشتر باربکیو ,72,2
من برای حمایت از کالای ایرانی این گیرنده رو خریدم و بعد از چند روز استفاده و تست اون میتونم بگم از همه لحاظ راضی کننده است مخصوصا تعویض شبکه های تلویزیون سریع انجام میشه ریموت کنترل خوب و خوش دست و با کیفیتی داره و از همه جا کار می کنه خیلی خوب کیفیت پخش دستگاه هم خوب و راضی کننده است  ,64,1
دیجیکالا بد قولی کردی یه روز دیر به دستم رسوندیش ناراحتم ازت   ولی دستگاه  من به راحتی برش 6 سانت و داشتم ولی خوب باید کمی ملایم تر با ایم دستگاه رفتار بشه و من کارم چوب با قطر نهایت دوسانت هست و مرتبط با ساخت لوازم جانبی ساز و واقعا ازش لذت بردم تیغ اره های جانبی واقعا عالیه ابزار هدایت کننده تیغه که نسب میشه تا شما روی خط مستقیم برش بدید عالیه گرد و غبار و هم تقریبا خوب با دمنده خارج میکنه من ازش راضیم ,80,1
از توی تصویر داخل یخچال  خیلی ظرف ها کوچکتره ,60,2
این قالب کمربندی رو سفارش دادیم ولی بعد از اینکه رسید فهمیدیم تفال چینه     حداقل این موضوع رو تو مشخصات فنی درج کنید  تا جایی که میدونم تفال برای فرانسه هست ,72,2
حتی نمی تواند شیر و خرمای پیارم یا خرما خشک را مخلوط کند و دستگاه آنچنان زور میزد و سر و صدا میکرد که فکر کردم شاید هسته خرما داخلش هست که پس از باز کردن و بررسی متوجه شدم که هیچ هسته ای در کار نیست و دستگاه  بعد از یک دقیقه کار کردن حتی نتوانسته بود خرما های را خرد و مخلوط کند تازه پارچ را هم نباید پر کنید چون برای خورد کردن موز هم زور میزند واقعا مسخره است و مثل اسباب بازی می مونه موتورش هم صدای مرگ میده  و هر لحظه فکر میکنی الان میسوزه ولی فعلا نسوخته و دو سه بار باهاش شیر موز درست کردم در کل اصلا محصلات ارزان قیمت فیلیپس را توصیه نمیکنم  ما یه مدل 750 وات با پارچ شیشه ای فیلیپس داریم واقعا با کیفیت و با دوام است قدرت موتورش هم حداقل 5 برابر این است اگر مخلوط کن می خواهید با این قیمت خوب پیدا نمیشه حتما محصولی بخرید که پارچش شیشه ای باشد چون این رده از محصولات قدرتمند تر و حرفه ای تر هستند ,28,3
کاتریج گرونه اصلی هم گیر نمیاد  ,0,3
در کل خیلی خوبه ,84,1
یه مقدار صدای آب به گوش می رسد ,96,1
در کل لپ تاپ خوبیه  یکم سنگینه    باتریض خوبه   داغ نمیکنه   کیفیت یدنه خوبی داره    ولی اگه سی پی یو براتون از بقیه چیزا مهم تره با این قیمت فکر میکنم بتونید چیزای بهتری بخرید ,60,1
باتوجه به این که برای کارهای خانگی و نه دفتری می خواستم  نسبت به قیمت و امکاناتش خوب  راحت نصب شد و مشکلی نداشت  چینی نیست و برای ویتنام بود  اون جوری هم که تحقیق کردم گارانتی نیکاسا در بیشتر شهرها نمایندگی داره و احتمالا مشکلی برای تامین قطعات نخواهد بود  ,84,1
محصول ساخت کشور خودمون که از لحاظ قیمت و کیفیت ساخت مناسب هست و حتما توصیه میشه  از خیلی از کالا های چینی تو بازار با مارکهای منسوب به کشورهای اروپایی بهتره   محصولاتش سال هاست در خانه های ما کار می کنند  خدمات پس از فروش خوبی هم داره و لوازم و قطعات پارس خزر همیشه در بازار موجوده   از دوستانی که نظر و رای خودشون رو صادقانه بیان می کنن و وقت اختصاص می دن تا بقیه دوستان رو راهنمایی کنن به نوبه خودم تشکر می کنم چرا که این یک نوع فرهنگسازیه هم اینکه یک نوع رفتار انسانی محسوب می شه   با تشکر از سایت دیجی کالا که این بستر رو فراهم کرده  ,68,1
برخلاف نظر دوستمون که نوشتن حجمش کمه به نظر من حجمش زیاده  ایشون نوشتن حجمش 15 میل هست درصورتیکه اگر رو خود بسته بندی هم نگاه کنید نوشته 30 میل  پس حجمش زیاده و قیمتش هم نسبت به حجمش مناسبه ولی انتظاری رو که من از هایلایتر داشتم رو برآورده نکرد  درخشش خیلی ضعیفه و چیز دیگه ای که من موقع خرید بهش توجه نکردم این بود که این محصول بصورت کرمی هست در صورتیکه معمولا هایلایتر جزو آخرین مراحل آرایش هست یعنی شما کرم پودر و پنکیک رو زدی حالا بیا فرض کن میخوای روی همه اینا یه محصول کرم طوری بزنی  خوب تمام کرم پودر و پنکیک رو میمالونه به هم و همه رو گلوله گلوله میکنه و از بین میبره  این محصول رو شاید بشه به عنوان سایه چشم استفاده کرد ولی به عنوان هایلایتر زیاد مناسب نیست  بهتره هایلایتر بصورت پودری باشه با درخشش بیشتر  ,48,3
من این ساعت رو برای میز تلوزیونم ی ماهه از دی جی گرفتم عالیه و خانا راضیم   ,88,1
دسته خوبیه فقط من با توجه به مدل قدمی که فابریک دستگاه هست داشتم میگم که اون ظاهرا کیفیت بالاتری داشت یعنی اینکه دکمه های محکمتری داشته و از لحاظ جنس بدنه خوش ساختتر بود اون باتریش 1000 بود و این 800 البته اصلا تفاوتی توی شارژ  شدنش ندیدم الان هم مدتی هست که ازش استفاده میکنم هیچ مشکلی نداشته و راضی هستم بنده طلایی رنگش رو گرفتم که بدنه کاملا طلایی هست و قسمت پشتش یه مقدار ماتتره که ظاهر خیلی شیک و با کلاسی داره نوار ال ای دی روی تاچ رو هم داره مشخصه دقیقا مدل 2016 هستش اگر قصد خرید دارین پیشنهاد من اینه که رنگی غیر از مشکی رو خریداری کنید که تازگی داشته باشه با خرید برچسب روی کنسول هم میتونین کاملا با رنگی که میخواین ستش کنین البته با توجه به اینکه در حال حاضر دی جی کالا عرضه کننده هایی غیر از خودش هم داره این شک در ذهن به وجود میاد که تا چه حد کنترل روی صحت کالایی که ارائه میشه داره   من به شخصه سعی میکنم تا جایی که امکانش هست از خرید کالاهایی که فروشنده ای غیر از دیجی کالا دارن خودداری کنم  ,64,1
چون سری اخر ps4 معمولی بود میتونم بگم کامل ترین بود ,96,1
حدود یک ماهه این تلویزیون رو خریدم و از 10 نمره بهش 9 رو میدم تلویزیون با کیفیت و مدرنیه و ظاهرش هم زیباست  تو این رنج قیمتی شاید بهترین انتخاب باشه برای فضای بزرگ مناسب نیست و بهتره سراغ سایز های بزرگ تر برید   چند تا نکته حرفه ای  که ممکنه به دردتون بخوره   سیستم عامل تایزن سیستم عامل با کاربری راحته و زیاد حرفه ای و پر امکانات نیست ولی خیلی بهتر از رابط کاربری تلویزیون های غیر هوشمنده فقط یک ورودی کامپوزیت  ای وی  وجود داره که اونم در صورت استفاده از کامپوننت مختل میشه و اگر تعداد دستگاه های ورودی قدیمیتون کمه مشکلی نیست چون دو تا ورودی اچ دی ام آی وجود داره کنترل تلویزیون ساده هست و کنترل اصلی سری 6 رو باید از بازار تهیه کرد   این کنترل برای عملیات های اصلی مناسبه ولی کار براش ممکنه برای افراد قدیمی تر سخت باشه خصوصا زمان استفاده از امکانات مختلف تلویزیون کنترل های قبلی سامسونگ همگی با این دستگاه سازگارن   باتری های کنترل قلمی هستن کیفیت تصویر قابل قبوله و تنظیمات زیادی داره و مود های مختلفی هم داره که شما رو از سردرگمی برای یه آپشن خوب نجات میده یک پورت یو اس بی 1 آمپر برای هارد اکسترنال داره و یک پورت نیم آمپر برای فلش مموری هر چند میشه از هر دو برای هر دو مورد استفاده کرد اگر میخواید از قابلیت وب و برنامه های تلویزیون راحت تر استفاده کنین میتونین کیبورد و موس بلوتوث تهیه کنین  ,68,3
کیبوردش فارسی نداره و بایستی لیبل بچسبونید ,52,2
امروزه برند های مختلف در حوزه های مختلف با یکدیگر به رقابت می پردازند رقابتی که باعث شده هر برند طرفداران خود را نیز پیدا کرده باشد افرادی که تحت هر شرایط نقاط قوت محصول تولیدی برند مورد علاقه خودشون رو خیلی بیشتر از نقاط ضعف اون می بینن و بهشون توجه میکنن و همونا رو معیار برتری به سایر برند ها میدونن  در مورد کنسول بازی هم قاعدتا همین شرایط صدق می کنه و دو قول تکنولوژی یعنی سونی و مایکروسافت  اقدام به تولید کنسول های بازی خودشون می کنن و هر کدوم از این دو کمپانی طرفدارای پر و پا قرص خودشون رو دارن  اما نکته اینجاست که به هنگام خرید یه کنسول بازی چه چیزی رو باید ملاک قرار داد  کیفیت ساخت و عملکرد    پشتیبانی و کارایی    تعصب روی کمپانی سازنده اون  خب قاعدتا با نگاه به موارد بالا میشه متوجه شد که از دید منطقی باید واقعا کنسولی رو انتخاب کنیم که اولا بتونه نیاز های ما رو برآورده کنه و همچنین کیفیت بالایی داشته باشه من خودم شخصا از طرفداران کنسول ایکس باکس بودم و به هنگام تصمیم گیری بدون فکر کزد به محصول کمپانی رقیپ یعنی پی اس 4 رفتن سراغ ایکس باکس وان باندل فیفا 17 و از اونجایی که خرید از دیجی کالا جدای از راحتی و حس امنیتی که داشت آسون بود و میدونستم بدون دردسر دود و ترافیک جنس اورجینال سریع و با قیمت عالی به دستم میرسه  کنسول ایکس باکس وان ا  نظر کیفیت ساخت   پشتیبانی از تصویر 4کی  البته به شرطی که نمایشگرتون این قابلیت رو داشته باشه   و همچنین پشتیبانی از بلوری و بازی های انحصاری بی مظیر مثل فورزا بی نظیره و اینا هر گیمری رو جذب می کنه مهمتر ار اینه اینکه به نظر من کنترلر فوق العاده راحت تر  و با کیفیت تری داره نسبت به پی اس 4 ولی یه نکته ی خیلی مهم هست که کار رو سخت می کنه کم بودن شدید افرادی که تو ایران از این کنسول استفاده میکنن بزرگترین و تلخ ترین دغدغه شما بعد از خرید این کنسول خواهد بود  شاید الان با خودتون بگین که این چه تاثیری داره ولی این دقیقا همون نکته ای هست که شاید بعد از گذشت 2 ماه باعث بشه یهو به خودتون بگین جایی هست که ایکس باکسم رو ببرم و با پی اس 4 عوضش کنم  شاید اینجا اولین جایی باشه که تنها چیزی که از تعصب روی برند مورد علاقتون براتون میمونه حس تردید و سردرگمی باشه  و اما چرا  کنسولی که تو ایران کم استفاده بشه به طبع بازی هاش سخت گیر میاد این کنسول بازی هاش با قطمت بالاتر تو بازار خواهد بود چنین کنسولی به طبع تعمیر کاران کمتری رو در حوضه خودش داره  تعویض بازی خیلی سخت ممکنه انجام بشه بین افراد وقتی تعدادشون کم باشه تعداد دوستان و ایرانی های کم تو ایکس باکس لایو و بسیاری موارد دیگه که ریشه ی همه اونها تو کم بودن تعداد افرادی هست که تو ایران از کنسول ایکس باکس وان استفاده می کنن  در کلام آخر باید بگم باید از جامون بلند شیم و به افتخار مایکروسافت برای تولید چنین کنسولی با این همه قابلیت دست بزنیم به کنسول خیره شیم و از طراحی زیبای اون لذت ببریم خوشحال باشم از اینکه تو دوره ای زندگی می کنیم که تکنولوژی تا این حد پیشرفت کرده ولی موقع خرید از خودمون یک سوال ساده بپرسیم آیا این کنسول مناسب ایران هست  ,88,2
خیلی لپ تاپ خوب و شیکی هستش و از لحاظ سخت افزاری با توجه به قیمتش فوق العاده است  باطریش در کمتر از 4 ساعت تموم میشه و باید بزنی برق  در تاریکی اینا تایپ کردن خیلی سخته چون کیبوردش نور پس زمینه نداره  من احساس میکنم کیبوردش کمی ضعیفه البته در تایپ اینا اصلا باهاش مشکل نداشتم   کیفیت بلندگوهاش هم خوبه چون صفحه نمایشش مات هست   تماشای عکس و فیلم لذت بخش نیست  زاویه دیدش هم محدوده و یه ذره کج میکنی خوب نمیتونی ببینی  فقط از روبرو خوب میبینی  شاید این برا برخی استفاده کننده ها نقطه قوت باشه ,60,1
خرید این دستگاه رو به همه کسانی که به سلامت خانواده بها میدن پیشنهاد میکنم ,60,1
من از دیجی کالا گرفتم که قیمت بالایی هم داد نسبت به بازار ولی شرکتی که مسئولیت گارانتی بر عهده داشت خوب بود در کل عیب خاصی از پرینتر تو 2 سال استفاده معمولی ندیدم ,92,1
من این دستگاه رو دو روزه خریدم بهتون پیشنهاد میکنم از دستگاه های دیگیری استفاده کنید که حداقل برای استفاده اولیه با چندین چالش مواجه نباشید ,36,3
از نظر قیمت و کارایی خیلی عالیه ,68,1
من این رو تقریبا سه ماه پیش برا همسرم خریدم همیشه ازش استفاده می کنه و بسیار  هم راضیه   دی جی کالا خیر ببینی  ,88,1
بدون اینکه تفلونش خراب بشه ,100,1
سللم دوستان خسته نباشید  بنده این محصول را در پیشنهاد شگفت انگیز خریداری کردم  وقتی که رسید به دستمون با خدمات پس از فروش راجع به نصب آن صحبت کردم که خیلی خوب جوابگو نبودن  بنده خودم تعمیرکار هستم دل و زدم به دریا و شروع به نصب هود کردم  هود اکی بود و تا سه روز به راحتی کار می کرد  بعد از سه روز از داخلش یه صدایی اومد  یه صدایی مثل ترکیدن  و دیدم در کمال تعجب نور لامپ هاش کم شده  هود و باز کردم و دیدم خازن ولتاژ بالا بخش کانورتر 220 به 12 ولتش ترکیده  چون سال تحویل هست و مرجوع کردن محصول کمی وقت گیر و سخت هست برای بنده کالا رو مرجوع نکردم و با تعویض خازن مربوطه از روی برد مشکل مرتفع شد  ولی خواستم خدمتتون عرض کنم که کالای ایرانیه خلاصه حواستون باشه  ,60,2
میشه قالب را گذاشت توی یه ماهی تابه و ازش استفاده کرد    وافل بد نمیشه  ولی فقط یه طرف برشته میشه و اونطرف کمی خمیری میمونه ,72,1
ی کالای ایرانی با پوشش دایکاست ک بهش میگن سرامیکی خیلی عالیه تو پیشنهاد ویژه خریدم خیلی راضیم  فقط اینکه قابلمه اش میتونست مثل تابه اش ک کارتن داره کارتن جداگونه داشته باشه ک بتونیم بیشتر بخریم و کادو بدیم ولی حیف شد ,88,1
موتور این جاروبرقی بسیار قدرتمند است   ,96,1
سلام  من این دستگاه رو از نمایندگی خریدم قیمتش نسبت به دیجی کالا گرونتر بود این دستگاه ازتولیدات سری mسامسونگ هست که داخل ایران تولید وبه بازارداخلی عرضه میشه  کیفیت تصویرش خوبه واز امکانات ارتباطی خوبی برخورداره فقط درتصاویری که درهنگام پخش  سرعت بالایی دارن کمی لگ داره وجامیمونه  درکل تلویزیون خوبیه البته باقیمت خوبی که دیجی کالا گذاشته  خیلی مقرون به صرفه هست  باتشکراز دیجی کالا  ,64,1
دوربین خوبیه از نظر من و کارم رو راه انداخته ولی نمیشه انتظار یه دوربین حرفه ای رو ازش داشت    فلش جدا روش نصب نمیشه و این که دیجی کالا نوشته که از همه نوع پورتی پشتیبانی میکنه ولی وقتی بدستم رسید دیدم فقط از پورت mini usb پشتیبانی میکنه  ,88,1
خیلی خوبه بهتر از مارکهای خارجیه ,60,1
سلام این یه تبلت با کیفیت ساخت بالا و ظریف و البته یکم سنگین من ازش راضی ام ولی یه مشکل دارم تا الان سه بار برای آپگرید رفته ولی همش آخرش یه خطا داده و پریده ,60,1
از ابعاد و امکاناتش شگفت زده شدم برای من که مبتدی م و دوس دارم همه جا دوربین همراهم باشه عالیه راحت هرجا میخام میبرمش ,92,2
خیلی خوبه من که راضی ام ,100,1
وقتی از پهلو حتی به تلویزیون نگاه میکنید  تصویر بسیار تیره هست و باید کاملا مقابلش باشید  حتی با کمی زاویه گرفتن این مشکل محسوسه  ,48,3
الان چند وقتیه وقتی میخوام روشنش کنم صفحش به هیچ وجه بالا نمیاد باید حتما دکمه پاور رو چند ثانیه نگه دارم بعد با اتصال کابل شارژر روشنش کنم با اینکه باتریش شارژ کامل داره ,60,2
من توی پیشنهاد ویژه خریدم و راضیم  و به کسانی که دودلن برای خریدش پیشنهاد میکنم  البته به اندازه ی پولی که میدین توقع داشته باشین ازش  اما کارکردش واقعا راضی کننده هست  هیچ مشکلی هم نداره  مرسی از دیجی کالا  ,76,1
فوق العاده عالیه  این مدل  از مدلی که  آی دوس  داره خیلی بهتره امکان نداره لباسی تاز این ماشین کثیف یا با کف بیرون بیاد ,92,1
من این جارو رو چند روزی هست که خریدم و واقعا ازش راضی هستم و صدای کمی داره و از هر نظر عالیه ,60,1
من 3 روزه گرفتم در کل خیلی راضیم کیفیت چاپش هم خیلی خوبه به بقیه هم پیشنهاد میکنم بگیرن ولی خب اون کابله اتصال به کامپیوتر رو نداشت زیاد خوشایند نبود ولی گذینه ی خوبیه برای منزل و محل کار ,100,1
خوب ابتدا از فعالین دی جی کالا تشکر میکنم   خوب من کارم ساخت صدا برای بازی ها هست و این هدفون گزینه مناسبی برای این کار هست و به دوستانی که تو این زمینه فعالیت دارن پیشنهاد میکنم چون متناسب با رنج قیمتی که هست بهترین گزینه است البته مدل هی akg هم خوب هستن ولی نه در این رنج قیمت  سبک موزیکی من گوشم میکنم متال   دث و دووم و   حس خوبیو به شما انتقال میده  البته در بخش موزیک های ار اند بی و هیپ هاپ هم پاسخ گویی خوبی داره  در کل گزینه خوبیه برای خرید تنها مشکل اینکه شاید حس گرما کنید تو تابستون همین که مهم نیس عرق نمیزنه فقط یه گرمای لطیف ,96,1
برند تفال فرانسه از شناخته شده های عرصه ی آشپزخانه و لوازم خانگی است  برخی از مدل هاش مونتاژ چین هستن که این مدل هم هست اما واقعا کیفیت خوبی داره  از دیجی کالا خریداری کردم  با قیمت شگفت انگیز عالیه ولی با قیمت عادی کمی گرانه  بسته بندی بصورت یک پلاستیک دور تابه بود  تابه بصورت کاملا براق و شیک هست  وزن نسبتا زیادی داره  این مدل Mineral Signature تفال هست که توصیه می کنم قبل از خرید در یوتیوب سرچ کنید و چندی از فیلم های مربوط بهش رو نگاه کنید و دقیق تر امکانات اون رو متوجه میشید  تمام تکنولوژی های پیشرفته که در قسمت مشخصات دیجی کالا هم نوشته رو داره  البته گارانتی یکساله گروپ سب پارس من نه تونستم ازشون سایتی پیدا کنم و نه کارت گارانتی داشت البته اصولا نیازی به گارانتی در این موارد پیدا نمیشه اما بنظرم گارانتی معتبری نداره  ,88,1
توصیه میکنم حتما بخرید ,60,1
لبتاب قدرتمندیه من که راضیم ازش   کارم برنامه نویسیه یه هارد ssd روش گذاشتم سرعتش خیلی بیشتر شده   گرافیکش که برای کارهای مهندسی واقعا عالی عمل میکنه خصوصا رندر گرفتن مایا  3d max   کیفیت صفحه نمایشش معمولیه   سخت افزارش بینظیره با این قیمت   گاهی هنگ میکنه بنظرم عادیه بهرحال ویندوزه مک که نیست   ,100,1
اتوی خیلی خوبیه پیشنهاد میکنم بخرینش چون بخار اتوش عالیه ,100,1
با توجه به کیفیت ساخت بالا وطراحی شیک در شگفت انگیز ارزش خرید بالایی دارد ,100,1
این همزن در کل چیزه عالیه برای اونایی که قهوه سرو می کنن و برای همزدن سس و این چیزا  کسایی هم که میگن خیلی میلرزه اصلا چیز خاصی نیست و طبیعیه بخاطر اینکه کلا این محصول کوچیک و چون سرعت چرخشش بالاست میلرزه وگرنه اصلا چیز خاصی نیست و خودتونو نگران نکنید ,100,1
سه هفتس که دارمش خیلی عالیه واقعا با وجود این همه عکسای دیجیتال توی هارد و گوشی ها   یکی دو آلبوم چاپ شده هم لازم میشه توی خونه باشه ,80,1
یک ماهه ازش استفاده میکنم و کلیه نیازهای صوتی منو برطرف کرده   تفکیک صداش استثنائیه ,100,1
خیلی خوبه لپ تاپش عالیه ولی خودم میخوام بفروشمش ,100,1
کیفیت ساختش واقعا خوبه مخصوصا کیبوردش  ,88,1
کاکردن باهاش آسونه و براحتی مواد رو خرد و مخلوط میکنه با وجودیکه ظرفش بزرگه ولی یدونه پیاز رو هم خیلی خوب خرد میکنه شستنش هم راحته در مجموع رفیق خوب آشپزه خرییدشو توصیه میکنم  ,88,1
من این کالا رو در شگفت انگیز خریدم و بعد از یک هفته به دستم رسید  از 5 قابلمه در 3 تا ایراد داشت  یا لقه و یا درست بسته نمیشه  واقعا توى ذوق آدم مى خوره  با دى جى کالا تماس گرفتم و قرار شد که پس بفرستم  عجیبه که کارخانه سازنده محصولات رو چک نمیکنه قبل از ارسال  واقعا یک دلیل دیگه که برند ایرانى نگیرم  ,40,3
سلام من از دیجی کالا خرید کردم شگفت انگیز شده بود  چیزی که تو سایت هست رو ندیدم داخل دوربین   حتما داخل تنظیمات برید باید 60فریم بر ثانیه فیلم برداری کنه اگر نداشت تقلبی هست   زومش هم دقیقا زوم دوربین قبلی  یعنی sx700 هست  درضمن بهم گفتن قرمزاش اصلیه و قویتر  ,60,3
امروز نصبش کردم هنوز خیلی باهاش کار نکردم ولی تو این چند ساعته نقطه ضعفی ندیدم ,76,1
سلام ب دوستان عزیز بنده این لب تاب رو الان 4 روزه تحدیل گرفتم و ویندوز رو نصب کردم ب راحتی برعکس اون دوستی که گفتن مشکل نصب داشتن چند تا بازی مبتدی هم مثل Gta نصب کردم به خوبی جواب داد برای پسر خالم سفارش دادم ک حدود 7 سالشه و بازی های مبتدی میخاست عملکرد کیبورد و موس خوبه خیلی روانه فقط دی وی دی رایتر یکم کیفیتش پایینه کیفیت بدنه هم خوبه ولی شدید اثر انگشت جذب میکنه عملکرر باطری هم خیلی خوبه اگه بزای کارای سبک میخابد گزینه خیلی خوبیه من از خریدم راضیم در کل مرسی از دیجی کالا عزیز ک با بسته بندی عالی فرستاد ,68,1
چرخ گوشت خوبیه دو کیلو گوشت و چربی و سریع و بدون مکث چرخ کرد کیفیت ظاهریش هم خوبه  فقط صداش یکم زیاده که مقایسه نکردم با چرخ گوشت دیگه در کل از خرید راضی ام  ,76,1
از نظر کیفیت ساخت پلوپز پارس خزر که مربوط به 20سال پیش بود و دارم خیلی بهتره ,52,3
با درود بنده این لپ تاپ 19 فروردین خریدم اما به دلیل مسافرت امروز 31 فروردین تستش کردم نور پس زمینه کیبوردش عالیه کاملا بی صداس سخت افزار بسیار عالی داره نرم افزار تخصصی مثل Autocad   3d max   sketchup   sap   etabs  safe عملکرد عالی دارن سرعت استفاده از اینترنتش عالیه  دو تیکه پلاستیکی نازک هم پشت مانیتور هست که باعث میشه 2 برابر امواج وای فای رو قویتر دریافت کنه  اجرای بازی های زیر با حداکثر تنظیمات و 40 فریم تا 60 فریم  GTA V v1 41   حداکثر تنظیمات و از 53 تا 60 فریم Resident Evil 7 Biohazard v1 03   حداکثر و 60 فریم قفل Alan Wake Limited Edition   حداکثر و 60 فریم قفل Assassin  39 s Creed Origins Deluxe Edition   حداکثر بین 42 تا 59 فریم Batman Arkham Knight Game Of The Year Edition   حداکثر و بین 48 تا 60 فریم Battlefield 1 Deluxe Edition   حداکثر و 60 فریم قفل Call of Duty WW2 Deluxe Edition   حداکثر و 39 تا 60 فریم Dead Rising 3 Apocalypse Edition   حداکثر و 60 فریم قفل Far Cry Primal Apex Edition   حداکثر و بین 37 تا 60 فریم Fifa 18 Icon Edition   حداکثر و 60 فریم قفل WWE 2K18 Deluxe Edition v1 07   حداکثر و بین 56 تا 60 Lords of The Fallen Game of The Year Edition   حداکثر و 60 فریم Need for Speed Payback Deluxe Edition   حداکثر و 60 فریم قفل RAGE Complete Edition   حداکثر و 60 فریم قفل Rise of The Tomb Raider   20 Year Celebration Edition   حداکثر و بین 42 تا 58 فریم Ryse Son of Rome Legendary Edition   حداکثر و 60 فریم قفل The Elder Scrolls V Skyrim Special Edition   حداکثر و 60 قفل Titanfall 2 Deluxe Edition   حداکثر و بین 44 تا 60 فریم تست هر بازی میانگین 2 دقیقه و برخی بازیها مثل gta   farcry دارای بنچمارک داخلی فعلا همین ,88,1
کیفیت فوق العاده بالایی داره ,92,1
در کل قابل رضایت هست ,60,1
الان تقریبا یک سال هست خریدم و خیلی ازش راضیم ,80,1
دوستان در خریدش شک نکنید اندازه کوچک و قدرت بالا عالیه ,44,3
به نسبت هزینه و امکاناتی که در اختیار قرار می دهد کاملا خرید را در شگفت انگیز توجیح می نماید  ,76,1
من این دستگاه رو مثل همیشه پس از  صرف وقت زیاد و  بررسی دستگاه های هم رده خریداری کردم  دقت کنید سبکی و سهولت در استفاده در یک تبلت و دوم شارژدهی مناسب نقش حیاطی رو ایفا میکنه  نبود هر کدوم از این دو باعث میشه عملا نتونید از اصل دستگاه با هر مشخصات فنی استفاده کنید  حدود ده سال هست لپ تاپ core i7 با ویندوز اورجینال 7 دارم و وجود یک تبلت که بتونه تا حدودی هم عملکرد یک لپتاپ و به طور خاص یک تبلت رو مرتفع کنه رو در این محصول دیدم  این محصول رو با ASUS Transformer Mini T102HA A  T100  T100Chi T100TAL TAM T   Lenovo Yoga Book windows و قدیم با برخی محصولات دیگه مثل ایسر Switch 10  و توشیبا مقایسه کردم  که البته یوگا و T102 مشخصات و کارایی و قیمت خودشون رو دارند که کمی انتخاب رو سخت میکنه  برای اون دسته از افراد که تبلت اندروید میخرن دقت کنید سیستم عامل ویندوز  بسیار کاربردی تر و جامع تر از اندروید هست و کاراییش قابل مقایسه نیست  شما میتونید روی یک تبلت ویندوزی اندروید داشته باشید اما بر عکس اون امکان پذیر نیست  قابلیت مکالمه رو من مناسب یک گوشی همراه میبینم نه یک تبلت با هر سیستم عاملی  سیم کارت و 4G بودن رو میتونید چشم پوشی کنید تا هزینه هاتون کاهش پیدا کنه چون با Hotspot کردن که در گوشی های هوشمند امروزی هست این کار عملیه  من نیازی ندیدم   صفحه کلید و قلم در این محصول نیست و نبود صفحه کلید یک مزیت بود به نظر خودم چون نیازی به صفحه کلید نداشتم  شما فقط به اصل محصول پول میدید و در صورت نیاز در دسترس هستند و میتونید اونها رو تهیه کنید  به نظر من کسی که تبلت میخره بیشتر میخواد از  صفحه لمسی  سبکی و قابلیت حمل اون استفاده کنه  وجود کیبورد کمی این مسایل رو زیر سوال میبره  پیشنهاد میکنم اگر از اون دسته کاربران هستید که کیبورد زیاد استفاده میکنند و یک چنین  محصولی رو میخوان به عنوان لپتاپ با وزن سبک استفاده کنن بهتره مدل های 4pro و بالاتر اون همراه با کیبورد رو تهیه کنن  اینجوری به دلیل همراه بودن متعلقات هزینه شما کاهش پیدا میکنه و نگرانی در همرنگی ست  یا تهیه متعلقات ندارید  قلم رو حتما حتما تهیه کنید چون وجود چنین تبلتی با قلم پرکاربرد Microsoft Pen در کنار هم کامل خواهد شد و اون کاربری واقعی یک تبلت برای شما و مد نظر شرکت سازنده رو مشخص میکنه   نکته بعدی حافظه داخلی محصول هست که به نظر من کمتر از 128 تهیه نکنید چون حافظه واقعی در دسترس کمتر خواهد بود و پس از نصب آپدیت ها که حتما باید اینکار رو بکنید و من پیشنهاد میکنم  عملا حافظه ای برای دستگاه شما باقی نمیمونه  یعنی دستگاهی با حافظه 32 و تا حدودی 64 که حتی ممکنه از این مدل هم بیشتر پول بدید وقتی حافظه ای  نداره و نمیتونید چیزی داخلش بریزید یا نصب کنید و بعداز مدتی  کند میشه یک وسیله تزیینی بیشتر نخواهد بود  در حال حاضر مدل های دیگه مایکروسافت با حافظه ی داخلی 32 و 64 به فروش میرسه که تفاوتشون در  نوع ویندوز هست و از شما هزینه ای بیشتر صرفاً برای ویندوز 10 و ویندوز 10pro میگیرن که میتونید همچنان برای آخرین فرصت تا تاریخ 31 دسامبر 2017   10 دی 96  ویندوز 8 1 این محصول رو رایگان به ویندوز 10 ارتقا بدید  با خرید این محصول  علاوه بر داشتن یک تبلت 128 گیگ یک ویندوز 10 خواهید داشت که حدود 2 میلیون و اندی  بسته به تخفیفها و قیمت دلار  بیشتر نخواهد بود  دقت کنید پس از این تاریخ ارتقا به ویندوز 10 پولی خواهد بود و باید کلید ویندوز  رو خریداری کنید  ویندوز 10 با آپدیتهای جدیدش بیشتر تاچ و قلمی شده و امکاناتش بسیار بهتر و بیشتر از ویندوز 8 1 هست مثل دسترسی ها در حالت tablet mode و desktop mode و بسیاری منوی های دیگه که راحتی و کاربری دستگاهتون رو افزایش میده   اگر تا کنون سیستم عامل دستگاهتون رو در فرصت های قبلی داده شده به ویندوز 10 ارتقا ندادید و قصد استفاده از این فرصت جدید رو دارید برای ارتقا به ویندوز 10 حتما باید تمام آپدیت های ویندوز 8 1 و Surface رو نصب و سیستم رو  ریستارت کنید به همین علت بعضیها نتونستند ارتقا بدن  سپس عبارت Upgrade to Windows 10  FAQ رو جستجو کنید و پیوند موجود در سوال 6 به نام Accessibility and the Windows 10 free upgrade رو وارد بشید و Upgrade Now  برای اینکار شما باید یکی از موارد Ease of Access رو فعال کرده باشید  فرقی نداره  بهترین High Contrast هست  حین دانلود و نصب ویندوز 10 صفحه رو نباید خاموش کنید و در حالت sleep قرار بدید  ترجیحا از قند شکن استفاده کنید  پس از دانلود خود ویندوز نصب میشه و چند بار ریستارت  به اون فرصت بدید  از ویندوز 10 لذت ببرید  و اگر در جایی خونید که پیشنهاد شده ویندوز رو عوض نکنید یا این ارتقا خوب نیست یا این کار مزیتی نداره و ویندوز 8 1 بهتر هست لازمه بگم این مباحث قدیمی و اشتباه هست و مربوط به ابتدای معرفی ویندوز 10 و سرفیس  پس از معرفی آپدیت های جدید ویندوز 10 این ارتقا رو به شدت پیشنهاد میکنم  توجه کنید ویندوز اصلی روی دستکاه رو هیچگاه خودتون با ویندوز های داخل بازار عوض نکنید  منظور از ارتقا فقط توسط خود ویندوز هست ونه  نصب مجدد یک ویندوز جدید  احتملا اونهایی که میگن ویندوز 10 رو در تبلت نصب نکنید نمیدونند که تبلت های ویندوز برای اینکار یک به روز رسانی دارند و خود ویندوز 10 هم به روز شد و هیچ مشکلی در این خصوص نیست  این رو هم بگم که ویندوز و نور صفحه خیلی در مصرف باتری تاثیر داره  البته این رو باید بپزیرید اگر ویندوز رو ارتقا دادید کمی سنگین تر میشه که به نظرم به امکاناتش می ارزه   صدای خیلی خوبی داره  کیفیت صفحه نمایش خیلی مهمه چون میزکار شماست که دائم به اون نگاه میکنیدکه برای  این دستگاه خوبه   سخت افزار  این دستگاه برای کارهای روزمره قابل قبوله و باتری خوبی داره  من برخی نرم افزارها رو هم روی ویندوز 8 1 و هم 10 تست کردم کمی کند بالا می اومدن ولی اونقدرها هم سیستمش پایین نیست   سرعت اینترنت شما در عملکرد دستگاه تاثیر خواهد داشت  Chrome مصرف باتریش نصبت به Eadge بیشتر هست  همین ابتدا محافظ صفحه نمایش  محافظ پشت دستگاه و مبدل های مورد نیاز مثل Mini DisplayPort به VGA  یا HDMI رو اگر برای ارائه نیاز دارید تهیه کنید  داخل جعبه فقط تبلت و شارژر هست  در دیجی کالاتبلت با قیمت مناسب همراه با گارانتی عرضه میشه که به نظرم پاسخگو هستند  البته مثل خیلی برندهای دیگه شرکت سازنده اینجا نه نمایندگی داره نه گارانتی اما خیلی ها ادعاهایی دارند  خود تبلت یکسال گارانتی جهانی مایکروسافت داره و به تبعه همون توسط یک شرکت داخل ایران  از هرکجا خرید کردید سریال تبلتتون رو در سایت مایکروسافت چک کنید که ریفربیشد نشده باشه  باید حدود یکسال گارانتی رو نشون بده   دستگاه رو از همون ابتدای راه اندازی بر روی کشور سازنده قرار بدید  زبان نوشتار میتونه پارسی باشه   لازم هست بگم من ارزش خرید نسبت به کارایی عملی  قیمت و کاربری رو همیشه در  انتخاب محصولات مد نظر دارم و این محصول هم برای من این خواسته هارو برآورد میکنه  حتما پس از خرید دستگاهتون یک Recovey  از ویندوز روی یک فلش تهیه کنید  از این فلش نباید استفاده دیگه ای بکنید  قابلیت بوت داره  Bootable  و اون رو برای روز مبادا کنار بذارید  پیروز باشید مسعود ,88,1
بعد از یکسال بدون ایراد داره کار میکنه ,60,1
خیلی سبک و جلوه رنگ فوق العاده داره به برنزه میزنه بخاطر دایره طلایی وسطش ولی فوق العاده بود خودش شوت نداره باید جداگانه بخرید و بخاطر اینکه داخل کیف میفته باعث آلوده شدنش میشه مه این نقطه ضعفشه ,100,1
نسبت به قیمتش کیفیت لازم رو نداره یعنی برق معمولی و ضعیفی داره و خیلی خیره کننده و زیبا نیست ماندگاریشم بالا نیست و بعد از 20 دقیقه دیگه اثری ازش نیست خلاصه نمیشه بهش گفت هایلایتر خوب   ,60,3
دوربین خیای خوبیه  ینی چیزی از دوربین حرفه ای کم نداره فقط توی شب و نور کم یکم عکسا خوب در نمیان وگرنه نور و وضوح تصویر عالیه  برا کسی ک بیشتر عکسای طبیعت میگیرن عالیه البته حتما با لنز قوی من ی دونه دوربین p900 نیکون هم دادم ک از اون برا طبیعت استفاده میکنم اینو گذاشتم برا پرتره ,72,1
یک متر لیزری عالی و با کیفیت ,88,1
از این برند انتظار نداشتم همچین دستگاهی تولید کنه  مکندگی بسیار ضعیف و از همه مهمتر جنس کیسه همراه دستگاه که عملا هرچی رو که مکش می کنه  گرد و غبار  از خودش عبور می ده و در فضا پخش می کنه  من اینو فقط برای مکندگیش خریدم و الان اصلا برام قابل استفاده نیست  ,56,1
4 ماهه دارم استفاده میکنم خیلی خوبه ساده ساده ,100,2
نسبت به قیمت و توقع از چرخ گوشت هتما پیشنهاد میشه  من مولینکس اصل هم دارم شاید برند باشه و خیلی گرون تر اما یه بار که یه قطعش خراب شد خیلی دردسر کشیدم تا گیرش آوردم و به جرعت میگم کار این پارس حزر از اون خیلی بهتره ,84,1
خوبه من ی پنج ماهی میشه خریدم ولی از هارد به مشکل خورده و بدیش اینه  فقط ویندوز 10 ساپورت میکنه  ولی کیفیت بالا کیبوردشم خوبه ظاهر خوبیم داره  به کلی خوب  ولی مشکلاتیم داره ,84,1
با کلی بررسی و مقایسه این تلوزیون رو خریدم و در کل بگم که فرق چندانی با برندهای معروف نداره و ارزش خرید کردن داره و از حق نگذریم تو بعضی موارد سر تره   من که راضیم   به شما هم پیشنهاد میکنم ,92,1
حدود یک هفته استفاده کردم  بعد از مدتی استفاده دقیقا مثل کتری گچ و رسوب میگیره  ضمنا قبل از استفاده باید چند بار آب را دور بریزید تا مزه بدش بره  من برای دفتر کارم خریدم اما واقعا سایزش بیشتر به درد خونه و مهمون داری میخوره تا استفاده در یک محیط اداری  در کل نسبت به قیمتش و اینکه جنسش ساخت چین هست  در این سایت ذکر نشده چینی هست  خیلی من نمیتونم توصیه کنم به خرید اما اگر  قیمتش براتون مهم نیست برای مصارف خانگی به نظر میاد خوب باشه  ,64,3
همونطور که توی توضیحات این لپ تاپ هم گفته شده این لپ تاپ مناسب برای کاربری عمومی هست  من این لپ تاپ رو برای مصارفی همچون وبگردی  اسکایپ  تماشای فیلم برای مادرم خریداری کردم و توی این یک ماه که با لپ تاپ کار کردم کاملاً راضی بودم ازش و انتظارات رو برآورده کرده  با توجه به تنظیمات این لپ تاپ قیمت مناسبی داره و البته اینکه من خرید لپ تاپ HP رو به سایر مدل ها  لنوو   ایسر و    ترجیح میدم  صفحه کلید بسیار نرم  راحت و بی سر و صدایی داره که کار کردن با اون کاربر رو خسته نمی کنه  بسیار کیفیت ساخت مناسبی داره و همچنین بسیار ظریف هستش  طرح پشت مانیتور یک طرح برجسته زیبا هست که باعث میشه ایجاد یکنواختی نکنه ظاهر لپ تاپ  از نکات قوت دیگر داشتن کارت گرافیک مجزا با حافظه اختصاصی 2GB هست   از مشکلاتش هم میشه به نداشتن پورت VGA اشاره کرد که البته تبدیل لازم تو بازار هست که HDMI رو به VGA تبدیل کنید  ولی اگه نیازی به این پوت ندارین اصلاً یک مشکل به حساب نمیاد   در جواب آقای صباحی   صفحه نمایش مناسبی داره و توی شرایط نوری مختلف من باهاش کار کردم جواب مناسبی گرفتم و تنها مشکلی که داره این هست که از کناره ها تصویر تار هست که فکر نمی کنم کسی از بغل بشینه با لپ تاپ کار کنه و معمولاً به صورت مستقیم پشت لپ تاپ می شینن و کار می کنن  جز اینکه بخواید دسته جمعی بشینید فیلم ببینید که البته مورد استفاده لپ تاپ این نیست در کل میتونست مانیتور بهتری داشته باشه که در اون شرایط قیمت لپ تاپ هم افزایش پیدا می کرد  توجه کنید که این یک لپ تاپ اقتصادی هست نه حرفه ای  همین طور در خصوص پارتیشن بندی هم من تاحالا تجربه خرید 3 یا 4 لپ تاپ HP رو داشتم که هیچ کدوم هارد رو پارتیشن بندی نمی کنند و فقط یک درایو با ظرفیت کامل در اختیار قرار می دهند که خود کاربر باید با توجه به نیازش هارد رو از طریق Disk Management ویندوز پارتیشن بندی کنه  ,76,1
من این دستگاه را به  تازگی خریدم هنگام خرید برای داشتن وای فای مستقل خیلی تحقیق کردم اما کسی اطلاعی نداشت اما حالا که به طور کامل آن  را تست کردم بسیار خوب جواب می دهد  ,76,1
با سلام خدمت دوستان و تشکر از دیجی کالا  انتخاب و خرید به صرفه هم از نظر اقتصادی و کیفیت ,68,3
من خودم مدل قبلی همین هندزفری  sth30   رو داشتم  مشکلی که مدل قبلی داشت بلندی صدا بود که کاملا ناامید کننده بود اما این مدل هم از نظر بلندی صدا و هم از نظر بیس به مراتب بهتر از sth30 هست  ارگونومی بسیار خوبی هم داره و راحت داخل گوش قرار میگیره و اصلا  احساس خستگی نمیکنید  در کل نسبت به قیمتش ارزش بالایی داره و من کاملا راضی هستم   بیس نرم و شفافی داره بلندی صدا هم راضی کننده هست  در نهایت یک اپدیت ,100,1
سلام من هفته پیش از دیجی کالا خریدم واقعا عالیه کیفیتش حرف نداره موزیک ویدیو 4K پخش کردم توش واقعا خوب بود امکاناتش هم راضی کننده اس خلاصه یه تلوزیون همه چی تمومه من حتما پیشنهاد میکنم  قیمتش هم از جمهوری و امین حضور پایین تره ,92,1
عالیه خیلی دوسش دارم ,60,1
پولی که میدید در برابر کیفیتی که دریافت میکنید هیچی نیست با خیال راحت بخریدش یه چربی ملایم خواستنی داره که باعث میشه چشمتون موقع پاک کردن اصلا اذیت نشه پاک کنندگیشم که حرف نداره برندشم که معروفه و  ,56,2
به نظرم عالی هست یک عمر اتو میشه ,84,1
شگفت انگیز میشه گفت ارزش خرید داره کیفیت رنگش عالیه صداش از هودهای دیگه که دیدم تو دور اول کمتره  مکش خوبی داره ,64,2
دوربین بسیار خوب و خوش دستی است  من عکاس حرفه ای نیستم و به دلیل علاقه ای که به طبیعت گردی و عکاسی دارم این دوربین را خریداری کردم  عکس های واقعا با کیفیت و خوبی می تونید با این دوربین ثبت کنید حتی با همین لنز 18 55 که روی دوربین ارائه شده  افکت های جالبی در دستگاه تعبیه شده و اگر کمی مطالعه داشته باشید در خصوص تکنیک های عکاسی و تمرین کنید  دوربینی است که تا چندسال شما رو راضی نگه خواهد داشت   تنها نکته ای که شاید برای برخی  آزار دهنده باشه  عدم وجود تایم لپس و وای فای باشه وگرنه نقطه ضعف دیگری نداره  ,88,1
مکش عالی و صدای کم از مزیت های این محصوله سری جارو زیادی به قالی میچسبه و جاروکشی رو سخت میکنه و باجایگزینی سری معمولی از شر کمردردو  خلاص بشین  جارو سیستم سیم جمع کن خودکار داره برای همین سیم رو زیاد بیرون نیارین تا هم توی دست و پاتون نباشه و هم با تحت کشش بودن از واژگونی جارو جلوگیری کنه و سیم درطول جاروکشی نسبت به طول مسیر خودش کم وزیاد بشه ,68,1
این محصول عالیه خوب پاک میکنه ولی لب من رو خشک ومیکنه یک کم درحدی نیس ک اذیت کنه که من معمولا بالم لب استفاده میکنم مشکلی ایجاد نمیکنه ,76,1
کلا محصولات بوش عالیست از هر نظر  هر مدلی  من که از این مدل کالما راضیم ,68,1
کاملترین گوشی ای که در حال حاضر تو این رنج قیمت میشه خرید  من قصد داشتم صبر کنم برا آیفون x ولی نظرم عوض شد و اینو پیش خرید کردم   واقعا راضیم ازش بیشتر به خاطر قلم s pen خریدمش ولی بعد دو سه هفته کار کردن باهاش هیچ نقطه ضعف و مشکل حتی جزئی ندیدم و فقط اسپیکرهاش اگه استریو بود کیفیت صدا با چیزی که الان هست خیلی فرق میکرد گرچه الانم خوبه و راضی کننده هستش  به راحتی میتونه از پس هر کار سنگینی بر بیاد یعنی 6 گیگ رم فقط روی کاغذ نیست اگه باهاش کار کنین کاملا متوجه تفاوتش با بقیه گوشی های هم رده  غیر از آیفون ها  در بحث سرعت میشین از دیجی کالا بابت تحویل زودتر از موعدش ممنونم ,96,1
یک لپتاپ سبک و یک تبلت سنگین به نسبت دیگر تبلت ها است  کیفیت کیبورد و تاچ پد واقعا خوب است  بک لایت با کیفیت دارد بر خلاف سری v ایسوز من بین سری v ایسوز و این لپتاپ شک داشتم که واقعا این لپتاپ بار ها بهتر از اون بود تست فیزیکی هردو   کمی سردر گمی در حالت تبلت رو باهاش رو برو شدم و اینکه موقع تغییر حالت به تبلت دکمه های کیبرد در زیر قرار میگیرد که لمسشون ناخوشاینده ولی کم کم عادت کردم و از قسمت دیگر نگه میداشتم  کیفیت اسپیکر و صفحه نمایش ها خوب هست  من قصد انجام بازی رو نداشتم و برای اموزش و کار های روز مره انتخابش کردم که فوق العاده ست  دکمه پاور و ولوم در کنار دستگاه قرار داره که کار رو راحت میکنه  رنگ نقره ای یک پارچه در پشت دستگاه و مشکی در قسمت کیبرد و صفحه نمایش جلوه لپتاپ رو زیبا کرده  اگر قصد انجام هر کاری بجز رندرینگ و بازی رو دارید کاملا مناسب و خوب هست  حتما پیشنهاد میشه  ,96,1
یه مدل از این کوچکتر داره که متاسفانه تو دیجی کالا ندیدم اون واسه آشپزخانه بهتر از اینه مگه این که بزرگ بودنش واستون ایراد نداشته باشه ,80,1
عالیه   واقعا راضی ام   واقعا می ارزه   ,100,1
من این تلویزیون رو از نمایندگی سامسونگ در جمهوری تهیه کردم البته 40اینچشو من خریدم و کاملا راضی هستم صفحه 40 اینچه ولی انگار 42 اینچه و این بخاطر اینه دوره های تلویزیون خیلی باریک و شیک طراحی شده و کیفیت تصویر کاملا شفاف و HDهستش فقط یه خورده قابلیت هاش کمه مثلا دورببنو این چیزا نداره که برا من این چیزا مهم نیس حتما پیشنهاد میکنم اگه دنبال تلویزیونید این مدلو بخرید پشیمون نمیشید ,100,1
ما تازه از دیجی کالا خریدیم  کیفیت خوبی داره  صداش نسبتا کم است  توزین لباس فقط در یک برنامه لباسهای پشمی کار میکنه  سیستم بابل فقط در سه برنامه فعال است  ماشین لباس شویی قبلی ما هم سامسونگ بود ولی این مدل تفاوت زیادی داره  یه ویژگی مهم که من حس کردم لطافت لباس ها پس از شستشو بود  شاید فکر کنید اشتباه میکنم ولی با همون پودرها و مواد مشابه لباسهای شسته شده خیلی نرم و لطیف هستند  فکر کنم به خاطر دیگ الماسه و یا فرایند پیش شستشو باشه   ضمنا مصرف آبش خیلی کمه روش نوشته 48 لیتر برای یک شستشوی نرمال   برنامه عیب یابی هوشمند رو امتحان نکردم ولی نوشته برنامه رو روی موبایل نصب کنید و وقتی ماشین خطا داد با دوربین موبایل از علامت خطا عکس بگیرید بعد اپلیکیشن خطا رو توضیح میده  فکر نکنم خیلی کاربردی باشه ولی هنوز امتحان نکردم  یه نکته مهم هم اینکه در ماشین خیلی راحت بسته و باز میشه اینو میگم چون ماشین قبلی رو باید خیلی زور می زدی تا درش درست بسته بشه و میدونم این مشکل خیلی هاست  ,72,1
پلی استیشن 4 پرو به همراه بازی Call Od Duty ,80,1
من در ایام عید چون دیجی کالا موجود نداشت از  سامسونگ مرکزی این تلویزیون را خرید کردم   ابتدا کمی برای پولی که داده بودم  مردد بودم   ولی بعد از نصب و راه اندازی تلویزیون مطمئن شدم که انتخاب خوبی کرده ام   تصویری کاملا شفاف و با رنگ های زنده   در مود HDR هم بسیار معرکه عمل می نماید    ریموت کنترل هم نسبت به مدل های قبلی خیلی بهتر شده است    سنسور حساس به نور محیط با اینکه قید شده ندارد    ولی این سنسور را دارد    تمام اتصالات مانند HDMI و USB و  به باکس پورت خارجی وصل شده و از باکس یک کابل فیبر نوری گونه به تلویزیون وصل میشود که چنانچه تلویزیون به دیوار نصب شود   اصلا دیده نخواهد شد    ولی این کامل خیلی نازک و چنانچه بی احتیاطی گردد سریعا صدمه خواهد خورد   و البته قیمت این کابل هم خیلی گران است  پس باید خیلی مراقب آن بود که چنانچه کابل صدمه ببیند امکان اتصال مستقیم اتصالات به خود تلویزیون وجود ندارد     البته سیم برق هم دومین کابلی است که چنانچه به دیوار وصل کنید دیده خواهد شد     همانطور که دوستمان گفتند  براکت دیواری مخصوص این تلیویزیون که موجب چسبیدن کامل تلویزیون به دیوار میشود   فعلا موجود نیست و باید از براکت دیواری معمولی که باعث فاصله گرفتن tv  از دیوار می شود فعلا استفاده نمود    بلندگوها با ندازه کافی صدای واضح و شفافی را منتقل میکنند    مجموعا من از خرید خودم خیلی راضی هستم ,68,1
یکی از قابلیت های فوق العاده این محصول مکش فوق العاده آن است من که خیلی راضیم حتی خاک های گوشه دیوار رو جمع  میکنه ,76,1
ما چند ماهه از دیجی کالا خریدیم و خیلی راضی هستیم ,88,1
سلام  دوستان این جاروبرقی واقعا عالی هست فقط حواستون باشه برای فعال شدن کارت هدیه حتما فاکتور رو بگیرید وگرنه مثل من بی جایزه میمونید        گلدیران بدون فاکتور هدیه رو فعال نمیکنه          که این هم باید اطلاع رسانی میشد  ,84,1
حدودا یک سال از دیجی کالا خریدم برای مصرف خانگی و راضی ام به طور کل   برای مصارف خانگی و دفاتر کوچک که حجم کاری پایینی دارند بسیار مناسب می باشد اگر حجم کاری بالایی دارید مناسب نمی باشد   زیرا حداکثر پرینت برگه  در دقیقه حدود 20 برگه می باشد اگر در تنظیمات از زبان فارسی پشتیبانی می شد و صفحه نمایش نسل بروزتری بود   عالی می شد ,80,1
واقعا لامپ خوبیه ,88,1
بزرگترین عیبش اینه که نمایشگر نداره و اصلا متوجه نمیشیم که دستگاه در چه وضعیتیه  خیلی جالبه    ,56,3
  چربی پوست رو متعادل میکنه     واقعا پوست رو تمیز و شفاف میکنه    در عین حال طراوت به پوست میده    رایحه بسیار خوبی داره  این محصول رو نوشته مخصوص اقایان ولی من یه بار که شوینده خودم تموم شده بود ازش استفاده کردم و از نتیجه ای که رو پوستم گذاشت لذت بردم و برای خودمم یه دونه خریدم من پوستم چربه و هم صبح و هم بعدازظهر  ازش استفاده می کنم    از مردادماه دارم هر روز استفاده میکنم   ,36,3
تازه خریدمش و امیدوارم خوب باشه  ,0,1
دو هفته ای هست خریدم حقیقتش ریسک کردم چون کسی ازش اطلاعاتی نداشت نسبت به هم رده هاش خیلی خوبه CPU نسل هشت عالیه ولی خیلی کم داغ میکنه تا الان که خوب بوده خداییش  ,96,1
درکل درحد واندازه برندکیچن اید نیست اما اختلاف قیمت 2میلیونی  این دستگاه را تبدیل به خریدی عالی می کند  ,76,1
کیفیت پخش صدا راضی کننده نیست اما کیفیت میکروفون  سیم بلند و تبدیل 2 به 1 برای اتصال به لپتاپ و گوشی واقعا خوب هستن ,56,2
توی تخفیف خریدم خیلی اتوی با کیفیتیه از خریدش پشیمون نمیشید ,92,1
عالی برای مصرف خانگی ,92,1
به نطرم می آد در مقایسه با محصولات مشابه یه سر و گردن بالا تره  ,84,1
برچسب مصرف انرژی این محصول B هستدر دیجی کالا A ثبت شده است لطفا اصلاح بفرمائید خیار و سبزیجات رو بیش از 6 روز درست نگه داری نمیکند ,56,3
من این لپ تاپ دو هفته قبل گرفتم  خیلی خوب و سریع و روون کار میکنه  بازی های سنگینم به دونه لگ اجرا میکونه  من از خریدش رازیم  ,84,1
کرم پودر خوبیه اما کاملا مناسب پوستهای چربه و بدرد پوستهای خشک نمیخوره و پوسته پوسته میشه روی بینی و اطراف لب  من پوستم خشکه و با وجود اینکه قبلش از مرطوب کننده استفاده میکنم بازم خوب روی پوستم نمیشینه و پوشش دهی مطلوبی نداره و در کل پیشنهاد نمیکنم ,48,3
واقعا این محصولlikeداره ,100,1
چند روزه این اتورو از دیجی خریداری کردم   دارای  ظاهری زیبا و با کیفیت  کارایی عالی   بخار با قدرت  خیلی سریع داغ میشه و خیلی خوب چروک لباس رو از بین میبره    ,84,1
درود بر کاربران و مشتریان دیجیکالا من نزدیک یک ساله دارم از این هدفون استفاده میکنم این هدفون در رنج قیمت خودش بی نظیره  اگه از من میپرسید بارها شده به صورت ناگهانی سیم هدفونم کشیده شده و همچنان در کمال تعجب کاملا سیم هدفون سالمه کیفیت صدای هدفونم از زمان خرید تا الان تغییری چندانی نداشته و کیفیت خودشو حفظ کرده نمیدونم این درمورد کل هدفونای سونی صدق میکنه یا نه ولی این هدفون مخصوصا با قیمتش گزینه فوقالعاده عالیه واسه گیمرای کم بودجه هم میشه گفت هدفون خوبی محسوب میشه  مخصوصا اینکه وزن سبک و حالت قرار گیری که داره باعث میشه بتونید راحت ساعت ها هدفونو رو گوشتون بگذارید و لذت ببرید آخرین نکته در مورد این هدفون وقتی که تازه این هدفون رو خریداری میکنید مخصوصا کسانی که عینک میزنند ممکنه پشت گوش هاشون به علت فشار هدفون ی مقدار اذیت بشه که اونم طی استفاده مداوم از هدفون درست میشه  ,88,1
پشیمونم شدیدا که اخه چرا من زودتر از اینا نخریدمت  عاااالیه فوق العادس به همه پیشنهاد میکنم  کلی کیف کردم ,96,1
تمام خوبی ایی که دوستان گفتن رو داره  دیگه تکرارشون نمیکنم  فقط رو نحوه درست شارژ کردن تاکید میکنم چون خیلیااز عمر کوتاه باتری شکایت داشتن و این که واقعا تو این رنج قیمت نمیشه چیزی بهتر پیدا کرد  من اول از خواهرم خواستم از کانادا برام بکیره ولی با مالیات و هزینه باز کردن قفل تو این رنج قیمت هیچ تبلتی بالاتر از 16 گیک حافظه و رم 2 گیگ گیرم نمیومد   حتی اونجا  البته من بااین بازی نمیکنم اما برنامه گرافیک واسه کارم نصب کردم هیچ مشکلی نداشت  تاچش وقتی ضدخش جنس خوب بذارین قوی تره  که برام جالب بود  در رابطه با زبان فارسی هم اکر فقط مشکلتون کیبرده با دانلود کیبورد فارسی حل میشه به راحتی  تقریباتمام برنامه های روی دستاهتون هم ازتون راجع ه زبان سوال میکنه که انگلیسی بمونه یاتغییرش میدین  به نظرم هیچ مشکل در این رابطه وجود نداره  البته من یه کم ارزون تر از این خریدمش از دیجی  ولی هنوز ارزش داره ,84,1
خیلی بدنه محکم و خوبی داره  از خریدش پشیمون نمیشید ,100,1
با سلام به خوانندگان من این ظرف فر  را برای همسرم تهیه نمودم  اندازه آن با طول 37 و عرض 27 سانتیمتر است که در مشخصات سایت دیجی کالا درج نشده بود و همسرم خیلی از نظر اندازه از آن راضی هستند  کیفیت لایه داخلی آن خوب و رضایتبخش بود لیکن قسمت بیرونی آن در استفاده های متعدد خش بر می دارد  که برای این نوع ظروف طبیعی است و به نظر من خیلی مهم نیست  از همین برند  یک قالب کیک هم سال قبل تهیه کردیم که خیلی خوب است و کاملا از کیفیت ان راضی هستیم  ,84,1
کلا محصولات تفال کیفیت عالی دارند   این محصول از همه نظر عالیه و در خریدش شک نکنید   همه جاش درج شده ساخت فرانسه   فقط نمیدونم چرا 26 سانتیش ارزونتره   مرسی از دیجیکالا   ,92,1
واسه هر خونه ای لازمه  مشخصات این ساند بار برای طیف گسترده استفاده کنندگان مناسب هست تو شگفت انگیز عالیه قیمتش کیفیت ساخت و پخش خوبی داره حداقل دو برابر این قیمت میتونست داشته باشه ,92,1
من این دستگاهو 2ماه پیش از دیجی کالا خریدم  درکل کیفیت مرقوب و ظاهر خوبی داره و استفاده ازش راضی کنندست تنها مشکلی که شاید هم عادی باشه و بین تمام این مدل زودپزها رایجه عملکرد دیر سوپاپ اطمینان و بسته شدن قفل سوپاپ برای جمع شدن بخار در زودپزه که باید در ابتدا شعله در حداکثر توان خودش باشه تا سریعا قفل شده و بخار جمع بشه در دستگاه ,76,2
خوب بود ب نظر من بزرگتر از اونی بود ک فکر میکردم ,84,2
من برای کارای دانشجویی و سبک گرفتم کیفیت ساخت خیلی عالی داره و اندازه اش کاملاً مناسب برای استفاده  شارژ باتری از صفر تا صد تقریباً 3 5 ساعت طول میکشه ولی بعدش در استفاده روتین براحتی 8 ساعت میره که خوبه من بدون کاور تایپ استفاده می کنم و خیلی راحته  فقط اگه قلم اش باهاش بود خیلی خوب میشد   اگه برای استفاده روتین مثل وبگردی و آفیس و فیلم و  میخواید بهترین انتخاب تو سرفیس هاست بیخودی پولتونو برای نسخه پرو هدر ندین فقط کمتر از 64 نگیرید که با مشکل جدی کمبود حافظه مواجه میشین  تشکر از دیجی بخاطر تحویل بدون نقص اش  ,84,2
نسبت به پولی که می دی اش می خوری دستگاه خوبیه ,92,2
دوستان من واقعا از خریدم تا این لحظه راضی ام و اگه بودجه تون بیشتر این نیست پیشنهاد میشه بگیرید    و به اون آقا بگم که گفتن نصب ویندوز اش سخته که بگم وقتی بلد نباشید قطع واستون مشکل پیش میاد ولی کسانی که قبلاً تجربه داشتن خیلی نصب اش براشون آسونه که این کلا یه نقطه ضعف نیست یکی بلده چجوری نصب کنه و شاید کسانی هم هستند که هنوز تجربه نصب کردنش ندارند میتونن از نت یا یوتیوب بگردن نحوه نصبش حتما پیدا میشه و در آخر هم ممنون از دیجی کالا ,72,1
خیلی خوبه ولی گرونه به نسبت ایرانی ها مثل آردن ,92,1
دلیل اصلی بنده برای انتخاب این تبلت کیفیت صفحه نمایش و داشتن قلم بود  هر چند که با توجه با انتظارات بالام در برخورد اول کمی ناامیدکننده بود برام اما بعد از مدتی استفاده  کاملاً راضی هستم  در واقع با توجه به رده ی قیمتی  تبلتی توسط ایسوس ارائه شده که بعد از چند سال همچنان کاربردی ست  صفحه نمایش با توجه به کیفیت و رزولوشن برای مطالعه  بسیار راضی کننده است  هر چند که برای فیلم دیدن و حتی بازی چندان مناسب نیست  مخصوصاً فیلم که تمام صفحه نخواهد بود  البته بازی هم امتحان نکردم اما بعید می دونم برای بازی های سنگین گزینه ی خوبی باشه  قلم تبلت هم بیش تر مناسب سرگرمی ست  نه استفاده ی روزمره برای نوشتن متون  مخصوصاً جزوه  نسخه ی اندروید هم 6 هست و احتمالاً خبری از اپدیت نخواهد بود  و همچنین کاستم رام هم موجود نیست  همون طور که مستحضرید عکس گرفتن با تبلت خیلی ضایع ست  پس سمت دوربینِ تبلت نرید  باتری هم معمولی ست   قبل از اولین شارژ هم تبلت روشن نمی شه  و باید شارژر به برق مستقیم وصل بشه  البته بعد از کمی شارژشدن روشن می شه  که من به توصیه عمل نکردم و روشن کردم  هنوز که نسوخته  با همه ی این شرایط از انتخابم راضی هستم چرا که با یک هزینه ی نه چندان بالا در شرایط فعلی  تبلتی با کیفیت  با صفحه نمایشی ایدئال برای مطالعه در اختیار دارم  اگر مورد استفاده تون epub و pdf هست  همین رو انتخاب کنید   نظر شخصی  نسخه ی بدون قلم ترجیحاً   اگر برای فیلم و بازی می خواید کمی بیش تر تحقیق کنید  ,80,2
خوب و فوق العاده البته با توجه به مبلغی که هزینه می کنید ,60,1
بعد از بیش از یک سال استفاده کاملا راضی بودم و هنوز کارتریج رو عوض نکردم از موقع خرید  تا حالا حدود هزار برگ باهاش چاپ کردم و از کیفیت چاپ راضی بودم  راه اندازی چاپ با وای و فای ساده بود و با گوشی و لپ تاپ بهش فرمان چاپ دادم و مشکلی نداشته   البته من ترجیح میدادم چاپ دو رو انجام بده که متاسفانه ناچارید دستی انجام بدید  در مورد گرون بودن کارتریج کاملا معمولی هست و در پرینتر های دیگه هم این مشکل وجود داره   نکته اینجاست که شما می تونید همین کارتریج رو با قیمت خیلی کم شارژ کنید و بعد چند بار شارژ کردن می تونید عوض کنید تا به صرفه باشه  من از اسکنرش هنوز استفاده نکردم  ,96,1
درحالت 4kحرف نداره ,96,1
کیفیتش خوبه صداش زیاد نیست قدرتش خوبه  فقط یکی از دنده های بخش چرخاننده ظرفش سیاهه و کامل تزریق نشده انگار موادش قاطی با مواد تزریق قبلی شده بوده ولی در کل خانم از کاراییش راضی هست  ,80,1
سلام دیجی جان لطفا سفیدشو موجود کن دوتا خریدم برا دوستان سفیدش قشنگ تر از مشکی شه ,72,1
با سلام یک ماه از خریدم گذشته و نظرمو در مورد این لپ تاپ میگم کیفیت صفحه نمایشش زیاد خوب نیست و سی دی هارو خوب باز نمیکنه دی وی دی رو که اصلا حتی با برنامه کائم پلیر که قوی هست ,72,2
توی نظر قبلی نوشته بودم اثر انگشت به شدت روی صفحه نمایش میمونه ولی الان که بیشتر با تبلت کار کردم نظرم عوض شد و بعلاوه اینکه به را حتی پاک میشه ,84,1
تازه امروز گرفتمش و فقط چند صفحه متنی باهاش پرینت گرفتم کاملا ازش راضیم  تنها مشکلی که باهاش داشتم نصبش روی ویندوز10 بود که اونم بخاطر ضعف ویندوزه نه پرینتر چون درایورش توی cd همراهش بود  اما سیستم اتوماتیک پیداش نمیکرد  ,72,1
بسیارکاربردی ,60,1
خیلی خوبه راضیم ازش میشه به صورت نیمه حرفه ای هم برای کارها ازش استفاده کرد تنها چیزیش که اذیتم کرد نداشتن سی دی درایور بود که مجبور شدم 1 گیگ دانلود کنم درایوراش رو ,88,2
من که راضی نیستم درسته نصبت به قیمت قطعات خوبی داره ولی با همین پول دست دو مدلای بالاتر واقعا بهتره  کیفیت ساختش خیلی بده صفحه نمایشه قابل تعریفی هم نداره درایو نوریه جالبی داره بعضی موقع ها رو رواله بعضی وقتا نه پیشنهاد نمیکنم  نظرتومهمه ,60,3
بتازگی خریدم و چندباری ازش برای پخت پیتزا و کباب تابه ای و یه سری چیزای دیگه داخل فر  استفاده کردم  سطحش کاملا نچسب و با کیفیت هست و ممکنه بصورت مقعطی و ظاهری کمی غذا خصوصا جاهایی که غذا میسوزه بهش بچسبه اما با یه فشار ساده دست یا موقع شستن با یه فشار کم ابر  از سطح کنده میشه و بطور کامل جدا میشه  نکاتی که موقع استفاده باید رعایت کنین اول این هستش که موقعی که داخل فر هست و حرارت  هم بالای 200 هست بدلیل جنس نازک ورقش موقع خارج کردنش از فر حتما با دستگیره دو طرف سینی رو بگیری و در بیارین  اگر یه دستی از وسط یا از گوشه بگیرین و در بیارین سینی تاب برمیداره خصوصا که مواد غذایی داخلش کمی سنگین هم باشه   من یه بار اشتباها اینکار رو کردم و سینی کمی تاب برداشت اما وقتی آوردمش بیرون و کمی خنک شد بصورت خودبخود با یه صدای تَق مانندی به حالت اولیه برگشت و صاف شد  این نکته رو حتما مد نظر داشته باشین  نکته مهم دیگه موقع شستنش هست  حتما از ابرهای نرم و ابرهای شستشوی مخملی و پشمالو مانندی که مخصوص شستن ظروف نچسب هستن استفاده کنین تا لایه نچسب روش خراشیده نشه  نکته آخر هم موقع آبکشی هست  نمیدونم جنس رویه اش چی هست اما وقتی با مایع ظرفشویی و ابر مخصوص روی سطحش میکشین موقع آبکشی یه لایه نازک سفید از کف روش میمونه   حتما باید دست بکشین تا اون لایه نازک کف از سطحش پاک بشه و البته بدلیل برجستگی های کمی که روی سطح سینی هست و همینطور فرورفتگی کمی که طرفین اش داره پیشنهاد میکنه با همون ابری که شستشو انجام میدین پس از شستن ابر و رفتن کامل کف اش زیر شیر آب حتما یه دور کامل تمامی سطوح داخلی و خارجی سینی رو باهاش تمیز کنین که اون لایه نازک کف از سطحش پاک بشه  در حالت عادی و با زیر شیر آب گرفتن معمولی اون لایه نازک کف از سطحش شسته نمیشه  ,72,1
عالی و به صرفه ,100,1
باسلام من این رو برا مادرم خریداری کردم  ایشون خیلی راضی هستن  حتمد پیشنهاد میکنم بهتون    نظر تو مهمه ,84,1
بسیار راضی هست مادر ام از وقتی براش هدیه خریدم ,100,1
من خریدم تو جعبه اش که باز کردم پر از روغن بود که مرجوعش کردم  فکر میکردم اصل آلمانه ولی 100  ساخت چینه  من از خریدم پشیمونم ,0,3
دو ساله که از دیجی کالا این محصول رو خریداری کردیم و عالی هست ,60,1
پرینتر خوبیه بی دردسر میشه ازش استفاده کرد اما کابل اتصال نداره  و اینکه نصبش روی ویندوز10 مشکله  نرم افزار همراه پرینتر نمیتونه پرینترو پیدا کنه باید از device manager مسیر فایل درایور رو مشخص کنیم  ,64,1
برند تفال فرانسه از شناخته شده های عرصه ی آشپزخانه و لوازم خانگی است  برخی از مدل هاش مونتاژ چین هستن که این مدل هم هست اما واقعا کیفیت خوبی داره  از دیجی کالا خریداری کردم  با قیمت شگفت انگیز عالیه ولی با قیمت عادی کمی گرانه  بسته بندی بصورت یک پلاستیک دور تابه بود  تابه بصورت کاملا براق و شیک هست  وزن نسبتا زیادی داره  این مدل Mineral Signature تفال هست که توصیه می کنم قبل از خرید در یوتیوب سرچ کنید و چندی از فیلم های مربوط بهش رو نگاه کنید و دقیق تر امکانات اون رو متوجه میشید  تمام تکنولوژی های پیشرفته که در قسمت مشخصات دیجی کالا هم نوشته رو داره  البته گارانتی یکساله گروپ سب پارس من نه تونستم ازشون سایتی پیدا کنم و نه کارت گارانتی داشت البته اصولا نیازی به گارانتی در این موارد پیدا نمیشه اما بنظرم گارانتی معتبری نداره  ,88,1
زیاد کیفیت خوبی ندارن  اما برای کارهای معمولی خوبه  ,72,1
این محصول رو دو روز پیش از دیجی کالا خرید کردم و همین الانبه دستم رسید  انتظار من نسبت به قیمتی که پرداخت کردم و در مقایسه با برندهای تقلبی برخی از تولیدکنندگان مستعد جهانی مثل بیتس اصلا قابل مقایسه نیست  من یک عدد هدفون بیتس رو هم بالاجبار یک روز پیش از یک مغازه خریداری کردم که همانطور که گفتم اصل نیست و با این که جزو جنس های درجه 3 یا 4 چینی هستش ولی کیفیت ساخت و همچنین تولید صدای اون بیشتر از این هدفون بود  این هدفون رو صرفا به افرادی پیشنهاد میکنم که فقط حین انجام ورزش به موسیقی گوش میدهند چون ابتدا اینکه با پوشش مقاوم پلاستیکی که روی هدفون رو میپوشونه مانع از افتادن از گوش حین انجام ورزش میشه و اینکه بیس خیلی بالایی رو هم به گوش انتقال نمیده که آزار دهنده باشه  در غیر اینصورت برای افرادی که انتظار دارند از این هدفون موسیقی با کیفیت و تفکیک صدای متناسبی رو بگیرندُ پیشنهاد نمیکنم  ,44,3
من این رو دوماهه قبل از دیجی خریدمم ازش خیلی راضیم ولی از هردش یه صدایی میاد ک ایرادی نداره به نظر من ,84,1
سلام من حدودا دو هفته است که این لپ تاپ رو از دیجی کالا خریدم چیزخوبیه فقط تنهامشکلی که داره اینه که بعدازیه مدت کوتاهی صدای خرخری آزارم میده صدای کمیه ولی احساس میکنم ازناحیه هارد دیسکش باشه مشکل دیگه ای نداره فقط این صدای خرخر ش بد جوری روی اعصابم راه میره  ,92,2
سلام دوستان این پخش رو تقریبا 6ماه واسه برادرم خریدیم حتی ازپخش خودم که پایونر2950هست بهتره  فقط نقاط قوت پخش من نسبت به برادرم 12رنگ مختلف داره ولی این فقط تک رنگ آبی داره اگراین موضوع براتون زیادی مهم نیست درخریداین پخش شک نکنید  ,88,1
همین الان رسید به دستم خیلی کیفیت ساخت خوبی داره و گرما رو هم خیلی خوب انتقال میده به نظرم با این قیمت می ارزه تفال ,100,1
سلام خدمت دوستان دیروز لپتاپ به دستم رسید کلا با چیزی ک داخل عکس دیدم فرق میکنه بسیار زیبا و چشم نواز جنس بدنه به نسبت پلاستیکی بودن واقعا عالی و راضی کننده کیفیت صفحه نمایش خوب سرعت در اجرای بازی ها واقعا بالاست بدون کوچکترین احساس گرم شدن در بدنه لپتاپ بهترین انتخاب توی این رنج قیمت هست مطمعنم کسی از خریدش پشیمون نمیشه تنها چیزی ک موقع رسیدن بسته منو ناراحت کرد بسته بندی غیر اصولی بود چون چندتا کالا با هم سفارش داده بودم همیجوری کنار هم چیده بودنشون بدون هیچ نگهدارنده ای جوری بود ک ریخته شده بودن رو هم جنسا امیدوارم به این مورد هم رسیدگی کنن ک مشتری کاملا راضی باشه ببخشید طولانی شد ممنون دوستان و دیجی کالا ,96,1
گزینه ی خوبیه برای خرید و در مقایسه با قیمت هم عالی هست صدای خیلی قوی و خوبی هم داراست  ,68,1
راضیم  بخرین خیلی خوبه ,80,1
اولین تجربه استفاده از قهوه ساز رو با این دستگاه معروف آلمانی داشتم دستگاهی که از نام برند و خدمات 3ساله پس از فروشش مطمئن بودم به هر شکل به نظرم با این قیمت دقیقا چیزیه که انتظارش رو داشتم ممنوم از دیجی کالا ,68,1
برند مطرح در دنیا  قدرتمند ,96,1
این هدفون واقعا کیفیت بالایی داره و بیشتر زمانی خودش رو نشون میده که دستگاهی که باهاش آهنگ گوش میدید از خروجی صدای 32 بیت برخوردار باشه  هر چند که در مجموع شما رو از داشتن یک هدفون کار درست راضی نگه میداره  این هدفون از زمان تولیدش همواره جز ده هدفون برتر از سوی سایتهای معتبر بررسی کننده قرار گرفته است  پس در خریدش شک نکنید  ,88,1
من این محصول رو ساعت 10 شب سفارش دادم از دیجی و فردا دستم بود با تشکر از دیجی ,64,3
من توی شگفت انگیز و به خاطر اینکه یه ریمل بورژوا باهاش جایزه داشت خریدمش واسه برنزینگ خوبه البته واسه پوستهای تیره چون یه مقداری رنگ برنزرش تیره اس اما هایلایترش هیچ استفاده ای نداره چون اصلن رنگ و جلوه نداره و براق نیس به نظرم این قیمت نمیرزه در ضمن برس خودش هم واسه برنزینگ خیلی خوبه  ,52,1
1 ساله دارمش تاحالا هیچ ایرادی نداشته ,60,1
خیلی کرم پودر خوبیه   خیلی سبک روی پوست میشینه   اگر پوست چربی دارین حتما کرم پودرو روی صورتتون بِیک کنین که مدت بیشتری روی پوست بمونه و چرب نشه   منافذ پوستو اصلا باز نشون نمیده اگر قبلش پرایمر استفاده کنین که خیلی بهتر هم میشه   خیلی خوب بود واقعا ,60,1
حتما بخرید عالیه ,56,3
من نزدیک یک ساله خریدم و کارای گرافیکی و موسیقی انجام میدم باهاش  به نظرم خیلی لپتاپ خوبیه  فقط یکی از یو اس بی های دستگاه من وقتی کابل شارژو وصل میکنی قطع و وصل میشه که من حوصله شو نداشتم ببرم نمایندگی یه هاب گرفتم و از اون استفاده نمیکنم من اول ویندوز 10 نصب کردم و درایوراشو از سایت ایسوز گرفتم ولی ظاهرا درابورای سی دی روی لپتاپ کاملتر و بهترن  الان 8 نصب کردم  درکل راضیم  ,76,1
من خریدمش نقره ایش رو  کم صدا یخچال جا دار کم مصرف شیک و زیبا ,60,1
ارزش خرید داره ,100,1
سلام   من از این دستگاه بیشتر برای زدن گوشه های باغچه و حاشیه های دور گل و درخت استفاده میکنم که ماشین چمن زن نمیتونه بزنه  هر چند میشه برای کوتاه کردن کل چمن های یه باغچه کوچیک هم ازش استفاده کرد   یکم ممکنه در استفاده طولانی  خستگی بیاره  یک مقدار هم نداشتن مخزن یا کیسه در این نوع چمن زن ها که با توجه به ماهیت شون طبیعیه   یکم دردسر داره  در کل تا به اینجا ازش راضی ام  زمانی که دستتون برسه   کار خاصی نداره فقط دسته و اون محافظ دور تیغه رو بهش پیچ میکنین و تمام   یه خواهش هم داشتم از دیجیکالا   اگه ممکنه قرقره تیفه این مدل هم به سایت اضافه بشه  در کل مواد مصرفی همچین محصولاتی  بصورت جداگانه قابل خرید باشه  دیگه همه چی از دیجی بخریم  با تشکر ,100,1
خوشرنگ و معطر و با قیمت مناسب ,68,2
من ازش بسیار راضی ام و حتما پیشنهاد می کنم ,96,1
من این چاپگر رو یک سال پیش از دیجی خریدم تو این یک سال بالای هفت هزار تا چاپ ازش گرفتم واقعا مقرون به صرفه هست و تا حالا اصلا اذیت نکرده ,84,1
من تازه این مدل رو خریدم کلا راضیم ازش کلا محصولات الجی همیشه عالیه از گارانتی گلدیران هم تشکر میکنم مثله همیشه سریع اومدن نصب کردن  از  همه ی پرسنل دیجی کالا هم تشکر میکنم مثله همیشه سر وقت با خیال راحت و قیمت مناسب تحویل دادن ,84,1
آب را با تمام ظرفیت که 1 7 لیتر هست رو تو چهار دقیقه جوش میاره برند آلمانی مخصوصا بوش که جای هیچ ایرادی رو نداره کیفیت و شکل ظاهری محصول هم زیباست ,84,1
با تکان دادن دستگاه صدا های متعددی ازش میاد  که انگار چیزهایی سر جاشون نیستند و با دو دستگاه دیگه هم تست کردم و مشکل همگانیه ظاهرا  و پنل پایینی هم درست فیکس نشده و دایم صداهای اسکوییکی میده این مورد هم نسبتا فراگیر ه  غیر این موارد واقعا عالیه ,92,2
چند روز انتظار میکشم سفیدش موجود بشه بخرم برای بردارم اخه مشکی رو خودم خریدم دیجی جان در صورت امکان سفید رو موجود کن یکیش رو من میخوام ,60,1
تقریبا 7 ماهی می شه که دارم و مداوم استفاده می کنم  قبلا هم بیرداینامیک 160E داشتم  کیفیت صدا و وضوحش فوق العادس فقط یکم باسش ضعیفه و نکته مثبتش اینکه با اکثر دیوایس ها می تونید از حداکثر خروجی و کیفیت بهره ببرید و نیازی به تقویت کننده ندارید بر خلاف هدفون های بیرداینامیک و بیتس  برای سبک های اهنگ های راک و متال و سنتی عالیه ولی برای پاپ و هیپ هاپ زیاد مناسب نیس چون رنگ هیجانی اصلن نمی ده به صداها و باسش متوسط    ,88,1
با سلا وخسته نباشید من این ماشین لباسشوییی را از رشت سفارش دادم 48 ساعت بعد  ساعت 9 صبح از باربری تماس گرفتند  وتا ظهر بدستمون رسید نصاب هم خیلی از گارانتی کاسپین تعریف کرد و ماشین هم هیچ مشگلی نداشت در ضمن ظاهر زیبایی داره وصدای کم خواستم با بقیه در میون بذارم ممنون ,60,1
سلام من این محصول رو تازه خریده ام و راضی هستم با قیمت موجود بسیار کارایی خوبی داره از لحاظ گنجایش هم مشکلی نداره  ,84,1
پایه دستگاه نیم سانت افتادگی داره و باعث ایجاد صدای نا خوشایند در زمان کار میشه ,64,2
پیشنهاد میکنم ,80,1
من امروز سفارش دادم  حالا بدستم برسه نقاط قوت و ضعفشو کامل میگم ,56,2
از تلویزیون راضی هستم ولی اینکه بعد از 6 ماه پنل تصویرش دچار نقص شده و پرش تصویر و رنگ پیدا کرده برام عجیبه چون از قبل تلویزیون سامسونگ داشتیم و خوب کار میکرد    الانم تقریبا یه هفتس و هنوز نمایندگی تعمیرش نکرده   ,88,1
همه جوره خوبه1ماهه دارمش خوب بوده تا حالا فقط اگه زیاد باهاش کار کنین داغ میکنه برنامه و بازی رو عالی اجرا میکنه  درمورد صفحه نمایش هم خوبه اما عالی نیس ,92,1
این کالا رو یک هفته است دارم استفاده میکنم کیفیت صداش افتضاح هست همکارم هدفون چینی خریده تست کردم صداش از این خیلی بهتره  ساختارشم طوری هست که تمام مدت استفاده گوش آدم درد میگیره به دی جی کالا گفتم میگه امکان مرجوعی نیست مثل کفش که میخری بعد یه مدت جا باز میکنه اینم جا باز میکنه فکر کردم به گوش من نمیخوره به همکارم هم دادم استفاده کرد همین مشکل رو داشت اگه خواستین این هدفون رو بخرین برید پولتونو بریزید دور حداقل احساس نمیکنید کلاه سرتون رفته ,0,3
من که راضی هستم هفته ی پیش به دستم رسید ,60,1
کیفیت خیلی خوبی  داره و پارس خزر جزو بهتریناس حتما پیشنهاد میکنم ,100,1
هزینه تعویض دو دفعه کارتریج این دستگاه از قیمت خود دستگاه گرون تر میشه     ,60,3
سلام و عرض ادب خدمت دست اندر کاران دیجی کالا  پنکه امروز به دستم رسید و بنده که خودم به شخصه تاییدش کردم و اقوام هم که خونه تشریف داشتن و ملاحظه فرمودند مهر تاییدی را زدند  در ضمن اولین خرید بنده از دیجی کالا بود  امیووارم که این خرید ها ادامه دار باشد   ,76,1
امروز نصب کردم برای درب جلویه پارس یه کوچولو کوچیک تر از باند فابریکه ولی خب نصب کردم  صدای خوبی داره ولی بیس انچنانی نداره در کل نصبت به قیمتش خوبه  پخشم 7850پایونیر  یه جفت 6965وی3 یه ساب   ,48,2
ساخته شده در  اسلونی ,80,1
در پیشنهاد ویژه خریدم هفته پیش بسیار عالی ,88,1
بنظرم پایونر باید هدفون بهتری میساخت منم گول همینوخوردم ولی انگار یه شرکت چینی درجه 2  ساخته ,52,3
من یک هفته است که این لپ تاپو خریده ام  عملکردش بد نیست  در کل چون کارمو راه می اندازه  ازش راضی ام  فقط اگه از اول می دونستم باتریش درنمیاد  شاید این انتخابو نمی کردم  نکته بعدی اینه که سیسستم عامل پیش فرض نصب شده روی این دستگاه ها یه چیز به دردنخوریه به اسم Endless که برای کشورهای داغونی ساخته شده که دسترسی به اینترنت ندارن  اصولاً هیچ کاری با این سیستم عامل نمی شه کرد  نقطه ضعف دیگه اش اینه که حتماً باید ویندوز 10 روش نصب بشه و ویندوز 7 رو جواب نمی ده  برای همین یه ویندوز 10 اورجینال هم خریدم با مکافات روش نصب کردم  بر خلاف سایر دستگاها برای ورود به تنظیمات بایوسش باید کلید Esc رو بزنید  از اونجا با F7 ترتیب بوت رو عوض کرده و موقع نصب ویندوز 10 هم حتماً باید تمام پارتیشن ها رو delete کرده و بعدش از طریق diskpart هارد رو clean کنید تا قادر به نصب ویندوز بشید  باتریش زیاد قوی نیست و دو سه ساعته ته می کشه  هارد رو اگه یه خورده پر کنید  سرعت دستگاه به طرز چشمگیری میاد پایین  همچنین زیاد هم به درد محاسبات نسبتاً سنگین نمی خوره  با همه ی این اوصاف تو این بازه قیمت یه لپ تاپ با مشخصات این دستگاه گزینه ی بسیار کاربردی ایه و خیلی از کارها رو راه می اندازه کلاً لپ تاپ متوسطیه و اگه بیشتر کاربردش براتون مهمه  گزینه ی بدی نیست  ,68,1
تمام نرم افزار های مهندسی عمران رو باز میکنه و سرعت پردازشش عالیه و حتی فایل های اکسل حجم بالایی که چندین ثانیه طول میکشه باز بشن سریع و بی معطلی  باز میکنه فقط صفحه نمایش کیفیتش پایینه و فول نیست در کل پیشنهاد میکنم ,80,1
امکانش هس موجود بشه ,60,2
خیلی عالیه  کیفیت صفحه عالی حسگر تاچ پد بسیار عالی کیبرد بسیار عالی بلندگو ها با کیفیت صدای عالی شارژ شدن در مدت زمان اندک در کل    20 ,60,1
من این دستگاه پس از چند وقت تحقیق چندماه پیش برای محل کارم از دیجی خریدم  تو این چند وقت که دارم باهاش کار میکنم از همه لحاظ خوبه و انتظارات من برآورده کرده  تو این رنج قیمت بهترینه ,100,1
وسعت و تفکیک صدا فوق العاده س   گرچه پلیر هم در  پخش نقش مهم و اساسی داره ولی بنده با گوشی موبایل با کیفیف پاین هم هدفون رو تست زدم عالی بود  راحت بودن با این هدفون هنگام گوش دادن به موسیقی یکی از بارزترین نقاط مثبت این محصوله   تنها اشکال کار این هدفون به نظرم قابل حمل نبودن برای مسافرت هست به عبارتی اگه تا شو بود معرکهمی شد ,92,1
در کل میتونم بگم از خریدم راضی هستم ,72,1
خوب و کاربردی  ,60,1
همون 1 ماه اول تو کارِ سبک سه نظامش به صدا افتاد ,40,3
من حدود یک ساله دارم استفاده میکنم و واقعا ازش راضیم  هرچی دوس دارین صدارو زیاد کنین کاریش نمیشه البته دقت کنین اصلیش باشه   ساخت ژاپن   آخه چینیشم هست ,68,1
صدای ریز و شفاف خوب و باس نه چندان خوب و در حد متوسط ,60,2
خیلی راضی بودم متاسفانه ازم دزدیدن ,100,1
سر هر گوشی یه قطعه پلاستیکی بی کیفیته که خیلی راحت در میاد و گم میشه نقشی اون قطعه پلاستیکی رو بر می دارید زیرش یه هدفون خیلی ضعیف و بی کیفیته کیفیت صداش خیلی پایینه و همه صدا ها بم میشه سیمش خیلی بی کیفیته و توی جعبه که پیچیده شده حالت گرفته و دیگه صاف نمیشه دکمه کم و زیاد کردن صداش اصلا کار نمیکینه محل میکروفون خیلی پایینه و از دهن دوره و موقع راه رفتن مدام میخوره به بدن و صداش اون ور خط خیلی بلنده ,20,3
به نسبت هزینه و امکاناتی که در اختیار قرار می دهد کاملا خرید را در شگفت انگیز توجیح می نماید  ,76,1
این هود را در شگفت انگیز خریدم و از خریدم راضی هستم  بهتر است که شرکت درسا نمایندگی خود را توجیه کند  رشت  پیشنهاد من برای خرید این کالا در شگفت انگیز عالیه با تشکر از دی جی کالا و کالا رسان شان  ,88,1
تابه خوبیه گرمارو خوب پخش میکنه کیفین ساخت خوبی داره اینکه تابه هایه تفال نشنگر داغ شدنم دارن یه مزیته خوش رنگم هست ,92,1
متاسفانه یکی از  پایه های نگهدارنده ظرف بزرگ دارای شکستگی بود که من وقتی متوجه این اشکال شدم که از دستگاه استفاده کرده بودم با قیمت خیلی مناسب توی تخفیف با کدتخفیف گرفتم که حتی توی بازار امین حضور از قیمت اصلی دیجیکالا هم بیشتر بود اگر میشد آب مرکبات گیری  آسیاب و خردکن به این دستگاه اضافه کرد خیلی عالی میشه چون این کارها نیاز به موتور خیلی قوی نیاز نداره بنابراین موتور دستگاه اصطلاحا کم نمیاره ولی برای چرخ کردن گوشت نیاز به موتور قوی تری هست در کل دستگاه خیلی خوبیه و ارزش خرید داره ,96,1
اصلا خوب نیست   صدای کم   بیس ضعیف   فقط خوبیش اینه که سبک  ,52,3
سلام دوستان من بعد از یه مدت جستجو بالاخره تونستم با این برنامه دمای لب تابو هر چقدر که  بخوام میتونم کم کنم   که این برنامهASUS GPU TweakII  که از خود ایسوس هم هست به شما این اجازه رو میده تا تعیین کنید که 1  دمای لب تاب چقدر باشه 2  فریم بر ثانیه چقدر باشه 3  حالت گیمینگ 4  حالت فن بوست 5 حالت سایلنس 6 اورکلاک گرافیک خطرناکه  در نتیجه می خوام بگم من با این برنامه دما رو میزارم بین 75تا 80 و افت تصویرم شاید در حد 10 تا 15 تا باشه که در بازی های سبک اونم کم نمیشه بزار تا با مثال براتون توضیح بدم  gt  gta v رو با کیفیت اخر  با 60 فریم در دمای 89 درجه بازی میکنم ولی با این برنامه رو کیفیت اخر  با 53 فریم  در دمای 77تا79 بازی میکنم اگه بخواید میتونید کیفیت بازی رو پایین تر بیارید خوبی این برنامه اینه که دستتون تا دمای 59 درجه بازه ولی خوب تو این دما جی تی ای رو با کم ترین کیفیت میشه بازی کرد   و اینکه بازی دوتا 2 رو تو دمای 86 درجه 75 فریم بازی میکنم  ولی با این برنامه تو دمای 76 درجه بازم 75 فریم بازی میکنم یعنی کیفیت هیچ تغییری نمیکنه ولی دما 10 درجه پایین تر میاد که بیشتر درمورد بازی های سبک صدق میکنه    حواستون باشه به گزینه های gpu clock gpu voltage memory clock دست نزنید باعث سوختگی گرافیک میشه  امیدوارم مفید واقع شده باشه اگه بود  لایک کنید ممنون ,92,1
حدود یک ماهه خریدمش ولی پشیمونم هم cpuش ضعیفه هم گرافیک و کیفیت صفحش خیلی افتضاحه فیلم فول اچ دی رو جوری پخش میکنه همه رنگاش خط خط میفته انگار کلیپ موبایل باهاش پخش کردی  پولتونو دور نریزید ,40,3
خیلی عالی و با کفیت  ممنون از دیجی کالا ,100,1
متاسفانه مشکل بزرگی که این تلویزیون داره اینه که وقتی کابل اچ دی ام ای دستگاه بهش وصل میشه آنتن تلویزیون میپره و سیگنال نمیده که من فکر میکنم این مشکل تو نمونه های گلدیرانی باشه اگر کسی راه حلی داره ارائه بده ممنون میشم  ,92,1
زیاد با کیفیت نیس ولی نسبت به قیمش خوبه  واسه دم دست بدرد میخوره  ,60,2
کیفیت ساختش خوب و تمیزه من از دیجی گرفتم سیمشم خوبه صداشم تو این قیمت خوبه تو این قیمتا نباید انتظار زیادی داشت من راضیم از خریدش ,88,1
من که خیلی خوشم اومده و باز هم سفارش میدم ,60,3
درکل بد نیست ,56,2
خیلی عالیه فقط بعضی ها میگن صداشو بقیه میشنون درست میگن ولی اگه با انصاف نگاه کنیم با صدایی که این داره بایدم صداش یکم بیاد بیرون و بقیه بشنون ,92,1
به نظر من تو این رنج قیمت و با این افزایش قیمت لپ تاپ  دستگاهه خوبیه  من دو تا گرفتم واسه دوستان و راضی هستن ,80,1
این هدفون رو در 17 مرداد 93 از دیجی کالا خریداری کردم و تا الان به طور مداوم ازش استفاده کردم  در هنگام کار با لپتاپ  و تصمیم گرفتم تجربه کار با اون رو اینجا به اشتراک بگذارم  به طور کلی این مدل هدفون گیره روی سر نداره که احساس کنید خلبان هواپیما هستید و همچنین داخل گوش نمیره که باعث خارش و صدمه صوتی به گوش بشه و این مدل به خصوص انقدر کیفیت ساخت و کیفیت صداش مناسب هست که کاملا از انتخاب خودتون راضی خواهید بود  وزن کم و ارگونومیک بودن گیره پشت گوش باعث شده که اصلا وجود هدفون رو احساس نمی کنید  همچنین خیلی خوب روی گوش قرار می گیره و فاصله بین هدفون و گوش نمی افته  کیفیت صداش هم خیلی خوبه و من صد در صد ازش راضی هستم  ضمنا کیفیت ساختش هم به طور کلی بالاست یعنی در طول بیش از  دو سال استفاده بارها پیش اومده که سیمش ناگهان کشیده شده ولی هیچ گونه مشکلی براش پیش نیومده  من به دوستانی که میخوان یه هدفون عمری بخرن و هزینه خیلی تخیلی هم نکنن این هدفون رو پیشنهاد می کنم  ,100,1
امروز توی نصب روشور ازش استفاده کردم از این کابینتی ها بسیار خوب بود تنها نکته اینه که با توجه به ابعادش همه جا نمی تونید ازش به عنوان پیچ گوشتی هم استفاده کنید  ,80,1
اگر قصد خرید یه وسیله دارید که هم پیچ گوشتی شارژی مناسب باشه هم دریل قوی و کار آمد این مدل   مدل مناسبی هستش ,96,1
رنگش خیلی زرد و برنز هست شماره سه از شماره دو روشن تره  ,88,2
پرینتر خیلی خوبیه واز بدنه محکم وزیبایی برخوردار  ودر برابر قیمت منطقی  ارزش خرید بسیار بالایی داره  سرعت بالا و چاپ دو رو واتومات احساس بسیار خوبی میده    ,84,1
هدفون خیلی خوبه مخصوصا که ساخت شرکت معروف سنهایزر هست من سه ماه که اینو از دیجی خریدم کیفیت صدا خیلی عالییی داره که همرو راضی میکنه باس نسبتا قوی داره ولی تو استفاده طولانی مدت بیرون گوش رو اذیت میکنه و باعث عرق کردن گوش میشه ولی  در کل عالییییی ,84,1
سلام من برنامه نویس هستم و با مک بوک ایر یعنی رقیب این دستگاه کار کردم پس نقطه قوت های نسبی این دستگاه رو نسبت به air  میگم  رنگ بسیار شیک و کاربر پسندی داره دقت  صفحه نمایش اندازه بهترینای بازار است و علاوه بر آن  قابلیت  تاچ هم دارد  و این تاچ بودن همراه با روکش مات تجربه عالی رو به کاربر نشون میده   صفحه نمایش به طور کامل تخت نمیشود و حالت لپ تاب های معمولی است پس انتظار تجربه ی کاملا تبلتی نداشته باشید که اینهارو تو مک نمیبینید  فن آن هنگام کار سنگین پردازشی صدای بیشتری نسبت به air  میدهد و این نشانه ی وجود  پردازنده  بسیار قدرتمندتر از air  است   و نکته دیگر اینکه air  علاوه بر این کاستی ها نقاط قوتی داره که این دستگاه نداره  به این ترتیب هستند   سیستم عامل  اگر با mac os  کار کردین و ویندوزو تر جیح دادین که قطعا این دستگاه برتری داره اما اگر امکان تست سیستم عامله اپل رو دارید حتما سیستم عامل رو به عنوان فاکتور اصلی انتخاب ارجهیت بدهید به شخصه نظرم اینه که سیستم عامله مک بسیار بهینه تر نسبت به ویندوز است  میتونین مقایسه سیستم عامل هارو بررسی کنید و بعد انتخاب کنید  اما این نکته رو دوباره گوشزد کنم که اگر ویندوزی هستید   قطعا این دستگاه شماست  موفق باشید ,88,1
متاسفانه تاچ صفحه نمایش دستگاه من از کار افتاده و تنها با قلم کار میکنه   ظاهرا شرکت ماکروسافت هم فقط عذر خواهی میکنه   از هم جالبتر اینه که شرکت ماکروسافت پس از گذشت 1 سال از تاریخ تولید دستگاه   حتی حاضر نیست بفرم رایگان به شما جواب بده   درضمن دچار پرش تصویر یا Flicker بخصوص در هنگام وبگردی میشه   متاسفم که انقدر پول بابت این دستگاه پرداخت کردم   ,52,3
مارک فیلیپس احتیاج به تعریف نداره اما خوب نسبت به قیمت   کارایی هاش می ارزه ,92,1
لطفاًموجودش کنید ,100,1
خیلی زیبا و شیک طراحی شده و به معنای واقعی هوشمنده  قیمتشم مناسبه و کنترلش جادویی و کاربردیه  اگر کسی میخواد ال ای دی بخره پیشنهاد میکنم همین مدل رو تهیه کنه ,100,1
من اینو یه سال دارم و از دیجی کالا خریدم همه چیزش عالی به کسانی که می خوان بخرن حتما پیشنهاد میکنم ,100,1
واسه دانشجوها خوبه البته دانشجویان پسر چون یه ذره واسه خانم ها سنگینه الان نزدیک به یک سال میشه که دارم استفاده می کنم واقعا عالیه ,80,1
مشکل چینی بودنشه فقط ,0,1
بعد یک ماه استفاده سیم میکروفون بدون هیچ آسیب رسیدگی دچار قطعی شد هدفون رو ب خدمات پس از فروش بردم و یک هدفون نو تحویل گرفتم اما پس از گذشت دو هفته دوباره کابل میکروفون قطع شد بعد گفتن شما فقط یک گارانتی تعمیر دارید هدفون رو بردم برای تعمیر جک رو کلا برام عوض کردن و بعد از گذشت سه روز دوباره کابل میکروفون قطع شد ,52,3
اولین چیزی که نظر شما رو جلب میکنه  اگه هم سلیقه من باشین  جنس بدنه مشکی مات و بدون زرق و برق بیهوده معمول لپ تاپ هاست که از دید من نتنها از نقاط منفی بلکه کاملا مثبت حساب میشه  سطح زمینه صفحه کلید بافت نقره ای دلنشینی داره و برند B O که یه برند اروپایی بنام اما کم صدا نزد ما  در صنعت صدا فعالیت میکنه تنوع جالبیه چون همه ما همیشه به Beat پر طمطراق چشممون روشن میشد اما این بار حداقل من با داشتن یه برند متفاوت احساس خاص بودن میکنم  روشن شدن لپ تاپ سریع و رنگ و لعاب تصویرش به همراه صفحه نمایش Fhd شما رو متقاعد میکنه که اشتباه نکردین و وقتی بعد از چندبار آزمایش انواع نرم افزارهای 2بعدی و 3بعدی مطمئن میشین که پولتون رو دور نریختین تازه نوبت شیطنت با بازی های هم نسل کنسول ها میرسه که اونجا کمی شما رو ناامید میکنه ولی نگران نباشین چون Nvidia براتون بازی ها رو تا حد امکان جوری تنظیم میکنه که نه سیخ بسوزه و نه کباب  اما کماکان خیلی روی گیمینگ این لپ تاپ حساب باز نکنین  وقتی زمان آپدیت و بروز رسانی و وب گردی میرسه یهو میفهمین که ماژول وای فای شما هیچ آنتی رو نمیگیره که هیچ درکل شمارو هم نمیشناسه این جا واقعا بخش ضایع این لپ تاپه شرمنده تونم باید یک وای فای آداپتور مثل من گردن شکسته تهیه کنید بزنید به یکی از یو اس بی ها یا اینکه در مدت گارانتی بدید بچه ها ببرنش رو چال و درستش کنن  اما گویا در بعضی موارد صرفاً با بروز رسانی درایور وای فای سر و ته قضیه هم آمده و شخص خوشبخت از خطر جسته  صدای فن GPU سر به فلک خواهد زد ولی اگه مثل من غرق در کار یا بازی باشید اصلا نمیشنوین که هیچ تازه وقتی هم میشنوین خوشحال میشین که داخل دستگاه حداقل چیزی درحال ذوب شدن نیست و صدالبته این سرعت فن گویا     به عمد وجود داده و از bios دستگاه قابل تغییره که البته پیشنهاد نمیکنم  وقتی کار و بازی تمام شد وقتی در لپ تاپ رو میخواین ببندین تازه اون موقع بدنه ظریف و نحیف و ارزون ساختش تو ذوقتون میزنه ولی چون قبلا سخت افزار دلتون رو برده خیلی بهش توجه نمیکنین و لبخند میزنین و به کیف لپ تاپ خوشگلی که براش خواهید گرفت میاندیشین والا  حقیقتا با این هزینه بهتر از این دستگاه سخته  میگم سخته ناممکن نیست  چیزی پیدا کرد خلاصه قیافه بازار پسندی نداره  از اونا که نصفش مثه فراریه نصفش مثه پورش  اما قلب تپنده ای داره چون شیر نر  کار شما زمین نمیمونه  خلاص  حدود 4 یا 5 ماهه که دارمش و برای طراحی گرافیک و البته بازی های سبک کاملا مناسبه  ,68,1
دوستان همه چی خوبه  هم جنس عالی و راحتیش و سادگیش خوبه    ولی توجه کنید پیچی نیست و ممکنه در اثر سنگینی   بخصوص نمک   باز بشه و بریزه   البته من با پیچیدن یه کم نوار تفلون مشکلم حل شد  ,48,2
در کل مناسبه اما توجه کنید که ویندوز نداره  برای من نسخه ای از لینوکس نصب بود ,60,1
واقعا از همه نظر عالیه ,84,1
من این دستگاه رو برای روز پدر خریدم به اصرار مادرم جنس ایرانی خریدم ولی چون تو همین رنج قیمت جنس خارجی هم بود خودم راضی نبودم ولی بعد از اولین استفاده کلا نظرم عوض شد و کاملا راضی هستم من خودم برویل دارم که الان بیشتر از سه برابر این دستگاه قیمتشه ولی بعد از چند بار کار با این دستگاه و آبگیری سیب هویج و کرفس در عمل اختلاف قابل توجهی ندیدم   ,100,1
علیرغم اینکه قبلا برندهاى بسیار عالى اى خریده و تجربه کرده ام   اما این کرم پودر پوشانندگى عالى براى منافذ باز پوست صورتم داشت   بیش از هر کرم پودر دیگه اى قبولش دارم عالیه  توى خریدش شک نکنید ,80,1
ما قبلا یک آبمیوه گیری قدیمی ناسیونال داشتیم تقریبا پانزده سال استفاده کردیم  وقتی اینو خریدم انتظار داشتم که خیلی از قبلی بهتر باشه  چون قبلی خیلی صداش زیاد بود و کمی هم شکستگی داشت  اما تفاوت چندانی با آبمیوه گیری پانزده سال پیش نداشت  حتی تفاله ها هم خشک نبود و انتظار من این بود که تفاله ها خشک تر از قبلی باشه و صداش هم اصلا کمتر نبود  همچنان صدای بلندی تولید می کنه  تازه پس از استفاده باید قطعات بیشتری رو بشوریم که قبلی بهتر بود به نظرم  در کل فقط ظاهرش نو و تمیز بود وگرنه من تفاوتی با آبمیوه گیری قبلی مون ندیدم  انطوری که انتظار داشتم اصلا نبود  دیگه خودتون قضاوت کنید و تصمیم بگیرید که بخرید یا نه ,44,2
واقعاً عالیه هر پسوندی هم که بهش بدی پخش میکنه ,72,1
تو پیشنهاد ویژه خریدم   از آنچه فکر میکردم کوچکتر ه قدرتش خوبه خوش دسته ولی کیفش اونی نیست که تو عکسه جنسش ضعیفه ولی در کل خود دستگاه چیز خوبیه ,88,2
با توجه به نظراتی که بود سفارش دادم اما واقعا انتخاب اشتباهی بود قبلا تفال داشتم بعلت خرابی باطری از کار افتاد اما این اصلا کارایی ندارد سیم شارژ هم مثل کابل شارژ موبایل وصل میشه و پایه اون بلا استفاده است ,32,3
دیجی کالای عزیز لطفاً اگر می شود دوباره موجودش کن  بسیار کارراه نداز است و هر روز در خانه با آن  و با کمکِ موکا اکسپرس که هم از دیجی کالا خریده ام  شیر را کف می دهم و کاپوچینو درست می کنم  می خواهم برای دوستی هدیه بگیرم  اما چندی ست که ناموجود است  قیمتِ بسیار ارزانش مهم ترین نقطۀ قوتش است  البته که نمی شود انتظار داشت با این قیمت  قدرتِ چرخشش به اندازۀ موتورِ هواپیما باشد  اما برای کارهای بسیار ساده  از عالی هم عالی تر است  ,80,1
منتظرم دیجی کالا موجود کنه 2 تا بخرم ذخیره کنم  دو ماهی هست چک میکنم و هنوز هم چک میکنم  ,84,1
من امروز به دستم رسید  یه نکته که هست اینه که این لپ تاپ 2 تا کارت گرافیک داره یه اینتل 5500 و یه amd 2g اینو من تو دیجیکالا ندیدم  نسبت به عکس خیلی زیبا تر و شیک تره  کیفیت ساختش خوبه  صداش برای یه لپ تاپ خوبه زیاد نیست ولی قابل قبوله اگه پورت vga احتیاج ندارین واقعا یه چیز اضافیه نباشه بهتره  تو این رنج قیمت مناسبه  داغ نمیکنه البته من هنوز باهاش کاره خاصی انجام ندادم  ال سی دی شفاف مشکلات خودشو داره ولی واسه این لپ تاپ خوبه  اگه یه لپ تاپه زیبا و ساده میخواید که کارای معمولی باهاش انجام بدین شک نکنین پشیمون نمیشین ولی برا بازی پیشنهاد نمیکنم ممنون بابت ارسال سر وقت از دیجی کالا ,68,3
با توجه به استفاده روز مره از کارد های میوه خوری من این کاردرا در فروش ویژه خریدم ولی اصلا کیفیت نداره و بقول قدیمی ها ماست هم نمی بره   لطف کنید کالاهای بی کیفیت را از سایتتان بردارید  چون باعث عدم اطمینان به محصولات پیشنهادی شما می شه   برای حمایت از محصولات خوب این کاردها را اصلا نخرید   ,16,3
با سلام خدمت دوستان بنده این تبلت رو حدودا دو ماه پیش خریدم و کمتر از یک ماه استفاده کردم و اولش خیلی عالی بود و کیفیت صدای بسیار خوب و به لحاظ سخت افزاری هم قابل قبول بود  اما بعد ا از حدودا یکماه موقعه استفاده از کاور صوتی همش ریست میشد اینم بگم که تو این یک ماه استفاده لبه های دستگاه دچار رنگ پریدگی شد و از طرفی استفاده از کاور صوتی دردسر های هم داشت نظیر جازدن و افزایش ضخامت و وزن بیشتر دستگاه خلاصه بعد از یکماه که به مشکل خورد بردم گارانتی سازگار اولش که گفتند تاریخ ضمانت گذشته و فاکتور دیجی کالا رو که دادم از تاریخ خرید با اکراه و هزار اما اگر ازم قبول کردند راستی این روهم بگم موقع استفاد از دستگاه  بدون کاور ظاهرا مشکی وجود نداشت و کارکرد دستگاه طبیعی بود  خلاصه از من قبول کردند و گفت حداقل 10 روز دیگه تماس بگیر  الان حدودا بیست روزه که پیگیری میکنم همش میگن سفارش قطعه زدیم تا بیاد باید صبر کنید  این هم شاید از شانس ما بود  خلاصه به نظر من تبلت ساده و بدون دنگ وفنگ و کاور صوتی و اینها بهتر است بگیرید ببخشید طولانی شد ,44,3
با سلام دستگاه خوبیییی کارایی عالی و به کارگیری راحت من تو شگفت انگیز خریدم  واقعا ممنون از دیجی کالا  در ضمن یک مته همه کاره با قطر 8  مارک بوش خریدم که عالیییی  امیدوارم همیشه حواسش به درخواست های شگفت انگیز  مخصوصا کالاهای با کیفیت در زمینه های مختلف باشه دیجی    یا حق ,88,1
من تا حالا 2 مدل ازین برند رو خریدم  مرگ نداره لذت شنیدن موسیقی  واقعا عالیه ,96,1
اصلا کیفیت نداره صدای خیلی کپ و ضعیفی داره ,36,3
الان قریب به شیش ماه است که خریدمش و بسیار از خریدم راضیم ,100,1
من این لپ تاپ رو دو هفتست که خریدم و تا اینجای کار ازش راضی بودم پیشنهاد میکنم بخرید البته اگر صفحه ی 14 اینچی براتون مهم نیس  ,84,1
من چند روز پیش این کنسول را خریدم  اما پنج روز طول کشید تا برایم اوردنش  ولی اینا به کنار خیلی عالی و خوب بود  بهترین کنسول جهان ps4هست از نظر من xboxزیاد جالب نیست ولی سلیقه ایی بستگی به طرف داره ولی بازیای سونی خیلی عالین ,100,1
من یه هفته هس این یخچالو گرفتم اول ممنونم از دیجی کالا با وجود تاخیر ولی جنس خوبی رو ارائه داد این یخچال سرمایش دوگانه و سرمایش فلزی نداره و با توجه به قیمت fsr12 که هم سرمایش دوگانه داره و هم سرمایش فلزی ارزش خریدش بیشتر از اینه ولی این یخچال طراحی خیلی زیبایی داره فقط یه کم عمقش زیاده که شاید تو ذوق بزنه ولی  بقیه امکاناتش عالیه بخصوص بارش در ضمن fsr2 کره ای هست  ,84,1
قبلا هم نظر داده بودم اینکه بگم هیچی نخرید فقط همین مدل رو بخرید نه  ولی خوب مورد قبوله و کارآییش حرف نداره قفل کودک خیلی خوبه من که با تخفیف دیجی گرفتم خیلی برام از نظر هزینه خوب شد تخفیف خوبی گیرم اومد ,72,1
نمیدونم چی تو ذهنم بود که اینو خریدم   کاملا پشیمونم ,40,3
بنده نیز در ابتدا با ریزش آب زیاد مواجه شدم که پس از خوندن دفترچه راهنما و راه اندازی اتو با توجه به راهنمای روی جلد  کاملا این مشکل حل شد و الان واقعا از خریدم راضی م  با توجه به قیمت  گزینه ی خوبیه  ,88,1
عالیه حتما بخرید ,96,1
من حدود دو هفته س این مدل رو خریداری کردم  از کیفیت و رابط کاربری ش و کنترل راضیم  دوستانی که نسبت به کیفیت گله مند هستند لطفاً یک فیلم با کیفیت بالا رو با این تلویزیون ببینند نظرشون عوض میشه و از روی شبکه های معمولی داخلی کیفیت رو مورد قضاوت قرار ندهند  یه مشکلی که داشت و تونستم حلش کنم مشکل اتصال هدفون بود که با خرید  convertor digital to analog  و کابل optical مشکلش حل شد  نسبت به قیمتی که داره و تلویزیون های دیگه ارزش خریدش رو داره   شک نکنید   ,88,2
هرکسی دنبال کیفیت تصویر هست حتما این برند مد نظر داشته باشه کنتراست تصویر در این تلویزیون ها واقعا عالیه شدت نور سفید بالایی داره و شدت نور مشکی نسبتا کمه این دو باعث میشن که کیفیت تصویر و کنتراست تصویر بالایی داشته باشه تلویزیون هایی تو این رده قیمتی شدت نور سفیدشون حدود 100 تا 250 کاندلا بر متر مربع اما تلویزیون های فلیپس بالای 300 کاندلا بر متر مربع هست که این باعث میشه تراز سفیدی افزایش پیدا کنه واقعا کیفیت خوبی داره تلویزیون های فلیپس ,96,1
با سلام و تشکر از دیجی کالا اولین بار بود که از دیجی خرید کردم تلویزیون خوبیه تنها مشکلی که از نظر من داره اینه که صداش خیلی ضعیفه تو تنظیمات هم رفتم ولی تاثیر نداشت نمیدونم مشکلش چیه صدا رو تا 70میبریم تا یکم بشنویم اگه راه حلی داره ممنون میشم راهنمایی کنید ,84,1
واقعا به درد نخوره   صداش به خاطر باز بودن فرکانسش واقعا اذیت کننده هست  کیفیت ساختش خیلی پایینه  من قبلا یه ایرفون فیلیپس خریده بودم خیلی راضی بودم ولی این مدل واقعا نظرم رو نصبت به فیلیپس بد کرد ,24,3
با سلام به خواننندگان من این تابه را برای همسرم از دیجی کالا خریدم  ساخت فرانسه است  بنظر می رسد سفارش کشورهای اسیای میانه بوده باشد  کیفیت نچسب داخلی خیلی خوبی دارد  از نظر ظاهری بنظر می رسد کیفیت لایه داخلی بسیار بهتر از بدنه بیرونی باشد مثلا معلوم است که  در استفاده بلند مدت بیرون تابه خش بر  می داردکه از نظر طبیعی در خصوص تابه ها کیفیت داخلی خیلی مهمتر است  از نظر کیفی از بسیاری از تابه هائی که در بازار موجود است  بهتر است  حداقل از یک برند خوب و با سابقه و با کیفیت اصلی خرید کرده اید  در خصوص قیمت  هم به نسبت کالاهای برندهای متفرقه خارجی  قیمت معقولی دارد  ,92,1
اگر میخواهید بدون حرکت زیاد از آن استفاده کنید هدفن بسیار خوبیست  برای موسیقی و فیلم  ولی در صورتی که میخواهیددر حین  راه رفتن و یا ورزش کردن از آن استفاده کنید به شما توصیه نمی کنم زیرا با برخورد سیم به بدن شما نویز زیادی در هدفن ایجاد میشود  ,72,2
من این لپ تاپ تو اف از دیجی کالا خریدم خیلی عالیه   خیلی از نطر قدرتمند بودن خوبه  تا ده بشمارید بالا میاد   بلندگو هاش خیلی قویه انگار باند خریدی وصل کردی  از همه لحاظ خیلی قدرتمنده فقط تنها مشکلی که دیدم سخت باز شدنشه   لپ تاپ های ارزون تر خیلی راحت باز میشن   برای کسایی که میخوان باهاش کارهای برنامه نویسی یا گرافیکی انجام بدن خیلی خوبه خیلی سریعه ,100,1
هنوز وقت نکردم استفاده کنم ولی قیافش نشون میده باید خوب باشه تولید آلمان وقتی بدستم رسید کلی ذوق کردم آخه از بس زوری جنس چینی خریدیم ممنون از دیجی عزیز بخاطر ارسال سریع و بدون ایراد ,52,3
لپ تاپ خیلی خوبیه من حدود 5 ماه پیش از دی جی کالا خریدم و ازش راضیم روش soliwork 2015  و Auto cad2017 نصب کردم خوب از پس اجرای این نرم افزارها بر آمده فتوشاپ و بقیه برنامه ها رو هم روان اجرا می کنه ,84,1
بسیار عالی ,76,1
من تازه خریدم کیفیتش در نگاه اول خوب بنظر میرسه تعدادی سوراخ باهاش انجام دادم کم نیاورد ولی بعداز استفاده طولانی نظر اصلیمو مینویسم با تشکر از دیجی کالا  ,100,3
من این هندز فری امروز به دستم رسید در مقایسه با هنز فری قبلیم pioner cl 701 کیفیت سیم افتضاح بیس افتضاح و کلا افتضاح پولمو دور ریختم ,16,3
باطری بسیار خوبی داره ولی CPU این لپ تاپ واقعا آزار دهنده هست  صفحه نمایش خوب به همراه کارت گرافیک مجزا  از محاسن این لپ تاپ هست ولی در حالت کلی عملکرد سخت افزاریش زیاد چنگی به دل نمیزنه ,76,2
باسلام خدمت دوستان  من این چاپگرو یه 10 ماهی میشه خریدم قبل این یه دونه اچ پی داشتم که ضعیف بود انداختم بیرون بعد از اون خواستم یه لیزری بگیرم بین اچ پی و این مونده بودم با کمی مقایسه متوجه می شید که این بهتراز اچ پی هست امکانات اچ پی محدوده و حتی یه صفحه نمایش کوچیک با چند تا دکمه براش گذاشتن ولی این یه چیز دیگس طی ای 10 ماه حتی کارتریج تست تموم نشده  ممنون ,60,1
توی سایت نوشته 9 ساعت باطری دوام میاره ولی در عمل بیشتر از پنج ساعت دوام نیاورد باطری از از صفر تا صد درصد در دو ساعت و ده دقیقه شارژ میشه ,88,1
من پارسال خریدم خیلی راضی هستم  عالیه ,88,1
عاالیییییییییییییه ,84,1
من اینو از دیجی خریدم مهمترین چیزی که کاربر باهاش سروکار داره و دایم با اون با سیستم ارتباط برقرار میکنه صفحه نمایشه که در این لپ تاپ ایسوس واقعا در عدم کیفیت سنگ تموم گذاشته  دقت کنید  در عدم کیفیت  دی وی دی رامش مثل یک فن پاور خراب پر سرو صداست موقع نصب ویندوز پدرمو در آورد حتی دی وی دی اورجینال گردو رو به زحمت میخونه دقت کنید دی وی دی من سالم و نو بود عدم داشتن بوت UEFI و کلی مشکل دیگه پیشنهاد میدم جنس ارزون نخریدد و لپتاپ زیر 2500 یا 3 تومن نخرید ,44,3
من این لپ تاپ رو خریدم   از دیدگاه من بسیار خوب و با ارزش هست   ویندوز 10 رو براحتی و بسیار روان اجرا میکنه   عمر باتری در حالت فول بالای 5 ساعت هست و بسیار عالی برای کار مداوم وبگردی جواب میده  دکمه ها روان صفحه نمایش خوب و از همه مهمتر اینکه سبک هست  اصلا هنگ نمیکنه    یه کیف کوله پشتی زیبا و یک موس هم داخل جعبه داره  درکل من پیشهناد خریدش رو میدم ,100,1
دکمه fn وf7رو زده بودم تاچ پد قفل شد وگرنه صحیح و سالمه  لازم دیدم انصاف رو رعایت کنم ,56,2
3روزه این لبتاب رو خریدم  به نظرم خوبه از همه چیز راضیم یه مقدار از باتریش رضایت ندارم وگرنه همه چیز عالیه  درکل مارک Asus پست ترینش هم می ارزه  ,88,1
یک حسن این تابه نچسب بودن اون هست غذا به هیچ عنوان بهش نمیچسبه   حتی ماهی    چون دستگیره ی درب ماهی تابه فلزی هست وقتی غذا پخته میشه دستگیره داغ میشه و باید با دستمال درب ماهی تابه رو برداشت  عمق ماهی تابه میتونست بیشتر باشه بعضی از غذا ها سر ریز میشه  ,56,1
من حدود یک سال و نیم قبل این جارو برقی رو برای جهیزیه خریدم اما الان دو ماهه که ازش استفاده کردم  اون زمان فقط یکبار امتحان کردم و اینحا نظر گذاشتم الانم نظرم متفاوته  نظر بقیه دوستان درسته که لوله حارو برقی اصلا به رد نمیخوره و مدام در حین کار پیچ میخوره  از طرفی کیسه جارو برقی من پر شد بعد از دو هفته تماس های مداوم با نمایندگی و تهران دیروز کیسه به دستم رسید  متاسفانه امروز که با کیسه جدید جارو کشیدم صدای جارو برقی به شدت بالا رفت و مکشش پایین اومد  واقعا نمیدونم باید چکار کنم  با نمایندگی هم تماس بگیرم ببینم چرا اینجوری شده  ,68,2
من لب تاپ تازه از دیجی کالا گرفتم در مجموع نسبت به قیمتش سخت افزار خوبی داره فقط تنها اشکالش جدا نشدن باتریش هست اگر هم میخوایین سرعتش بهتر هم بشه میتونید رم 4 گیگ را به ارتقا بدید ,88,1
امروز به دستم رسید خیلی جمع و جور و بسیار زیبا و طراحی جالبی داره و از همه مهمتر فوق العاده تفکیک صدا و شفافیت بالایی داره و از بیس بسیار قدرتمندی برخورداره واسه من که کیفیت صدا مهمه عالیه حتما پیشنهاد میکنم ,60,1
سلام در گروه ایکس ویژن الان مدل 383  جدیدترین مدل است که با تمام متعلقات عرضه شده من نمیخوام بگم مدل های پایین تر ایکس ویژن بد هستند اما شما خودت قضاوت کن  خرید یک گیرنده که در سال مثلا 90 وارد بازار و تولید شده   بهتر است یا خرید گیرنده ای که سال 93 طرحش وارد بازار شده و تولید شده       به نظر شما تلنولوژی سال 90 از سال 93 جلوتر است      همچنان منتظر موجود شدن گیرنده مدل 383 ایکس ویژن هستم فقط از دیجی کالا می خرمش یه اسپیکر ارزون هم براش میخرم تا موقع استفاده از رادیوی آن تلویزیون روشن نکنم  ,92,1
واقعا بیکیفیت تلویزیون باید حد اقل تصویر واضح نشون بده wifi کار یه وسیله دیگست عجب اشتباهی کردم ,88,1
در حد خیلی عالی نیست  ولی خوب خوبه بد نیست ,92,1
حدود سه ماهه که خریدمش تو این رنج قیمت خیلی عالیه ,84,1
باتری دستگاه واقعا عالیه   من باهاش طراحی 3 بعدی میکنم با zbrush  و 3ds Max و معمولا از صبح میشینم پاش تا شب باتری تازه میشه 60 درصد در بدترین حالت 50 درصد و واقعا تایید میکنه که 13 حتی خیلی بیشتر میتونه ویدئو پخش کنه و اینکه ورودی هاش کمه اصلا ادم رو اذیت نمیکنه من خیلی سخت گیرم رو این موضوع ولی خوب هم کیبرد هم قلم هم موس با بلوتوث وصل میشه و صفحه هم که لمسیه شما نهایتا یه هارد وصل میکنین یا یه فلش   خیلی اگه نیاز دارید یه هاب کوچیک مشکلو حل میکنه   خلاصه بابت ورودی ها نگران نباشید تو دنیای واقعی اصلا موضوع جدی نیست   جدا اگه میتونین این هزینه رو کنید بهترین گذینه است خودم قبل از اینکه پولم اماده شه 1 ماه تحقیق کردم و من واقعا خیلی سخت گیرم تو سخت افزار هایی که میگیرم   البته بازم به خودتون بستگی داره من اینارو برای کسایی میگم که دنبال تبلت ویندوزی هستن   ,92,1
نکات مثبت و منفی پس از استفاده 6 ماهه نکات مثبت   قدرت دمندگی بسیار قابل قبول است و تونستم چندین کیس کامپیوتر رو از وجود خاک پاکسازی کنم و بسیار قابل قبول بود   تنظیم درجه میزان شدت جریان باد خروجی بسیار مهم است چراکه مثلا برای پاک کردن برخی از قسمت های حساس کیس کامپیوتر باید شدت باد متعادل باشد که با وجود موتور 6 تنظیمه دیمری میتوان تنظیم کرد   جنس بدنه خوش ساخت است و حسه پلاستیک بازیافتی رو القا نمیکنه نکات منفی   نبود مبدل برق برای سه شاخه برق این دستگاه که باید خودتون تهیه کنید   مکندگی بسیار ضعیف که اصلا بکارتون نمیاد و البته برای من مهم نبود   جنس کیسه مکنده همراه از جنس پلاستیک زباله هم بدتر بود در کل خرید این دستگاه مکنده رو بخاطر قیمت مناسبش در عین حرفه ایی بودنش بهتون پیشنهاد میکنم امیدوارم خرید هوشمندانه و خوبی داشته باشید ,76,1
من از خریدن این مایکروویو راضی هستم و به شماهم پیشنهاد میکنم بخرید پشیمون نمیشید کاربردهای فراوانی داره بخصوص امروزه که وقت زیادی واسه پخت و پز غذا نیست و البته انتظار یک غذای خوش طعم و با کیفیت رو دارید بدون اینکه صدمه ای به بافت ها و خواص غذا بزنه   ,96,1
کیفیت ساخت خوبی داره حجم صدا رو هم تقریبا دوبرابر میکنه تنها نقطه ضعفش شارژدهی پایینشه ,84,2
اینو خریدم و متاسفانه زبره پوست رو اذیت میکنه ,48,2
در مجموع از خرید این گوشی راضی هستم  اگر کاربر حرفه ای قلمش باشین و به امکاناتش آشنا باشین  احتمالا حرف منو تأیید میکنین که خیلی کابردیه  ظاهر زیبایی داره و تو اجرا کم نمیاره  حسگر عنبیه سرعت خیلی خوبی داره  من با جای حسگر اثر انگشت مشکلی نداشتم و به سرعت بهش عادت کردم  دستیار صوتی بیکسبی با اسامی فارسی مشکل داره و کار کردن باهاش رو سخت میکنه  اما دستورات انگلیسی رو خیلی خوب اجرا میکنه  بزرگترین نقطه ضعفش باتریشه  اما نه به این معنا که ضعیف باشه  در مقابل عمر باتری آیفون و گوشیهای هوآوی کم میاره اما هنوز رضایتبخشه  امیدوارم عمرش به سرعت کاهش پیدا نکنه  کاش جای سیمکارت دوم با حافظه جانبی یکی نبود  در ضمن من این گوشی رو تو پیش فروش خرید کردم و یک روز زودتر از موعد برای تحویل به موقع با من هماهنگ کردن که به موقع هم به دستم رسید  ,84,1
در هنگام استفاده از مولتی اسکرین برای کار با اینترنت و تماشای همزمان تلویزیون به محض کلیک کردن صدای تلویزیون قطع میشه در هنگام استفاده از هدفون به محض استفاده از دکمه افزایش صدا  صدا از اسپکر خود تلویزیون پخش میشه که برای دیگران آزار دهنده است به محض اتصال به اینترنت در حدود 2 گیگ اینترنت مصرف میکنه با وجود خاموش کردن تمام آپدیتها که این مورد حداقل هر چند روز یک بار تکرار میشه ,72,3
نسبت به قیمتش عالی هست ,100,1
نداشتن کیسه دائمی ندارد و کیسه هاش یکبار مصرفه ,96,1
به اندازه ای که پول بدید آش می خورید به نظرم نسبت به پولش لپ تاپ خوبیه ,60,1
از فن های ایتالیایی تا ایرانی این پنجمین فنه که دیدم و استفاده کردم  بسیار خوبه حتی بهتر از دلونگی ایتالیا   فقط درب اتاقو ببندین  درجه یک کافیه کمی صدا داره که ذات این مدل پروانه هست   در عوض ترموستات عالی داره که در طول شب باعث میشه صداش اذیت نکنه و مصرف برق بهینه بشه قطعاتشم هست  نه مثل برندهای چینی که فقط موقع خریدن لوکسه  ,80,1
2 هفته هست از دیجی کلا خریدم با این قیمت اگه یکی لپتاپ بهتری میشناسه بگه  چون واقعا یک ماه تحقیق کردم و این مناسب ترین قیمت رو با این سخت افزار داره به توجه به قیمت نمیشه بهش ایراد گرفت ولی قیمت تموم شده ممکنه بیشتر بشه چون دی وی دی رایتر نداره     پورت vga نداره و اگه نیاز باشه باید تبدیل بخری که ارزونم نیست کول پد حتما توصیه میشه چون دمای بالا عمر قطعات رو میاره پایین یه مورد هم اینکه خیلیا هی میگن صدای بالای لپتاپ خب معلومه چون دو تا فن داره صداش نسبتا بیشتره ولی واقعا باز صداش کمه و اصلا اذیت نمیکنه لپتاپ های تک فن که صدای کمتری ایجاد میکنن خیلی حرارت بیشتری تولید میکنن در کل به نظر من اگه یه لپتاپ گیمینگ میان رده میخواید این مدل مناسب ترین قیمت رو داره یه چیزی هم اینکه کاش دیجی کالا قابلیت ریپلای کردن نظرات رو اضافه کنه با تشکر  یا علی ,68,1
من اینو تو پیشنهاد ویژه 205 تومن گرفتم خیلی عالیه پرقدرت و ساخت کشور روسیه فقط دوتا ایراد اساسی داره خط کشش پلاستیکیه و کنترل دور نداره البته همین مدل با پسوند re کنترل دور داره پس اگه برای کارای ظریف میخواید از مدل کنترل دور بخرید  یه اشکال دیگه ش اینه که کیف حملی چیزی نداره و سیمش هم نسبتا کوتاهه و دوشاخه خیلی باکیفیتی نداره ,92,1
چاپگر خوبیه ولی هزینه شارژ کاتریجاش خیلی بالاس یعنی هر بار باید 200هزار برای شارژ بذارید کنار ,52,2
جهت مصارف خانگی خوب نیست بعد از یک ماه خراب شد با گارانتی درستش کردند و دوباره خراب شد بازهم با گارانتی درستش کردند و دست دوم فروختیم رفت  ,10,3
در کل اگر مسر هستید که هدفونتون بیسیم باشه  کار راه اندازه  ولی اگر اولویت کیفیت صدا و کیفیت ساخت باشه  گزینه های بسیار بهتری از هدفون های باسیم برای انتخاب هست  و فراموش نکنید که دی جی ها و افراد حرفه ای هیچوقت برای کار از هدفون بیسیم استفاده نمیکنند  من خودم مدل HD800 دارم اما برای آشنایی با عملکرد بیسیم های سنهایزر اینو خریدم و همونطور هم که پیش بینی میکردم بود  کار راه انداز اما نه در حد سیم دار ها   ,60,2
من ی اتو تفال مدل دیگه دارم اینو برای مادرم خریدم ساختارش شبیه اتو خودمه فقط فرقش اینه که سبک تره به نظرم همین سبک بودنش باعث میشه فشار لازم رو لباس نباشه سریع و خوب اتو نمیشه به نظرم سنگین بودن اتو یه مزیته ,56,2
باتشکر از دیجی کالا من این دریل رو تو پیشنهاد ویژه قبل عید خرید کردم و ممنون که به موقع تحویل دادن  از لحاظ ساخت و کم صدا بودن عالیه مخصوصا که میتونی به جای پیچ گوشتی  هم ازش استفاده کنی چون چپ گرد و راست گرد داره در جه برای تنظیم سرعت نداره ولی باشاسی  کلید این کار انجام میشه به راحتی از چکشی بودنش نگو که چه قدر عالیه قدرتش من برای کار خانگی پیشنهاد میکنم این دریل رو به دوستان  ,80,1
بسیار عالی  ولی هدست خوبی ندارد چون در غیر این صورت قیمتش بالا میرفت  من هدست htc1  استفاده میکنم و کیفیت واقعیش مشخص میشه خیلی راضی هستم   خیلی کار کردن باهاش لذت بخش هست   کوچک و همراه  راهنمای صوتی بسیار پر کاربردی دارد  من که راضی هستم    فقط توجه کنید که با هدست خودش بررسی اش نکنید با یک هدست خوب واقعا جواب میده  ,90,2
بسیار جاروی محشریه فقط پاکتش راحت گیر نمیاد زمانی که سفارش دادم دیجیکالا نوشته بود بزودی پاکتش را ارائه میکنه اما کلا دیگه حرفشم نیست ,72,1
لپ تاپ رو برای مادرم تهیه کردم  کیفیت ساخت و صفحه ی نمایش دلچسب نیست  اما قدرت سخت افزار خوب هست و نسبت به هزینه پرداختی به صرفه هست  ,72,2
قدرتمند و زیبا ,84,1
بسیار هندزفری عمری ایه ,88,1
واقعا دستگاه خیلی خوبیه چند تا رنده مختلف داره قدرتش خوبه صداش کمه و لرزش نداره برای سالاد هم عالی خورد میکنه واقعا از خریدش راضیم ,60,1
صدایی که این محصول ال جی تولید می کنه قابل مقایسه با هیچی نیست  تکنولوژی Dolby Atmos باعث میشه که واقعا مرزهای واقعیت از بین بره  کافیه که این ساند بار رو به دستگاهی مثل xbox one s که جزو معدود گجت هایی هست که Dolby Atmos رو پشتیبانی میکنه وصل کنید و یه فیلم Blu ray اصلی با پشتیبانی از Dolby Atmos رو باهاش پخش کنید تا لذت دنیا و قیامت رو ببرید ازش  ارزش تک تک تومن هایی که میدین رو داره به شرطی که فیلم های اورجینال با صدابرداری های Dolby Atmos رو بتونید براش پیدا کنید  اگر انتظار دارید آهنگ شجریان رو باهاش پخش کنید و صدای فراگیر Dolby Atmos رو حس کنید   انتظار بی جا و غیر معقولی دارید ,88,1
خیلی خوب و راحت تو یخچال جا میشه و کیپ میشه و چیزی از توی ظرف بیرون نمیریزه ,100,1
من این محصول رو رنگ استیلش رو خریدم خیلی عالیه ممنون از دیجیکالا اما باید صداش بیشتر می بود و بیسش بالاتر و جذابتر با این قیمت حتما میشه محصولی با کیفیت بهتر پیدا کرد اما از خریدم پشیمون نیستم ,72,2
این دستگاه نسبت به دستگاههای ساندویچ ساز که سینی داخلی آنها بصورت مثلثی هستند بسیار کارآمدتر هست  علیت هم این هست که هر نوع نون میشه بروی سینی یکپارچه آن قرار داد   دستگاه بصورت اتوماتیک گرم و استندبای میشه  فقط کیفیت پلاستیک بدنه بیرونی کمی در حد نام فیلیپس نیست ولی در مجموع از تهیه این دستگاه بسیار راضی هستم   دوشاخه برق این دستگاه نیاز به تبدیل سه به دو دارد   ,80,1
من به عنوان یک خریدار  اعلام میکنم  کاتریج های دستگاه قبل از خرید در تصویر نشون داده شده که 4عدد هستند که کاتریج مشکلی از نوع لارج  یعنی ظرفیت آن دوبرابره کاتریج های رنگی است  ولی وقتی دستگاه را خریدیم دیدیم که کاتریج مشکی از نوع معمولیه     حتی به قدری این کار دیجی کالا زشته که اصلا قابل تصور نیست  داخل پرینتر در محل کاتریج ها الان کنار کاتریج مشکی خالیه   یعنی اینا میاند کاتریج مشکی را عوض میکنند  نخرید  ,48,1
عالیه  من راضى بودم   ,60,1
راضی نیستم  کیفیت کلی خوده دستگاه که خیلی پایین هست  میذاری انتخاب اینه ته دیگ چه رنگی در بیاد ولی هر درجه ایی بذاری کار خودشو میکنه اصلا اون چیزی که عکس ته دیگ روی درجه حک شده نمیشه  ته دیگ خیلی معمولی بی رنگ   ارزش خرید نداره ,0,3
امروز متوجه شدم دی وی دی رو نمیخونه       من تا الان هرچی از دی جی کالا گرفتم راضی بودم ولی با لبتاپ قبلیم که توشیبا بوده مقایسه می کنم کیفیت پایینی داره  ,64,3
هدفون خوبی از نظر کیفیت ساخت و کیفیت صدا هست  و قابلیت نویز به خوبی عمل می کند تقریبا بیشتر صدای یک اتوبان رو میتواند در صدای کمتر از 60 هدفون بگیرد فقط اگه لاستیک دور گوش داشت یا ارگونومی متفاوتی مانند gear circle داشت بهتر بود من هدفون gear circle و level u هم دارم صدای این هدفون با کیفیت تر است  ولی کمی ارگونومیشو من نپسندیدم  ,84,1
رنگ و پوشش کااملا طبیعیه   خیلی سبکه  اصلا انگار نه انگار کرم پودر زدی   بعدشم پوست و نرم و لطیف میکنه  برای کسایی که آرایش طبیعی دوست دارن پیشنهاد میکنم ,84,1
با سلام و عرضه خسته نباشید  لطفا دوباره موجودش کنید خیلی  لازمش دارم ,92,1
بنظر من گوشی خوب و مقرون به صرفه ای بود توی این دوسالی که داشتمش همه جور استفاده ای ازش کردم از بازی های نسبتا سنگین دیتا دار تا استفاده های معمولی صفحه نمایش فوق العاده که بنظرم تنها و بهترین نقطه ی قوتش که باعث شد بگیرمش همین بود چون لذت کار کردن باهاش رو خیلی بیشتر کرده بود و بنظرم عمر خودشو کرده و بیشتر از این انتظاری هم نداشتم ازش نسبت به هزینه ای که کردم البته اینم بگم چندباری از دستم زمین خورده ولی کیفیت مناسب و استحکام خوبی داشت و مشکلی براش پیش نیومد ,100,1
بسیار کم صدا و زیباست  کمتر از 30 ثانیه آسیاب میکنه و صدای خیلی کمی داره مخصوص قهوه هستش و برای خشکبار مناسب نیست   پیشنهاد میکنم بخرین از قهوه تازه آسیاب شده که فوق العاده عطر خوبی داره لذت ببرید  ,80,1
لپ تاپ خوب و مناسبی برای کسی که برای کارهای روزانه احتیاج به لپ تاپ داشت  باهاش بازی هم میکنم باطری فوق العاده ای داره و به نظرم در این رنج قیمت یکی از بهترین انتخاب هاست  ,96,1
مورد بعدی اینکه بعد از شارژ کارتریج ممکنه در نواحی که غلظت مشکی زیاد است روی کاغذ کمرنگ تر چاپ بشه که شما باید از داخل منو پرینتر print density را روی 5 تنظیم کنید حالت دیفالت بر روی 3 می باشد پر رنگ ترین حالت روی 5 تنظیم میشه و چاپ کمرنگ روی 1 تنظیم می شود  این مورد برای افرادی که تمایل دارند چاپ پررنگی داشته باشند خیلی مهمه در ضمن توان کار ماهیانه این دستگاه 80000 برگه می باشد و اون مشخصات در سایت دیجی کالا مورد توصیه شده HP است وگرنه تا 80 هزار برگ در ماه می توانید روی این پرینتر حساب باز کنید ,60,1
کبورد علاوه بر جابجایی شیفت راست شیفت چپ را هم با دکمه پایپ  که باید راست باشه  ادغام شده  اگر  برنامه نویس باشید احتمالا اذیت خواهید شد مگر عادت کنید  صفحه نمایش بی کیفیت است از بالا به پایین سبز تر می شود  ,64,3
با سلام   این دریل بسیار پر قدرت و با کیفیت و زیباست  طوری طراحی شده که بر خلاف دریل های دیگر وقتی بخواهید خودتان شافت دریل را بچرخانید قفل میشه   اولش منم تعجب کردم ولی بعد دیدم به راحت باز و بسته شدن سه نظام کمک میکنه   به راحتی میشه مته پیچ گوشتی بست و به بسته و یا باز کرد پیچ مشغول شد   این دریل فکر کنم در چین ساخته شده  PRC  ولی در هر حال کیفیت بسیار بالایی داره   تمام اجزا در کیف زیبا و خوش دستی جای میگیره که برای حمل نقل بسیار کار را راحت کرده   با تشکر ,84,1
من پیش از این تبلت یک galaxy tab a 2016 with s pen داشتم  خواستم بگم که تفاوت این دو  اینه که تبلت اندرویدی نهایتاً یک گوشی بزرگه  اما تبلت ویندوزی یک کامپیوتر کوچکه  اصلاً قیاس این دوتا اشتباه محضه  ویندوز این تبلت 8 1 هست و چون زمان آپگرید رایگان به ویندوز 10 گذشته  دیگه این قابلیت وجود نداره  حافظه داخلی اش شاید کم باشه ولی اگه یه sd روش بندازید برای کار دانشجویی کافیه  در ضمن توجه داشته باشید که وسایل جانبی سرفیس گرون تر از بقیه مارک هاست  ,80,1
وقتی مشخصات دستگاه رو تو دیجی کالا دیدم 400وات نوشته در صورتی که روی دستگاه بسیار  کمتر میباشد ضعیف بودن دستگاه کاملا مشخصه وقتی با دستگاه پاناسونیک مدل MJ M176  مقایسه میکنم که 400واته از دیجی کالا میخوام توانهارو درست درج کنه چرا که پارامتر بسیار مهم در تصمیم و خریده ,60,2
بدترین تبلتی که می تونین پیدا کنین  من هفت ماه پیش برای تولد پسرم خریدم  و با توجه به اینکه دو سال پیشش هم براش از همین برند ایسوس تبلت 7 اینچی گرفته بودم و در حد امکان ازش راضی بودیم   به این برند اعتماد کردم و خریدم  الان فوق العاده از خریدم ناراضی ام  تاچش خیلی خیلی بده  بجز اینکه خیلی مواقع هنگ می کنه و به کلی از کار میفته  وقتی هم که کار می کنه هرجا رو کلیک می کنی  بیشتر اوقات یکی دو سانت اونورترش پاسخ میده   یکی دیگه از ضعف هاش که غیر قابل قبوله مشکل نگهداری از کارت اس دی هست  دایم از درگاهش می پره بیرون و برنامه هایی که روشه هم بالطبع غیرفعال میشه ,40,2
سیستم عامل مناسب و مجهز به ضد ویروس و برنامه microsoft office منظور از انتخاب رنگ  رنگ کیبورد همراه دستگاه می باشد وگرنه جنس بدنه آلومینیومی و نقره ای است  تنها نقطه ضعف آن تا به حال کیبورد بدون نور پس زمینه و با کیفیت متوسط رو به پایین آن است  رزلوشن یا کیفیت تصویر آن برخلاف مطلب درج شده در سایت دیجیکالا  1440 2160 که معادل 3k می باشد است  خوش دست و اندازه آن هم مناسب تبلت و هم مناسب لپ تاپ است و از عهده کارها و برنامه های روزمره و عادی شما به خوبی برمی آید اما مناسب بازی های کامپیوتری و همچنین نرم افزارهای سنگین مدل سازی و تحلیل های عددی نیست  حسگر اثر انگشت آن امنیت آن را در محیط های کاری و عمومی بسیار افزایش می دهد  ,88,1
من این محصول رو تو پیشنهاد ویژه با نصف قیمت خریدم ولی باز هم از نظر من ارزش خرید نداره  ,20,3
با سلام هرچند که من این منگنه کوب رو برای کار منزل خریدم ولی روی کیفیت خیلی حساسم و سعی میکنم بهترین رو همیشه انتخاب کنم و رابطه مستقیمی بین کیفیت و قیمت هست که اینو نمیشه کتمان کرد  سوزن های این دستگاه از نوع تایپ 53 هستش که در بازار فراوونه و براحتی گیراومد تنوع بالای منگنه کوب ها در بازار انتخاب رو سخت میکنه  رونیکس نووا  روکس صدرا و  همه کیفیتشون یکیه و ساخت یک شرکت هستند که به سفارش وارد کننده  برند روشون حک میشه اکثرا هم از روی بوش کپی شدن و کیفیتشون قابل قبوله ولی بوش بوشه و روح ابزار المانی توش احساس میشه  من میخوام با این منگنه کوب پی وی سی دیوارپوش نصب کنم و نتیجه کار رو اینجا می نویسم  ,100,1
من این تابه رو سایز 24 و 22 اش رو هم تهیه کردم  کلا این سری so intensive تفال حرف نداره  عالیه اصلا شک نکنید تو خریدش ,100,1
در کل راضی کنندس ,80,1
من از دیجی کالا خریدم بسیار راضیم از خریدم مخصوصا اینکه با اطمینان میگم از دیجی کالا بخرید ممنون از دیجی کالا بابت بسته بندی و نحوه ارسال و احترام به مشتری  ممنونم دیجی کالا ,100,1
این هدفون از لحاظ کیفیت و شفافیت صدا بسیار خوب هستش ولی قدرت صدای بالا که انتظارش رو داری رو نداره و کمی بیشتر باید ولوم صدا رو زیاد کنی   در مجموع هدفون خوب و قابل قبولی هست ,80,1
برنامه ها حین اجرا قطع میشن  کیفیت صفحه پایینه  قیمت نسبت به عملکرد زیاده   در کل پشیمونم از خریدم  هربرنامه ای نصب میکنم از برنامه میپره بیرون   129318  ,48,3
بسیار عالی و با کیفیت ,100,1
به عنوان هدیه برای مادرم خریدم و تا الان ازش راضی بوده خریدش رو پیشنهاد میکنم به دوستان تو این رنج قیمت واقعا عالیه دیجی کالا همیشه بی رقیب و بهترین ,80,1
من این تلویزیونو عید 95 خریدم  حدود یکساله استفاده میکنیم هیییییییییچ مشکلی نداشته کیفیتشم عالی عالی پشتیبانی خوب و کامل البته 90 درصد امکاناتش برای ماکه بی استفاده بوده مثل اندروید و کنترل هوشمند و  ولی با این قیمت و این کیفیت بهترین گزینست شک نکنید ممنون از دیجی کالا ,84,3
عالیه برای مصرف خانگی گرفتم ولی گرانیتم سوراخ میکنه روش فشار میاد ولی کارش انجام میده تو پیشنهاد شگفت انگیز عالیه ,96,1
در پیشهاد شگفت انگیز  خریدم  قیمتش نسبت به بازار تیمچه تقریبا نصف هستش  ,76,1
سیستم بخار شوی در این مدل وجود ندارد ودیجی کالا منو تو انتخاب این مدل به اشتباه انداخت چون تو مشخصات نوشته قابلیت بخار شوی دارد در صورتی که در مدل های بالاتر دکمه steam clean l و محل ریختن اب جهت بخار طراحی شده است ولی در این مدل داخل دفترچه نوشته ی فنجان اب بذارین و دستگاه رو 10دقیقه روشن کنید  بعد از سرد شدن تمیز کنید  که فکر مبکنم تمام مایکرو ویو ها میتونن چنین قابلیتی داشته باشن    ولی به جز این مورد در کل مایکرویو بسیار خوب و کاملی هست ,68,2
برای این خوب نیست که یه لباس کتون رو از صفر اتو کنه  اما چروک کت شلوار و لباسایی که تو کمد مونده رو عالی و سریع باز میکنه  ,100,1
این لپ تاپ واقعا عالیه در این قیمت  اگر بخواهید یه لپ تاپ با همین مشخصات رو با برند های دیگه بخرید باید خیلی بیشتر هزینه کنید ,96,1
کیفیت صدای خوبی داره  طراحی زیبا گوش رو هم اصلا اذیت نمیکنه ,64,2
دیجی کالا لطفا دوبار  پیشنهاد شگفت انگیز بزارید قصد خرید داریم مرسی ,100,1
سلام من خیلی وقته که میخاستم یه زودپز خوب و راحت بخرم و در نهایت اینو خریدم  باید توجه داشته باشید که زودپز چیزی نیست که تند تند عوضش کرد معمولا مال مادرهامون ده ساله که داره کار میکنه  این زودپز درسته که قیمتش یکم بالاست اما به اینکه ده سال درش با یک حرکت باز بشه و راحت شسته میشه و وزنشم مناسبه می ارزه   البته بگم ده لیتریش خیلی بزرگه   من جوری خریدم که تا نوه دار شدنم بمونه و ایرادی هم نداره چون با دو لیوان اب هم میتونید از این زودپز استفاده کنید  راستی صداش هم خیلی نسبت به زودپز قبلی من کمتر بود  ,60,1
دوستان من این لپتاپو برای کاره معمولی گرفتم  طبق نظراتی که خوندم تو مدل لپتاپایه دیگه تقریبا مشخصاتش با این یکی بود همه نوشته بودن که به درد کاره پیش پا افتاده یا کارایه معمولی میخوره  اما باید بگم که اگه برای بازی و کار میخاین این لپتاپ عالیه  من بازی کالاف دیوتی از یک تا 8 رو نصب کردم خیلی قشنگ جواب داد بدون هیچ لگی البته جز کالاف هفت یا همون بلک اپس اون رو با تیک اجرا کرد  در کل اصلا فکرشو نمیکردم که تا این حد جوابگویه بازی باشه  بازیایه دیگه رو تست نکردم   فقط اینکه درایو هاشو از خود سایت hp باید دان کنید و فقط مخصوص ویندوز 10 رو داره من درایو هاشو رو سون نصب نکردم شایدم بخوره   صفحه نمایشش زیاد چنگی به دل نمیزنه  یه مقدار محدودیت دید داره و کیفیت زیادی نداره  باطریشم واسه وب گردی تا 7 راحت راحت جواب منو داد در کل لپ تاپ خوبیه  اینم بگم که این مدل پشتش براق و صفحه تاچ پدش حالت روکش چوب مشکی داره که من زیاد خوشم نیومد  دوست داشتم یک دست مشکی باشه  تو عکسایی که دیجی گذاشته همه عکسا یکی نیست  قشنگ دقت کنید فرق دارن صفحه تاچ پدش امیدوارم تونسته باشم کمکی کنم تو انتخاب خریدتون ,68,1
تا تو تخفیف هس سریع بخرید  میرزه واقعا البته یه نقدی هم برا دیجیکالا دارم اونم اینه که چرا کشور سازنده محصولاتتونو نمیزارید درضمن چینی نیس وساخت مجارستانه وکیفیتش قابل قبوله ,84,1
پنکه خوبیه   کیفیتش هم مناسبه کنترولش هم به خوبی کار میکنه فقط تغییر حالت هاش به خاطر اینکه ال ای دی ها روی کف پایه هستن فقط وقتی خوب دیده میشن که کنار پنکه باشید و حالت ریتم اپشن خیلی بده و به درد نمیخوره    در کل خوبه   ,88,1
واقعاً عالیه البته ما از دیجی کالا نخریدم ولی از نظر وضوح تصویر و صدا واقعا راضی کننده است اما اگه خواستین بخرین 55 اینچ و 49 زیاد فرق ندارن   حدود چهار پنج ماه خریدم راضی ام  الجی در زمینه نمایشگر ها رقیب نداره  ,96,1
وضوح تصویر بالایی داره و تصویر روشن با رنگهای واقعی و طبیعی  ,88,1
فوقالعادس هم راحته میکروفونشم خوبه ولی اگه برای ps4 یا xbox one میخواین حتما بخرید برای اهنگ گوش کردن هم خوبه و صدا شفافه ولی اگر برای اهنگ گوش دادن حرفه ای میخواید زیاد پیشننهاد نمیکنم بیشتر هزینه کنید من که راضیم ,80,1
یک ساله که دارمش  کیفیت پخش صداش واقعا خوبه  حساسیت میکروفونش مناسب هست اما فیلترینگ و نویزگیری جالبی نداره  ولی مشکل اصلی ای که من باهاش داشتم اینه که روکش پلاستیکی بلند گوهاش که تو گوش قرار میگیره خیلی راحت در میاد و وقتی از جیبت هندرزفری رو در میارید یا دارید گرشو باز می کنید ممکنه بیفته و گم بشه  من دو بار این اتفاق برام افتاده  و البته تمیز کردنشم یکم دردسر داره  برای من که زیاد ازش استفاده می کنم یکم نگهداریش سخته  ,84,1
در کل ارزش خرید بالایی داره ,84,1
دوربینش فوق العادست هیچی تقریبا کم نداره ,72,1
من این اتوروچندهفته اس خریدم خیلی اتوی سبک وراحتیه وخوب رولباس حرکت میکنه وچروک هاشونوبازمیکنه فقط کاش مثل اتوی قبلیم سیمش داخل خودش جمع میشدتانگران اسیب دیدن سیم نمیشدم وجمع وجورمیشد  ,60,1
عالیه حرف نداره ,92,1
در کل باتوجه به کاستی هایی که داره خب میشه ازش راضی بود حداقل از مارک های موجود در بازار که قبلا واقعا عالی بودن ولی الان خیلی کیفیت پایینی دارن باتوجه به رنج قیمتیش تلویزیون خوبیه  تصویر باکیفیت و شفافی ارایه میده یه جورایی حالت هوشمندش ضعیفه ,64,3
با توجه به اینکه این دوربین دیگه تولید نمیشه و سری جدید کنون g3x با پردازشگر قویتر و جدیدتر کنون به بازار اومده البته با قیمت خیلی فضایی شاید بررسی ریزبینانه بدرد کاربران نخوره ولی در جواب دوستمون که گفتن گرد و خاک وارد لنز شده متاسفانه منم این مشکلو دارم   اوایل فکر میکردم خطای دیده اما با مرور زمان و بیشتر شدن این ریز گردها بهمراه تشکیل حبابهای ریز خیلی متعجب میشم   البته مجموع حبابها و ریز گردها زیر ده تا هست و هیچ تاثیری قابل مشاهده ای روی عکاسی ندارن اما کیفیت پایین چنین لنزی اونم ساخت خود ژاپن عجیبه واقعا ,76,2
متاسفانه بار دیگر من تصمیم گرفتم وسیله ای ساخت ایران بخرم و باز مثل همیشه پشیمان شدم این وسیله بر خلاف توضیحاتی که دیجی کالا نوشته و همان باعث گمراهی من شد اصلا کارایی به اندازه که هیچ یک دهم دستگاه های غذاساز رو نداره  تیغه برشی ورقه کن به هیچ دردی نمیخوره چون دهانه ورودی کوچیکه و شما مجبورید مثلا سیب یا سیب زمینی رو در اندازه های بسیار کوچک بریده و وارد دستگاه کنید که در نتیجه خروجی شما ورقه های بسیار ریز هستش که اونم در سایز ها و با ضخامت های مختلف بیرون میاد  رنده و پوره کن هم بدرد نمیخورن و به خاطر طراحی غلط اولا  مواد خروجی همسان نیست و دوما مقداری از مواد وارد محفظه بین تیغه و بدنه دستگاه میشه که مجبورید به دفعات خارجشون کنید کلا به نظر من کارایی زیادی نداره و من هم مرجوعش کردم البته متاسفانه من بعد از ثبت سفارش یک نمونه از این دستگاه به دستم رسید و استفاده کردم که اگه قبلش دیده بودم سفارش نمیدادم  جنس تیغه ها هم متاسفانه در همان نگاه اول توی ذوق میزنه  ضمن این که با چرخ گوشت هم کامل چفت نمیشه و باعث بوجود آمدن احساس ناخوشایندی میشه  ,4,3
من این گوشی رو با Sony MDR E9LP Headphone تو یه سری از دیجی کالا خریدم و دقیق با هم مقایسه کردم  یه سر و گردن از اون سونیه  مدلشو نوشتم  سرتره  هم از لحاظ تمیزی صدا  هم از لحاظ راحتی تو گوش  اون سونیه قیمتش از دوبرابر این هم بیشتره   ,80,1
عالی از هر نظر حتی نگاه کردن بهش احساس خوبی میده ,100,1
خواهشا  بحث  در مورد ساخت چین بودن یا نبودن کالا رو متوقف کنید  این  حرف اون زمانی قابل توجه بود که برندهای معتبر جهان از  وارد شدن چین به جمع کشورهای صاحب سبک در صنعت رنج می بردند ولی الآن خود این شرکتها در چین کلی کارخانه و نمایندگی دارند و مطمئن  باشید اونها خودشون بیشتر از ما نگران افت کیفیت کالاهاشون هستند  قطعات این ابزار آلات توسط ماشین ساخته شده وطبق استانداردهای شرکت مونتاژ میشن پس جای هیچ نگرانی نیست ضمنا چین هواپیمای ایر باس  هم مونتاژ میکنه قابل توجه اونایی که زیاد با هواپیما مسافرت میکنند   ,88,1
خیلی عالیه   پیشنهاد میدم خرید کنید ,92,1
من از خریدم راضی هستم و به نظرم کیفیت مناسبی برای پخش موزیک داره ,92,1
فوق العاده ,92,1
با سلام کیفیت ظاهری و ساختش خوبه اسنک و هم 5 دقیقه ای خوب در میاره فقط عیبش اینکه محل قرار گیری نان یک کمی بزرگه و اگه نان کوچیک باشه پنیر از لبه اش بیرون میزنه ضمنا قفلشم یک کمی قلق داره تا بسته بشه  در کل خوبه  ,76,2
پرینتر سه کاره معمولی هستش و نسبت به قیمتی که میدید باید ازش انتظار داشته باشید ,72,3
من یه ساله دارم باهاش کار میکنم بسیار عالیه ,88,1
برنامه  audio recorder سونی روش نیست و باید خودتون از پلی استور دانلود کنید ,92,1
به نسبت قیمت و امکاناتش مشابه نداره بعد از دو ماه تحقیق خریدمش از دیجی کالا هم خریدم سیستم عامل و آنتی ویروس و   هم روش نصب کردم هنوز گیم امتحان نکردم ولی اگه خواستید سیستم عامل هم بگیرید خودتون نصب کنید حتما مال شرکت پرند رو بگیرید در ضمن قسمت بایوس این لپ تاپ رو با زدن دکمه های اف 2 و دیلیت با هم وارد بشید و در قسمت بوت گزینه لجنسی رو انتخاب کنید تا برید واسه نصب ویندوز  من مشکیشو گرفتم ولی به نظرم نقره ایش قشنگتر باشه در کل کیفیت ساختش هم به نظر م خوبه فقط تو کارتن خیلی تکون می خورد و کیفیت بسته بندیش خوب نبود دیجی کالا هم قرار بود عصر بسته رو بیاره صبح آورد ,60,1
بنظرم این سری کارهای فوق العاده ای هستن  من کرم پودر های زیادی استفاده کردم اما یکبار که از این کار استفاده کنید دیگه نمیتونین کنار بذارین  فوق العاده سبک و مخملی و راحته اصن حس نمیکنید کرم پودر زدین   پوشش خوبی هم داره فقط اگه چربی پوستتون کمه حتما زیرش پرایمر یا مرطوب کننده بزنین  رنگ روشن خوبی هم هست برای ارایش نسبتا روشن  پوشش متوسط و نسبتا خوبی داره ولی متاسفانه چون پایه ابی هستش ماندگاریش کمه در حد سه چها ساعت بعدش باید تجدید بشه که اگه اونم مشکلی بود میتونین از همین مارک محصول 24 ساعته ش استفاده کنید که اونم فوق العاده سبکه  و اینکه ظاهرا این محصول دیگه تولید نمیشه ,76,1
قیمت این لپ تاپ به نسبت امکاناتی که داره مقرون به صرفه است  سرعت پردازش هم نسبتاً بالاست  از خریدی که کردم راضی ام  ,60,3
دوستان من سال 93 این لپ تاپ رو خریدم  بعد یک مدتی فن این مدل لپ تاپ ها صدای مناسبی تولید میکنه که با تمیز کردن و کار دیگه درست نمیشه پیشنهاد می کنم HP نخرید ,16,3
در کل راضی کننده اس و برای فضا های 12تا24 متر اندازش خوبه در غیر این صورت باید 55یا 65 تهیه کنید ,80,1
امروز این دستگاه به دستم رسید و از خرید آن کاملا راضی ام  سیب زمینی را به سادگی٬ در زمان قابل قبول٬ بدوووووون هیچ روغن مضر  فقط کمی روغن زیتون  و با کیفیت عالی  کاملا ترد و خوشمزه  سرخ کرد  قیمت این دستگاه نسبتا بالا است و ممکن است به میزان کاربردی بودنش نصرفه  اما غذای سالم و خوشمزه و بی دردسری رو آماده می کنه  ,88,1
به هیچ وجه از دستش ندید  عالیه  درضمن اینو هم بگم که هدفون های بیتس رو فقط از دیجی کالا و فروشگاه های معتبر تهیه کنید  متاسفانه بیشتر بیتس های موجود در بازار فیکه و تفاوت کیفیت مدل های فیک و اصل بسیار بسیار زیاده  ,96,1
من تازه این لپ تاپ رو گرفتم  مدل های زیادی رو بررسی کردم و باید بگم که توی این رنج قیمت با توجه به اینکه اندازه صفحه نمایش  وزن و باتری برام مهم بود بهترین انتخابه  اما متاسفانه داخل مشخصات نوشته شده 5 ساعت شارژدهی باتری در حالت تماشای فیلم که اینطور نیست  من با سیستم عامل لینوکس  توزیع اوبونتو  نسخه 16 04 در حالت قطع بودن شبکه  وای فای  ماوس  فلش و  با نور صفحه نمایش کم 25 درصد  تونستنم لپ تاپ رو 2 ساعت و 45 دقیقه داشته باشم و بعدش خاموش شد  برای مرجوع کردن کالا هم تماس گرفتم اما ظاهرا این علت رو برای مرجوعی قبول نمیکنن  ,60,1
سلام من آدمی هستم هم چی مارک دار شو میگیرم یکی از دوستام گفت حالا امتحان کن منم اینو گرفتم  از همین سایت خریدم  زمانی نصبش کردم باورم نمیشد که این تلویزیون ساخت ایران بااین قیمت کم اینقدر خوب نشون بده  راستی اولش روکانالای ایرانی بود کیفیت نداشت ولی زمانی فیلم hdگذاشتم فهمیدم این تلویزیون ارزش خرید داشته دارد ,56,1
در کل این محصول خوبیه و از مارکش هم معلوم که چه کیفیتی رو میشه ازش انتظار داشت  ولی خوب مشکلاتی هم که گفتم رو داره  با توجه به قیمت راضی خواهید بود  ,68,1
به نسبت پولی که پرداخت میکنید کالای خوبیه و حمایت از کالای ایرانی هم هست نقطه ی ضعف خاصی هم نداره یعنی من تو این مدت ندیدم ,88,1
خیلی عالیه بهترین برند گوشت کوب برقی که هر کسی می تونه تهیه کن  کیفیت کالا و کارکردش حرف نداره   چقدر خوب کشور عزیزمون محصولات با این کیفیت تولید می کنه    ,100,1
نامبر وان  کوچیک ولی پر قدرت امروز بدستم رسید و سنگ گرانیت های خونرو با یه مته الماس مارک بوش مثل پنیر سوراخ کرد واقعا از خریدم راضیم سپاس دیجی کالا عزیز ,100,1
ظاهر زیبا و جالبی دارد  به علت اینکه ساده هست زلم زینبو ندارد  راحت میشه ازش استفاده کرد و شستشویش داد  برای دم دشتی میشه استفاده کرد ازش و حتی برای پذیرایی از مهمان هم زیباست  فقط قسمت اتصال میله به بدنه یک تکه کوچیک از رنگش کنده شد و فکر میکرم کیفیتش بهتر باشه  با این کیفیتش کمی گران است  ,76,1
من این لباسشویی رو ده روز پیش از دیجی کالا خریدم وتا حالا چندین بار از این ماشین استفاده کردم باید بگم که از خریدم راضی ام   طراحی زیبا   کارایی قابل قبول  کم صدا و آب و برق کمی هم مصرف میکنه  تا الان باهاش مشکلی نداشتم وبه شما هم خریدش رو پیشنهاد میکنم ,60,1
من یه اهنگ با کیفیت flacو عمق 24 بیت رو دانلود کردم و وقتی اهنگو گوش میدم میفهمم کیفیت صدا یعنی چی ,68,1
سرعت بالا کیفیت عالی  ,100,1
لپ تاپ خوبیه فقط یه چیزی درباره نصب ویندز سعی کنید بوت با DVDویندز بالا بیارید با زدن F2یاF1 و حتما ویندز 10 نصب کنید ,72,1
باسلام و عرض احترام باید بگم که خیلی تیییییزه  موقع پوست کندن میوه از پوست میوه رد شد خورد به انگشتم در کمال ناباوری قشنگ برییییید      موجود شه یه دست دیگه ام میخرم    ,80,1
من این لپتاپو برای کارای روزمره ی برادرم گرفتم و ویندوز 10 روز نصب کردم تا الان خیلی عالی جواب میده و خیلی خوبه اگه برای کارای روزمره میخواین من واقعا این لپتاپو بهتون پیشنهاد میکنم  اولش به خاطر امتیاز پایینی که دوستان داده بودن مردد بودم  ولی بالاخره گرفتم و فهمیدم که امتیازش واقعا بالا تر از این حرفا باید باشه  ,84,1
من یکهفته است این دستگاه رو خریداری کردم و 3 بار استفاده کردم  باید بگم اون چیزی نیست که فکرش رو میکردم  پارچ مخلوط کنش درست روی دستگاه چفت نمیشه و لقی داره  آسیاب کنش هم درست مواد رو آسیاب نکرد  ,52,2
فوق العاده ,92,1
سلام  من این محصول رو خریدم و راضی هستم  چند روز کلی سایتها رو زیر و رو کردم و تو این رنج قیمت بالاترین سخت افزار رو داره  محصولات گرونتر لنوو یا کارت گرافیک ندارند یا سی پی یو ضعیفتر دارند  ,96,1
سلام من در زمان شگفت انگیز خریدم  واقعا کیفیت بالایی داره  اصلا فکر نمیکردم کیفیتش اینقد بالا باشه  بسته بندی دیجی کالا هم که حرف نداره  ,100,1
واقعا عالیه اصلا شک نکنین  من پلوپز فلر داشتم به لعنت خدا نمی ارزید اینو چند روزه خریدم واقعا کیف کردم عالی عالی درود به محصول ایرانی با کیفیت ,96,1
پیشنهاد میکنم برای گوشهاتون ارزش قائل بشید و یه آدیو تکنیکا و یا سنهایزر بخرید  لذت از هنر موسیقی و زندگی با ارزش تره از یه کم هزینه ,12,3
برای یک گرافیست خوش اندازه و در یک کلام کافی و نه کامل ,72,1
صدای فن لپ تاپ حتی تو زمانی که کار زیادی از سیستم کشیده نمیشه آزار دهنده اس  اسپیکرها هم بسیار ضعیفن ,60,2
من این موس رو خریدم نظرات کاربران رو خوندم و این رنگش رو انتخاب کردم پوشش دهی خوبی داره و خیلی سبک روی پوست میشینه از انتخابم راضی هستم ممنون از دیجی ,56,1
حدودا 4 سال هست که دارمش  کارایی عالی هست مزایا رو نوشتم و تکرار نمینویسم  ولی مشکل بزرگ اچ پی این هست که لپتاپ هیچ درایور و ویدوزی نداره و شما بعد از تحویل دستگاه باید دردسر دانلود همه درایورها رو که پیدا کردنشون از توی سایت اچ پی اصلا ساده نیست رو قبول کنین اونهم با یک کامپیوتر دیگه     وزن دستگاه خیلی بالاست و بدرد افرادی مثل برنامه نویسها که توی شرکت و خونه کار میکنن و باید همش در رفت و آمد باشن نمیخوره  یه لپتاپ سبک و کوچیکتر مناسبتره  همین  ,84,1
خوب نیست اگه بخوام از بدی هاش بگم خیلی میشه    ولی هرکی هر چه قدر  پول میده همون قدر  آش میگیره ,40,3
فوق العاده هست ,92,1
این اتو عالیه خیلی خوب اتو میکنه ,92,1
این محصول با توجه به ویژگی های سیستمی خوب در بازار در این تاریخ باقیمت های همین حدود یافت میشد  ممنون از دیجی ,100,1
ب ب کرم های میبلین برای استفادا روزانه عالین ,88,2
اگر دنبال پلی استیشن خوب می گردید   بهتون پیشنهاد میکنم بخرید   عالیه ,72,1
توى مشخصاتش نوشته بود که یک عدد کاور توى بسته خواهد بود که نبود عوضش یه تبدیل HDMI و یه تبدیل LAN توى بسته بود  درضمن من یه کیف خوب هم از دیجى خریدم براش که اون رو هم پیشنهاد میدم  کیف لپ تاپ گارد مدل VB  352 ,92,1
حدود 1 ماهه ک این مدل رو خریداری کردم و واقعا ازش راضی ام ب نظرم برای ی دانشجو انتخاب مناسبیه ب نسبت وزنش  البته اگر کارای مهندسی و بازی های سنگین نداشته باشید باهاش ولی ب نطرم کیبوردش میتونست بهتر بشه چون وقتی ب حالت تبلت تبدیل میشه یکم حس خوب ب ادم نمیده سرعت روشن شدنش بسیار عالیه مثل روشن کردن تی وی رنگ نقره ایش بسیار زیباس تا جایی ک دلم نمیاد روش برچسب بزنم در کل عالیه  ,64,1
ابزار کاربردی و خوبیه ولی برای کارهای خشن خیلی مناسب نیست و نوکش خراب میشه  ,76,1
با سلام و تشکر از دیجی کالا اولین بار بود که از دیجی خرید کردم تلویزیون خوبیه تنها مشکلی که از نظر من داره اینه که صداش خیلی ضعیفه تو تنظیمات هم رفتم ولی تاثیر نداشت نمیدونم مشکلش چیه صدا رو تا 70میبریم تا یکم بشنویم اگه راه حلی داره ممنون میشم راهنمایی کنید ,84,1
متاسفانه از زمانی که دیجی  کالا دامنه کاری خود را گسترده کرده  کیفیت محتوای تولیدی برای محصولات به شدت کاهش یافته است مشخصات دقیق تر این ساعت    دارای سه نوع زنگ  یک زنگ معمولی و دو زنگ با صدای پرندگان    دارای قابلیت کم و زیاد کردن صدای زنگ  دکمه ولوم    دارای چراغ داخلی   دارای قابلیت اسنوز    نیازمند سه باتری قلمی  که در بسته بندی موجود است  ,60,2
بهترین دوربین توی دوربین های کراپ فریم  من که خودم با همین لنز گرفتم و یه لنز 55 تا 250 هم گرفتم  ولی دوستان اگه با لنز 18 تا 135 بگیرن توی حملش راحت ترن  ,100,1
با اینکه قیمتش بالاست ولی به نظرم با توجه به مشخصاتش واقعا می ارزه  ,100,1
از مارک تفال انتظار بیشتری داشتیم کیفیت خیلی پایینی داشت به نحوی که تفلونش کامل از بین رفته و غذا میچسبه بهش اصلا راضی نیستیم ,40,3
عالیه اینو بخرید سراغ هیچ تابه دیگه ای نمیرید شاید فکر کنید قیمتش بالاست اما واقعا ارزش پولی که میدینو بهتون برمیگردونه ,100,1
اصلا نخرید که به شدت پشیمون میشید    ,28,3
یه هدفون بسیار باکیفیت که از تفکیک وکیفیت صداش تعجب میکنین فقط یه مقدار صدای بیسش کمه که میتونین توتنظیمات اکولایزز صدای بم رو تقویت کنبن ,84,1
سلام من یه ساله دارمش واقعا ارزش پولشو داره یه جفت کنوود 780 بهش وصل کردم صداش عالیه  در کل شک نکنید و اگه یه سیستم غیر حرفه ای توپ میخواین برین سراغش  ,88,1
اصلا پیشنهاد نمیکنم بخرین   من خریدم تو شگفت انگیز قابلمه بزرگ و شیرجوش درهاش اصلا کیپ نمیشه اصلا انگاری در ماله قابلمه نیست   ,60,3
واقعا خیلی عالی بیس مقدار صداش همه چیش خوبه ,100,1
وقتی که درخواست فاکتور دادم باهام تماس گرفتن گفتن اگه فاکتور رسمی بخوای باید 2باره ارزش افزوده پرداخت کنید من هم منصرف شدم و فاکتور ساده گرفتم   موندم که چندبار باید ارزش افزوده پرداخت کرد  ,4,3
خریدش مناسب برای گوش دادن به موزیک نیست   ,48,3
چند ماهه که این تبلت رو از دیجی کالا خریدم  اولین بار که به دستم رسید مشکل سوکت شارژر داشت که تعویض کردم  الان بعد چند ماه با اینکه کلی با آرامش میزدمش تو شارژ که خراب نشه بازم همون مشکلو پیدا کرده  اصلا از سامسونگ بعید بود همچین طراحی بدی برای شارژر  الانم کم کم یه سری لکه داره روی صفحه نمایش خودشو نشون میده که احتمالا قبلا کمرنگ بودن و من متوجه نشده بودم  با این روندی که پیش میره تا چند وقت دیگه باید ببرم گارانتی  منظور همون سطل آشغاله چون فک نکنم گارانتیش هم قطعاتشو داشته باشه   من نوت 10 1 2014 سامسونگم رو قبل این خریدم و فک نمیکردم کیفیت ساخت این یکی پایین تر از اون باشه  در کل اگر میخواید پول بدین واسه این  بهتره که یکم بیشتر خرج کنید و سرفیس بخرید  ,48,3
من توشگفت انگیزخریدم  توشگفت انگیزارزش خریدداره فقط دسته هاش کمی بزرگن ولی درکل خوبه عالی نیست  ,60,1
این محصول ساخت ترکیه است و کیفیت قابل قبولی داره  ,72,1
گوشی بسیار باکیفیت بود و مشکلاتی که دوستان اشاره کردند رو نداشت صدای دو طرف واضح بود همه دگمه های گوشی نرم و خوب عمل میکنن به جز دگمه جهت بالا که یکم خشک عمل میکنه نسبت به قیمت دوربین خوبی داره ظاهرش خوبه  ,100,1
با سلام  یه پیشنهاد میکنم بهتون   اگر دیدن محصولی کامنت نداره میتونید برید توی سایت آمازون و نقد و بررسی های کاربران رو بخونید و بعدا تصمیم بگیرید  هدفون خوبیه   هم استایت خوبی داره هم با هر کله ای خوب سِت میشه  صدا و شفافیت خوبی داره  با توجه به قیمتش که من تو شگفت انگیز خریدم 280 واقعا میارزه  من که راضی ام  ,88,1
این محصول در ایران بسیار نو اوری بالا یی داره چون مردم توان خرید تلوزیون 5K رو ندارن ,76,1
نسبت به یخچال های ال جی صدای موتور بیشتری داری   کاش ال جی میگرفتم ,60,2
نظر قبلی خودم رو اصلاح میکنم کارتریج اصلش گیر نمیاد اما میشه براش مخزن یا کارتریج قابل شارژ تهیه کرد ,48,2
از مواد دوم استفاده شده و کابینت بوی گند گرفته مجلور شدم این تخته را دور بیندازام ,36,3
خیلی بازی کردن باهاش حال می ده ,88,1
من این کالا رو حدود دو هفته هست که خریدم  البته در سه سایز  یکی از مواردی که در بدو دیدنش به نظرم اومد این بود زیر قابلمه آرم  مید این فرانس  خیلی تمیز چاپ نشده بود و ضمنا وسط هم نبود  که این مورد باعث شد فکر کنم شاید فرانسوی اصل نباشه  دوم اینکه بعد از اولین بار استفاده متوجه شدم چند تا نقطه از داخل در قابلمه دچار زنگ زده گی شده  و نکته سوم اینکه موقع باز کردن در قابلمه وقتی روی شعله گاز هست باید خیلی دقت کرد  چون مقداری از بخار داخل بخش وسطی در میماند که موقع حرکت دادن روی دست میریزه  و بار اول دست من رو کمی سوزوند  یه مورد دیگه هم اینکه اون بخش در که قرار باعث جلوگیری از بیرون رفتن بخار بشه توی هر قابلمه یه مقدار متفاوتی سفتی داشت و خیلی هم جلوی عبور بخار رو نمیگرفت  ,64,2
مخلوط کن خیلی عالی و زیبا و با کیفیت هست فقط آسیاب و اسموتی تو عکس هست اما همراه مخلوط کن نبود لطفا عکس درستی بزارین ,84,2
سلام  خسته نباشید  مدل های مناسب برش فلز هم موجود کنید  ممنون ,20,3
اولین بار نیست که از دیجی لوازم آرایش سفارش میدم  واقعا که تا حالا هر چی سفارش دادم عالی بوده و اصل  این پن کیک هم رنگشو شانسی انتخاب کردم و میتونم بگم واقعا شبیه به رنگ طبیعی پوست هست  تقریبا پوست نه خیلی سفید نه سبزه  ماندگاری خوبی هم داره ,80,2
پیشنهاد میشه و ارزش خرید داره و مقرون بصرفه است یکبار هم شده امتحان کنید  ,100,1
بنظرم بهترین تلوزیون با امکانات مناسبیه که با این قیمت کم میشه خرید  نسبت به قیمش مناسبه  ,88,1
عالی و سبک با پوشانندگی منافذ پوست ,76,1
من حدودا دو ماهه که این لپ تاپو خریدم برای من که کارهای انیمیشن و طراحی گرافیک میکنم خیلی عالیه  نکته بسیار جالب مکینتاش و این لپ تاپ تعامل سخت افزاریو نرم افزاری بسیار خوب با نرم افزارای ادوبی مانند فوتوشاپو ایلاستریتوره که به محض ران شدن سیستم این  نرم افزار ها در همون لحظه ران میشن و سرعت بسایر بالاتری نسبت به ویندوز ارایه میدن  تاچ بار کاملا با فوتوشاپ هماهنگه و ازش میشه به خوبی کمک گرفت  عملکرد باتری نسبتا خوبه  تنها ایرادی که میتونم به این لپ تاپ بگیرم حافظه هارد اونه که بسیار پایینه و سریعا پر میشه  من این محصولو به کسانی که کارای گرافیکی میکنن و عاشق اپلم هستن حتما پیشنهاد میکنم   ,88,1
دیجی جون چرا تو ارسال بد قول شدی   یکشنبه کجا سه شنبه کجا  هنوز ارسال نشده برام   از خرید خودم رضایت دارم چون از دوستانم که خریده بودن سوال کردم ایشون تایید کردن امیدوارم فقط زودتر بدستم برسه  ,60,1
یه تلویزیون تمام عیاره چند ماهه از دیجی خریدم و خیلی راضیم ,68,1
عالیه خیلی دوسش دارم قیمتش یه کم زیاده ولی به نظر من ارزششو داره  اندازه ش خیلی خوبه مخصوصا برای کسانی که  بچه شون تازه غذاخور شده ,100,1
واقعا یک کولر عالی که اصلا مصرف برق زیادی ندارد    ,96,1
سلام  من این دستگاه رو دوماه پیش خریدم  از همه لحاظ عالیه فقط امکانات دی جی که خودش هم تبلیغ میکنه   ضعیفه همچنین از لحاظ نرم افزاری ضعیف عمل شده یعنی وقتی میخای یک افکت صوتی و یا مشابه اون رو در حین پخش آهنگ اعمال کنه یه وقفه در آهنگ ایجاد میکنه   حدود یک ثانیه  در حالیکه در سیستم های مشابه  مانند ال جی بهتر عمل شده از نکات خیلی مثبتش   امکان قطع کردن کامل ساب ووفرها در مواقعی که مهمونی نیست و میخای به آهنگ با صدای ملایم گوش بدی از لحاظ بلوتوث با بعضی گوشیها سازگار نیست همچنین روشن کردن دستگاه با بلوتوث گوشی امکان پذیر هست کیفیت درایو نوری دستگاه خیلی خوبه  در ضمن در قسمت مشخصات فنی دیجی کالا   بعضی موارد به اشتباه درج شده مثل عدم امکان وصل میکروفون که امکانش هست در کل اگه بخواییم جمع بندی بکنیم بجز برخی ضعفهای نرم افزاری  از همه دستگاههای مشابه در بازار یک سرو گردن بالاتره   ,92,1
ضمنا اینجانب از شرکت دیجی کالا تشکر میکنم که همچنین فرصتی را فراهم نموده که همه مردم با اطمینان کامل بتوانند بدون هیچگونه نگرانی نسبت به خرید کالاهای مورد نیاز اقدام کنند ,100,2
من مارک تفالو خیلی دوست دارم تفلونش از کیفیت خوبی برخورداره البته من فقط از قاشق سیلیکونی استقاده میکنم و این سایزش برای یه خانواده سه نفره عالیه در ضمن خوش دست و خوش فرم هم هست از دیجی کالا هم ممنونم بابت بسته بندی بسیار مناسب و تحویل به موقه ,60,1
عالیه همه کارامو راه میندازه ,92,1
در مجموع گریل خوبیه  فقط از یک نظر خیلی مطمئن نیستم  اونم اینه که سینی جدا نمیشه و برای شستشو باید کل دستگاه رو بشویید و قبلش باید ترموستات و سیم برق رو از دستگاه جدا کنید  اینکه آب به المنت ها برخورد میکنه و به مرور چه اتفاقاتی ممکنه بیافته کمی ریسک داره  اگه سینی جدا میشد خیلی بهتر بود  اما از لحاظ کارکرد و دما بد نیست و خیلی سریع داغ میشه و ترموستات بعد اینکه خوب گرم کرد به فواصل کم برق رو قطع میکنه بدون اینکه دما تغییر محسوسی کنه ,0,2
سلام چند ماهی هست کالا رو خریدم استفاده ازش خیلی راحته فقط کافیه قطعات رو درست جا زد   بسیار شکیل و زیبا که بدون شک هر کس میبینه از شیک بودن ظاهرش به وجد میاد   مزیت خیلی خوب اینه که چرخ گوشت هم داره و از اونجایی که به ندرت از چرخ گوشت استفاده میکنم جاگیری اضافه ای نداره و واقعا هم تیز هست   خمیر زن عالی برا تهیه کیک همزن عالی ظرف مناسب ماشین و هر چیزی که بخوام از یک ماشین آشپزخونه انتظار داشته باشم حتی بیشتر هم داره  از همه بهتر اصل بودن و گارانتی خوبی هست که دیجی کالا ارائه میده  سیستم جم کن خودکار سیم خیلی نقطه قوتی هست که سیم بیرون از محصول نیست و نمای اونو خراب نمیکنه و آسیب هم نمیبینه   کار کردن با این دستگاه لذت بخشه و کم صدا هست پیشنهاد خریدشو حتما میکنم  نظرتومهمه ,100,1
عالی است خوشم آمد ,12,3
دوستان عزیزی که میگن فقط به یک دیوایس کانکت میشه باید بگم که اینطور نیست وقتی بلوتوث دستگاه به صورت خودکار روشن شد بلوتوث رو خاموش کنید سپس دوباره روشنش کنید وقتی روشن شد دستتون رو از روش برندارید و همچنان نگه دارید دکمشو  بعد از سه تا پنج ثانیه از روشن شدن بلوتوث چراغش به رنگ نارنجی و آبی در میاد  اون موقع میتونید دستگاه دیگه ای رو بهش وصل کنید ,68,2
کم صدا و زیبا  هنوز استفاده نکردم ولی حس خوبی بهش دارم ,60,1
حدودا چهار ماهه دارمش و خیلی از خریدم راضی هستم  من دنبال یک جاروی کوچیک بودم که قدرتش خوب باشه و این جارو دقیقا چیزی بود که نیاز داشتم  صداش برای جاروبرقی قابل تحمله بهرحال نمیشه توقع بیصدا بودن داشت  اونهم برای جاروبرقی   مکشش بسیار خوبه  جنس اتصالاتش هم به نظر من معمولیه نه خیلی عالی و نه افتضاح  با توجه به قیمت اتصالاتش بی کیفیت نیستند  اما برس مویی که معمولا برای تمام جاروبرقی ها جز اقلام جنبی هست رو نداره  شاید هم مال من نداشت  ضمن اینکه متاسفانه محفظه ای برای نگه داشتن سری ها نداره   ,76,1
کلا چیز خوبیه برای کار های اداری برای کار های دیگه لپ تاپ های ASUA رو پیش نهاد میکنم   ,56,1
سلام به همگی از نظر کیفیت صدا و سبکی واقعا خوبه نسبت به قیمتش  البته من استفاده ی حرفه ای ندارم از هدفون  واسه استفاده شخصی راضی ام ازش تا شدن و کیفش هم خوبه واسه حمل در کیف ,72,1
با عرض سلام خدمت دوستان عزیز معایب و نقات قوت رو بالا بیان کردم تنها چیزیکه باقی مونده حافظه 32 گیگابایتی اون هستش که بسته به کارایی فر موردنظر تهیه میشه برای من نسخه 32 گیگابایتی  مناسب بود و کارم رو راه میندازه از این 32 گیگ حدودا 22گیگ در اختیار کاربر هستش بعد از گذشت یکسال برای بهبود حافظه و استفاده کمتر شارژ گوشی خودم رفتم یه مودم TP Link 7350 خریدم هم اینترنت 4G در اختیارم قرار میده هم اینکه حافظه رم میخوره و میتونین حافظه رو به اشتراک بگذارین من با یک مودم هم به اینترنت متصل شدم هم 32گیگابات دیگه حافظه به آیپدم اضافه شد به همین راحتی ,100,1
بسیار شیک و با کیفیت   از خرید تان راضی خواهی بود  ,60,1
کرم خوبیه ماات و بدون چربی اما پوشش دهیش کمه من اونو با کرم ارایشی دیگ مخلوط کردم زدم راضی بودم فک کنم شماره 21برا پوستای روشن و معمولی خوب باشه ,60,1
من دو سال هست که از این دستگاه اضافه می کنم واقعا راضی هستم تصویر مناسب و گیرنده دیجیتال قوی از نقاط مثبت این دستگاه هست در برابر پولی که پرداخت میشه گزینه بسیار مناسبی هست سونی با همین امکانات بالای 4 تومان باید هزینه کرد که خب البته سونی چیز دیگری است صدا نقطه ضعف این دستگاه هست که با یک سیستم صوتی مناسب حل میشه البته اگر سالن بزرگی ندارید فکر نکنم صدا هم مشکل باشه  در کل پیشنهاد مناسبی هست ولی اگر تولید بشه ,84,1
تکنولوژی رو به پیشرفت به نظر من خیلی کیس خوبی  شک نکنیدبرای خریدش ,96,1
خیلی عالی و کار امد و نسبت به قیمت واقعا می ارزه ,92,1
سلام  به نظر من محصول خوبی هست با توجه به قیمتش امکانات خوبی داره  4 نوع ته دیگ و گرم نگه دار که خیلی هم کاربرد داره  استفاده از این محصول خیلی آسون هست و همه ی توضیحات داخل دفترچه نوشته شده و چندتا سوال هم داشتم که به خدمات پس از فروش پارس خزر تماس گرفتم و به خوبی پاسخ گرفتم  ,76,1
شرکت گارانتی کننده کاملا نامعتبر است اصلا پاسخگو نیستن و با بهانه های متفاوت به شما خدمات نمیدهد   طبق تحقیقی که کردم چند مورد دیگه هم شنیدم با این شرکت ایران رهجو گستر مشکل خوردن   به نظر من گارانتی معتبر مثه سازگار  بگیرین همین دستگاه رو   و گول 2 سال گارانتی افتضاح این شرکتو نخورین  با تشکر از دیجی کالا   ,60,1
برای کسایی خوبه که هیچ لک پوستی ندارن   ولی برای مصرف روزانه خوبه   دیگه پوست آسیب نمیبینه ,60,1
نسبت ب قیمتش حرف نداره ,88,1
کیفیت ساخت بالایی داره تفکیک صداش خیلی خوبه اگر توقع بیس زیاد دارید  توقع شما رو برآورده نمی کنه ,84,2
یه شیش ماهی هست از دیجی کالا خریدم واقعا همه چیش جز صفحه نمایش عالیه تو این قیمت پیشنهاد می کنم بخرید پشیمون نمی شید ,72,1
قابل توجه برخی از دوستان که درمورد ایراد درجه تب گفته بودن  درجه تب رو خاموش زیر زبان بگذارید و بعد کلید روشن دستگاه رو بزنید تا درجه گرمای فعلی بدن رو نشون بده   ,60,1
من آنلاین بازی می کنم  ولی با لپ تاپ قدیمی خودم پینگ بهتری گیرم می یاد  اصلا از این لپ تاپ توقع این قدر لگ نداشتم  هر کی این مشکل داره بنویسه تا استفاده کنیم  ویندوز من 10  آنتی ویروس هم بیت دیفندر  ,76,2
امروز به دستم رسید ممون از دیجی کالا از لحاظ طراحی یا یک نگاه اول راضی ام کرد مخصوصااا کفی که از کیفیت ساخت بالایی برخورداره از لحاظ کارایی هم می تونم از 10 نمره 8 5 رو بهش بدم  و در کل راصی هستم  ,80,1
من باهاش لیمو ترش هم آب می گیرم ,84,1
من یکی خریدم  برای بردارم و خیلی بهتر از چیزی که فکر میکردم از آب درومد   الان منتظرم که یا شگفت انگیز بشه یا حداقل سفیدش موجود بشه  به محض موجود شدن رنگ سفید میخرمش ,60,1
درسته قیمتش بالاست اما خدایش ارزششو داشت رنگش فوق العاده بود خیلی باریکه خیلی سبکه در کل از لحظ ظاهری حرف نداره کیفیت صفحه نمایش هم محشره از هر زاویه ای عالیه  از لحاظ نرم افزاری هم دیگ در حد i5 هستش اما به لطف حافظهssd خیلی سریعه ,88,1
قابلیت تعقیبش خیلی خوبه ولی کیفیتش خیلی نا امید کنندست  کره ای ها هنوز محصولاتشون به کیفیت محولات آمریکا  اروپای غربی و ژاپن نمیرسه اما از چینی ها بهترن  من این جارو برقی رو از دیجی کالا گرفتم اما بعد از کمتر از یکماه سیم جمع کنش خراب شد  بردم نمایندگی وقتی بازش کرد خودم از متریال مکانیزم سیم جمع کنش تعجب کردم خیلی ضعیف بود عین کاردستی بچه ها  صداشم یکم زیاده که بخاطر سطلی بودنشه  ,40,3
من وقتی این ایرباد به لپ تاپ ایسوس x540s وصل میکنم و با نرم افزار حرفه ای foobar 2000 آهنگها را پخش میکنم   صدای گرم و شفافی بهم میده و نهایت قدرت این ایرباد نشون میده  ,100,1
من تو شگفت انگیز خریدم  با توجه به قیمت شگفت انگیز و مقایسه با قیمت بازار خیلی مناسب بود از لحاظ قیمت  یکی دو بار ازش استفاده کردم قدرت خوب  صدای کم وسبک بودن از ویژگی های مثبتش هست  اما نداشتن کیف حمل دریل از نکات منفیش هست که فک میکنم جز لوازمات دریله و بدون اون نگه داری و حملش مشکله  دریل ساخت مالزیه ولی کیفیت ظاهری خوب و قابل قبولی داره  راجه به دوامش هم که فعلن نمیتونم نظری بدم  ,80,1
لطفا موجود کن دیجی ,96,1
من این تلویزیون رو از نمایندگی سامسونگ در جمهوری تهیه کردم البته 40اینچشو من خریدم و کاملا راضی هستم صفحه 40 اینچه ولی انگار 42 اینچه و این بخاطر اینه دوره های تلویزیون خیلی باریک و شیک طراحی شده و کیفیت تصویر کاملا شفاف و HDهستش فقط یه خورده قابلیت هاش کمه مثلا دورببنو این چیزا نداره که برا من این چیزا مهم نیس حتما پیشنهاد میکنم اگه دنبال تلویزیونید این مدلو بخرید پشیمون نمیشید ,100,1
سلام سه ماهی میشه که این تی وی رو خریدم ازش راضیم دو بار هم براش آپدیت اومده سرعت روشن شدنش فوق العادس ولی وقتی که سیم برقشو میکشی  دیگه تو روشن شدنش سرعت نداره  پیشنهادم به شما 7920 هست  ولی اگه پولتون در همین حده  این تلوزیون بهترین انتخابه باتشکر از دیجی جون ,48,2
وضوح تصویر بالایی داره و تصویر روشن با رنگهای واقعی و طبیعی  ,88,1
امروز به دستم رسید در یک بسته بندی شیک و پر شده با کیسه های هوا  مرسی از دیجی کالا  واقعا خیلی قشنگه نصب کردم روی پژو 206 خیلیخوب با ضبط فابریک ست شد  صدای عالی بیس خوب و  محشره ,100,1
واقعا معرکه هست  واقعا به جای ساب عمل میکنه  فقط یه مشکلی بود که من داشتم  سیم کشی من خراب بود و نویز داشت و باعث شد بوبین بلند گو ها خراب شه  که دادم تعمیر کردن  در کل بخرید پشیمان نمیشید ,84,1
دوستان این لپ تاپ بهترینه من یکساله دارم هیچوقت آخ نگفته  به نظرات منفی درمورد لپ تاپ توجه نکنید الکیه  ,100,1
پاکت این جارو وقتی نسبتا پر میشه به در مخزن فشار میاره و باعث میشه گرد و خاک بزنه بیرون  بهتره مرتب خالیش کنید  ,76,2
واقعا از هر لحاظ عالی و کارا من از دیچی کالا خریدم خیلی راضیم ,60,1
خوبه  تیغش تیزه  کار آدم تر و تمیز انجام میشه  بنظر من که خوبه  ,0,1
سرجمع برای وبگردی تماشای فیلم و مثارف عادی عالیه و شاید تو بعضی بازیا و یا کاراهای سنگین نتونه راضی کننده باشه  ,80,1
این تلویزیون رو از نمایندگی گرفتم  اما برای دوستانی که میخوان اینو بخرن  به نسبت قیمت واقعن فوق العاده س  مخصوصن برای من که حتمن میخواستم تلویزیونم هوشمند نباشه تقریبن همه امکانات ممکن رو داره  کیفیت تصویر واقعن خوبه  کیفیت سه بعدی هم به همچنین  با اینکه طبقه اولم و آنتنی که استفاده می کنم از این آنتن های آهنربایی پشت پنجره س  کلن 10 سانته   تمام شبکه ها رو دریافت میکنه  و اما صدای نسبتن ضعیفی داره  مخصوصن توی فیلمایی که از روی هارد اجرا میکنتم واقعن صدای ضعیفی داره  مشکل دیگه هم این بود که قابش تکرنگ و خاکستریه  دوست داشتم قابش مشکی میبود  ولی خب همین یک رنگ رو داره کلن  یک مقدار  نگران انطباق تصویرش توی حالت بازی بودم که خب با ایکس وان هم چک کردم اصلن مشکل پرش تصویر و اینها هم نداره  حتا توی بازی های 60fps اصلن پرش یا عدم انطباق دیده نمیشه  ,100,1
خیلی شیک و قشنگه واسه گرم کردن نون سنگک یا هر نون ایرانی دیگه واقعا کاربردیه چون شیارش بزرگه به راحتی یه تیکه نون بزرگ توش جا میشه ,60,1
درایو نوری براحتی تکان می خورد و بسیار سبک و لغ است  حافظه ssd بسیار کند است   به طوری که موقع بالا آمدن لپ تاب دو تا سه دقیقه طول می کشد تا بتوان از لپ تاب استفاده مفید کرد ,80,1
پوشش خوبی داره و کاملا سبک هست عطر خاص یا تندی هم نداره اما به تنهایی زیر نور آفتاب پوست رو ایمن نگه نمی داره برای مصرف روزانه خوبه ,72,1
محصول خوبیه   نقد این محصول رو از نقاط قوت و ضعف حتما بخونید  ,64,1
من از خرید راضی هستم  ,100,1
یه ماهه دارمش  به اندروید و کامپیوتر هم وصل میشه  با بلوتوث به کامپیوتر با ویندوز 10 راحت متصل میشه برا ویندوز 8 و 7 باید با کابل متصل بشی انالوگ و کلیداش بسیار نرم و روان کار میکنن دسته xbox طراحیش بهتر از ps هس چون ارگونومی بیشتر رعایت شده تو خریدش شک نکنین  ,88,1
بنظر من عالی است بازی هارو بسیار عالی و باکیفیت میاره  کیبرد بسیار عالی داره سبک و زیبا  ,84,1
خیلی راضیم ,60,1
این کالارو سفارش دادم ولی وقتی رسید دیدم انقدر براش پرداخت کردم خیلی تو ذوقم خورد چون فکرمیکردم ابعادش خیلی بزرگتر باشه کاش دیجی درمورد ابعادشم مینوشت کارایی خاصی ازش ندیدم از خریدش خیلی راضی نیستم ولی اگه کسی به صورت حرفه ای ارایش میکنه شاید بدردش بخوره ,48,2
من تا الان ده ها هندزفری خریدم و خراب شدن این هندزفری رو من دو سال پیش خریدم  از همین دیجی کالا  یعنی میتونم بگم بهترییییییییین هندزفری عمرم بود تا همین الان دارم ازش استفاده میکنم بعد از کلی مسافرت و این ور و اون ور  فصل های مختلف سرما گرما  حتی افتادنش توی آب فقط یکی از گوشی هاش بعد دوسال     تازه دو سه هفته پیش خراب شد یعنی واقعا بهترینه ای کاش بازم دیجی کالا ازش بیاره  هرچی از خوبیش بگم کم گفتم تازه توی گوش هم خوب قرار میگیره که نمیوفته همش  و اصلا مزاحمت ایجاد نمیکنه  به نظرم هیییییچ مشکلی نمیتونم براش پیدا کنم  عالی عالی عالی ,92,1
بنده چندتا هدفون و ایرفون متوسط دارم که این مدل از همشون ارزونتر بود و من دوتاشو خریدم ک یکیش رو هدیه دادم وحسابی روشون باز نکرده بودم بخاطر ظاهرش ک بنظر بدرد نخور بود که بعد از اینکه یکروز اتفاقی ازش استفاده کردم و عاشقش شدم سیمهاش ظریفه و شاید حس کیفیت بالا رو القا نکنه اما کیفیت صدا و بیسی ک داره اجازه فکر کردن به نقایصش رو نمیده اگه موجود بشه بازم دوتاشو میخرم ولی اینبار واسه خودم نگه میدارم دوتاشو ,68,1
آیا یواس بی 3لپ تاب آبیه یا سیاه برای من که سیاه است ولی در کل از 100بهش100می دم عالی وتوپ ,88,1
کیفیت صدای این هدفون بسیار بالاست و تفکیک صدای فوق العاده ای داره فقط باید دستگاهی که ازش استفاده میکنید بتونه ظرفیت واقعی این هدفون رو نشون بده  کیفیت ساختم واقعا کم نظیره ,88,1
بهترین انتخاب ,60,1
دیجی جون صفحه سنگ 115 میلیمتر با ضخامت 1 میلیمتر موجود کن برا برش مناسب تر و کیفیت بهتری دارن  این نمونه  بیشتر برا برش اجسام با ضخامت زیاد مناسب هست برا برش پروفیل مناسب نیست   یک نکته مهم موقع برش کاری از وارد آوردن فشار رو فرز خوداری کنید وزن خود فرز کافی هست  وارد آوردن فشار باعث گیر کردن صفحه و شکستن صفحه و آسیب رسیدن به خود و دستگاه میشه  سعی کنید جهت دوران صفحه با قطعه بر خلاف هم باشه تا قطعه به طرف صفحه کشیده نشه  درضمن این صفحه برش هست هرگز برا ساب ازش استفاده نکنید ,72,1
سلام این پرینتر به هیچ عنوان روی ویندوز 7 نصب نمی شود  هر ترفندی که بود را امتحان کردم ولی نصب نشد  متاسفانه در قسمت مشخصات درون سایت سازگاری با ویندوز 7 ذکر شده است که این مطلب صحت ندارد  حتی روی دفترچه پرینتر فقط  سازگار با ویندوز 8 و ویندوز 10 را ذکر کرده است  بنابراین به این نکته توجه داشته باشید  ضمنا نداشتن وای فای نیز یکی از نقاط ضعف پرینتر به حساب می آید  ,56,2
خیلی کرم پودر خوبیه و برای منی که پوستم مختلطه و رنگ گندمی روشن داره میشه گف یه گمشده ایه که تازه پیداش کردم اما  اما چون در اخبار 20 30 خودم دیدم که برند لورآل هم جزو برندهای ممنوعه فرانسه اعلام شده خیلی دپرس شدم و برخلاف رضایته بسیار زیادم مجدد تهیه اش نمیکنم  سلامتی در اولویته  برند بورژوآ هم کیفیت خوبی داره و اخبار هم جزو لیست ممنوعه اعلام نکرده  دفعه ی بعد اون رو میگیرم  ,96,1
عالی نسبت به قیمت لپ تاب خوبی است حدود یکماه پیش از دیجی کالا  خریدم و از خریدم راضی هستم  بدنه آن از نظر استحکام خوب است  بعنوان یک لپ تاب میان رده  لپ تاب خوبی است خرید آن را پیشنهاد میکنم ولی در دیجی کالا متاسفانه ناموجود است ,60,1
من 1سال دارمش واقعا عالیه ,100,1
سلام دوستان پیشنهاد میکنم قبل از خرید هر مدل تلوزیون حتما از نزدیک کیفیت ساخت و تصویر شون خودتون مقایسه کنید من قبل از خرید این تلوزیون میخواستم  مدل پایینتر  سری7یا 8 با بررسی از طریق اینترنتی بخرم  ولی با دیدن تصویر سری کوانتوم دات  حتی با قیمت بالا   تصمیمم عوض شد چون از لحاظ تصویر قابل مقایسه نبودن  ضمنا hdr1500  توی بازیHORIZON با ps4 می فهمی یعنی چی   من این تلوزیون و سری  LG oled  رو پیشنهاد میکنم   ,88,1
اولا تشکر میکنم از دیجیکالا بابت بسته بندی عالی و شیک این لبتابو از دیجی پریروز تحویل گرفتم که خیلی سبک و در عین حال شکیل و امروزی هست فقط پشت لبتاب یه تکه هست و باطری قابل تعویض نداره و باطریش داخلی هست در کل با توجه به قیمت و مشخصات فنیش خوبه و از خریدم راضی هستم ,88,2
کیفییت خوبی داره ,76,1
من این محصول رو از دیجی کالا با گارانتی اصالت و سلامت فیزیکی کالا خریدم  مثل پر قو هم ازش مراقبت کردم اما الان تقریبا 2 ماه نشده که دکمه هاش خراب شده هم دکمه پاسخگویی تماس و هم دکمه روشن و خاموش شدن در کمال تعجب ,60,3
سیستم خوب و جمع و جوری هست  فقط دقت کنید اگر صدای خیلی شفاف می خواهید و در محل استفاده از دستگاهایی استفاده می کنید که روی باند 2 4 کار می کنند   بهتره از قابلیت بیسیم جهت انتقال صدا بین Smart TV و Soundbar استفاده نکنید  بنده با Optical Cable صدا رو منتقل کردم که به دلیل عدم وجود مس  کمترین افت کیفیت رو داشته باشم و واقعا صدا عالی شد  صدای WOOFER هم اینقدر که می گن ضعیف نیست  استاندارد و هماهنگ شده با توان خروجی speaker ها هست  اگر می خواهید حداکثر قدرت  woofer رو ببینید SW رو روی  6 تنظیم کنید  قیمت دیجی کالا از نمایندگی پایین تر بود در کل خوب و مدن هست  ,76,1
من اینو خریدم از دیجی خیلیم خوب ولی الان دنبال امپ هدفون میگردم ولی واسه ی این هدفون خیلی قیمت بالا میدن سایت ها   از دیجی میخوام امپ هدفون woo audio wa6 و wa7 رو موجود کنه لطفا ,60,1
اتوی خوبیه  پیشنهاد به خرید دارم  ولی پارس خزر هم خوبه ,88,1
بسیار عالی 3 تا از این پنکه برای خودم و اقوام خریداری کردم  بسیار بسیار کاربردی و عالی  ممنون از پارس خزر و دیجیکالا ,100,1
محصولی بی کیفیت و بسیار ابتدایی  بعد از مدتی کتری نشتی پیدا کرد  کلیدها اونقدر داغ میشن که نمیشه بدون دستگیره خاموشش کرد   ,16,2
من این هدفون رو خریداری کردم بعد از حدودا یک ماه با یک مشکل عجیب قریب رو به رو شدم اونم این بود که قفل هایی که بقل هدفون هست شکسته بود و گوشی های هدفون اصلا نمیتونست روی گوش ثابت بمونه      بعد از یک ماه کلا فرم هدفون عوض شد و دیگه قابل استفاده نبود   ,32,3
جای زیاد برای سرمته های متنوع  برای همه کارهایی که مختلف هستند برای خرده کاری های بیرون ولی نه مداوم   ,32,3
خیلی خوب و به درد بخوره و اندازشم عالیه ,100,1
الان که دارم محصولات ایسوس میبینم واقعا هیچ کدومشون دیگه به پای این مدل از ایسوس نمیرسن واقعا سری N یه چیز دیگه بودن خیلی خوشحالم که یکیشو از دیجی کالا خریدم واقعا ممنونم ,100,1
من از سال 2006 گوشی واکمن سونی داشتم تا الان و این مدلم رو تست کردم و حرفه ای اپرا و سمفونی گوش میدم راک و گاها کانتری هم گوش میدم  و از طریق یکی از دوستام یک هفته تستش کردم اما چون به هیچ سایتی جز دیجی کالا اعتماد ندارم و به دلیل مشکلات کاریم نمیتونم شهرستان رو ترک کنم و قصد خرید این محصول رو کنم  لطفا موجود کنید  کل ساعات کاریم موزیک گوش میدم  سپاس گذارم ,100,1
حدود دو هفته است که خریدم  از اینکه یه لپ تاپ با سرعت و ظرفیت خوب رو همزمان با یه تبلت 13 اینچی دارم  کاملا   راضیم  نرم افزار های مرتبط با کار م مثل اتوکد  2015  و فتوشاپ رو به راحتی جواب میده  ویندوز 10 رو هم که راحت بالا میاره  واقعا   به قیمتش می ارزه  به نسبت کارایی  وزن زیادی هم نداره  ,76,1
ابعاد ظرف بزرگتر از ظرف میوه معمولی است و طراحی زیبایی دارد و مقدار زیادی میوه را در خود جای میدهد  اما متاسفانه پایه پلاستیکی که در توضیحات گفته شده ندارد و ظرف حالت تعادل خوبی ندارد  از نظر کیفیت هم به صافی و براقی عکس نیست و چیزی که به دستم رسید دوتا لکه بزرگ سیاه گوشه اش بود  به راحتی خط و خش می افتد و هنگام استفاده خیلی باید احتیاط کنید  درضمن این  کالا ساخت چین هست  ,36,3
سلام من این اتو رو خریدم از قیمت بیرون ارزون تر بود و بنظرم ی اتوی میان رده خوبیه راضی کنندس ,0,1
عالیه شک نکنید من اینو از بازار خریدم وخیلی هم راضی هستم موتورش کم صدا قدرت بالا  من نقطه ضعفی ازش ندیدم  ,68,2
مته ها از جنس خیلی ضعیف و سستی درست شده اند فقط مته ای که برای چوب هست شاید بکار بیاید اما مته سوراخکاری فلز و بخصوص دیوار و بتن خیلی مسخره است که فکر نکنم پنیر را بتونه سوراخ کنه نمیدونم چرا شرکت سازنده هیچ کنترلی رو اجناسش نمیکنه ,24,2
بسیار خوب و عالی دوساله که دارمش و ازش استفاده میکنم اصلا آخ نگفته   واسه تغذیه بعد از بدنسازی استفاده میکنم خیلی مناسبه   در مقابل برند های خارجی چیزی کم نداره ,60,1
اگر به دنبال بهترین هندزفری تا 300 هزار تومن  هستین  تو خرید این شک نکنید ,88,1
دو سال پیش این ایرفون رو از همینجا با همین قیمت گرفتم   و اگر بگید بعد دو سال ذره ای پشیمونم میگم نه  صدای عالیش کوچکترین افتی نداشته  سیمش مشکلی پیدا نکرده  بسیار راضیم  صدای شفاف و یکدستی بهتون میده به همراه یکم بیس اضافه ولی نه اونقدر که اذیتتون کنه   قدرت صدا بسیار بالاس به طوری که با این صدای گوشیم 10 اه ولی با بقیه هدفونا و ایرفونا صدارو باید نا ته زیاد کنم  پلیرم الان s7 edge ولی قبلا s3 بود که باهردو عملکردش عالی بود  ,84,1
فوق العاده اس ما با تونر اولیه 5000 صفحه چاپ زدیم  ,80,1
حتما بخرید پیشنهاد میکنم عالیه  ,80,1
سلام دوستان  تقریبا 10روز هست دستم رسیده  کامنت قبلیمو کاملا تایید میکنم بازم میگم نظرم تو این رنج قیمته نه لپ تاپای قویتر با قیمت گرونتر  صفحه نمایش همونجور بود که انتظار میرفت زاویه دید محدود کیفیت متوسط سرعت کاریش خوبه صفحه کلید هم همونجور که دوستان گفته بودن وقته تایپ یه مقدار میره پاین اینم بگم که اگه تایپیست هستید لبه جلو دستگاه حتما مچتونو اذیت میکنه چون تیزه رنگش قشنگه از اونی که فکر میکردم بهتره و اینکه یه جا خوندم نقره ای داره در صورتی که سایت سازندش چیزی از نقره ای نگفته بود  از دیجی کالا هم ممنونم  1روزه دستم رسید  ,72,1
من پوست حساسی دارم و اکثر برندها موجب خارش و یا التهاب پوستم میشود  ولی این برند باعث ایجاد عارضه ای نشد    طیف رنگ متفاوت و روشنش برای پوستهای روشن به خصوص قشنگ است و روی پوست به صورت طبیعی جلوه میکند  ,80,2
لوازم خیلی بدرد خوری است ولی این نه بدلیل اینکه مثل لوازم فابریک خود کارواش بلک اندر چفت نمیشه و خیلی شله باید کاغذی و یا چیز دیگری بین چفتشان گذاشت بالاخره اینکه از قسمت چفت و قفل خیلی ضعیفه ,60,2
با فاصله کمتر از یه هفته  دو دستگاه از این جارو رو خریدم بنظرم با توجه به کارآیی  قیمت و امکاناتش بهترین جاروبرقی در دسترس تو بازار ایرانه تنها ضعفش  همون طور که بیشتر دوستان گفتن  کیفیت پایین قطعات بدنه اس  و اگه برای داشتن جارویی که درب سری های اضافه روی بدنه اش لق و پق باشه  یا احیانا جدا شده باشه مشکلی ندارین  بهترین گزینه اس   این قطعات بسادگی قابل تهیه است و  تاثیری هم رو کارآیی دستگاه ندارد من اینو از یه تعمیرکار کاردرست شنیدم  و با اینکه میخواستم حدود دوملیون هزینه کنم بهش اعتماد کردم  و الان ازش ممنونم این مدل  غیر از مدل 2500 وات  تنها مدل پارس خزره که کنترل رو دسته جارو داره حیفه که با وجود چنین جارویی پول برند و مارک بدیم  و البته در کنار تشکر از پارس خزر برای ارائه این جارو  باید از بی توجهیشون به نظرات تعداد زیادی مصرف کننده برای بهبود کیفیت بدنه انتقاد کنم  اونم با آگاهی از تاثیر این بهبود روی قیمت تموم شده و رقابت پذیری جارو   ,84,1
این محصول بسیار عالی و با کیفیت هست  ,100,1
من این تبلت رو برای همسرم تهیه کردم برای وب گردی که نیاز عمده همسرم هست بسیار مناسبه    ,72,2
اول از همه خوشحالم که بالاخره نسخه های 128 گیگابایتی برای فروش قرار گرفت چون همیشه من با حافظه گوشی های اندرویدی مشکل داشتم  گوشی قبلی من s7 بود و بعد از 2 سال استفاده که بسیار هم راضی بودم به دلیل تغییرات مثبتی که در گوشی های سامسونگ ایجاد شد تصمیم گرفتم گوشی رو عوض کنم این گوشی واقعا زیباست و طراحی منحصر به فردی داره  زمانی که گوشی رو در دست میگیرید بسیار خودش دست هست و حس خیلی خوبی داره تنها دلیلی که نسخه پلاس رو انتخاب نکردم بزرگی بیش از حد و وزن گوشی بود ولی این نسخه از نظر اندازه فوق العادست کیفیت و بلندی صدای  اسپیکر  ها عالی هست  زمانی که با گوشی قبلی خودم تست کردم واقعا تفاوت زیادی حس میشد  همچنین با گوشی HTC U11 هم مقایسه کردم و باز هم بلندی صدای اس 9 بیشتر بود اما از نظر کیفیت شاید کمی u11 بهتر بود  نگرانی من جای سنسور اثر انگشت بود چون با اس8 که کار کرده بودم اصلا جای مناسبی نداشت ولی این مشکل با تغییر جای سنسور بنظرم کاملا حل شده و سرعت سنسور هم عالی هست و با وجود Intelligent scan که ترکیب سنسور عنبیه و تشخیص چهره هست خیلی نیازی به اثر انگشت احساس نمیشه چون حتی توی تاریکی مطلق هم به سرعت گوشی از این طریق باز میشه اما یک ایراد امنیتی که دیدم این بود که اگر چشمای من بسته باشه باز هم با روش intelligent scan گوشی سریعا باز میشه ولی توی آیفون X ظاهرا با چشمان بسته گوشی باز نمیشه و این از نظر امنیت خیلی بهتره دوربین سلفی خیلی بهتر از گوشی قبلی من هست ولی تفاوت زیادی توی دوربین اصلی با گوشی قبلی خودم ندیدم درکل دوربین اصلی کیفیت خوبی داره و به نسبت نسل های قبل توی زوم آخر نویز کمتری دیده میشه یکی از قابلیت هایی که روی دوربین اس 9 پلاس وجود داره به دلیل دو دوربین بودن گوشی میتونه عکس های بوکه بگیره ولی این گوشی هم چنین قابلیتی داره به اسم selective focus که اگر جسم در فاصله نیم متری باشه دقیقا همون افکت بوکه رو میتونه اعمال کنه و از نظر عملکرد هم خوب بود و در نهایت کیفیت صفحه هم که فوق العادست و بنظرم بهترین هست  و چند مورد هم از نقاط ضعف بگم  باتری   باتری متاسفانه زیاد رضایت بخش نیست و بنظرم به زور میتونه گوشی رو از صبح ساعت 7 8 تا 12 شب برسونه البته استفاده من زیاد هست و همیشه اینترنت هم روشن هست مخصوصا 4G ولی باز انتظار بیشتری میرفت که ظاهرا نسخه پلاس توی این مورد بهتره  مورد بعد AR ایموجی هست که واقعا از نظر عملکرد ضعیف هست و کلا فقط یکبار تستش کردم و کلا ناامید شدم  و دوستان هم تست کردن و اصلا نتیجه جالبی نداشت و همرو  تقریبا یکسان نشون میده نمیدونم چرا سامسونگ این همه روی قابلیت AR ایموجی تبلیغ کرد وقتی به بلوغ نرسیده   و ای کاش مثل نسخه پلاس 6 گیگابایت رم داشت و نمیدونم چرا سامسونگ خواست مثل اپل بین نسخه معمولی و پلاس فرق بزاره   همش تقصیر اپل هست اینارو باب میکنه  D   چون تقریبا 14 15 تا اپ که باز باشه دیگه قبلی هارو میبنده و شروع به ریلود کردن برنامه ها میکنه اگر بازی سنگین اجرا بشه که وضعیت بدتر میشه و با 5 6 تا اپ باز به مشکل بر میخوره و همرو موقع اجرای دوباره ریلود میکنه  در نهایت از خریدم راضی هستم ولی اگر رم 6 گیگابایتی و دوربین دوم نسخه پلاس رو داشت واقعا عالی میشد  چون اصلا نمیتونستم با نسخه پلاس از نظر اندازه کنار بیام و اگر روی قابلیت AR ایموجی بیشتر کار بشه و مثل آیفون X دوربین اسکن سه بعدی اضافه بشه قطعا قابلیت جالبی میشه ,96,1
اول اینکه حتما گارانتی سیهاوی بخرید    اگه فیلتر قهوه ساز توی خونه ندارید همراه با خرید این قهوه ساز حتما یک بسته فیلتر سلولزی یا کاغذی قهوه ساز سایز 4 هم بخرید      ,100,1
این لپ تاپ واقعا عالی عمل میکنه تو این چند وقته که باهاش کار کردم هیچ مشکلی نداشته در ضمن با ویندوز 10 و همین طور مدل 64 بیت خیلی روونه ,100,1
سلام اونایی که میگن صداش بده اون لایه مشکیه پلاستیکی رو بردارن صداش چند برابر میشه ,60,1
تو پیشنهاد ویژه خریدم کیفیت قابل قبولی داره میشه گفت جنس چینی درجه یک هست  فقط اگر به این مجموعه سریهای آلن اضافه میکردن و سایزهای بیشتری از نمونه ستاره ای داشت یه مجموعه کامل بود حتا بیشتر از قیمت عادی هم ارزش داشت تعداد سریهایی چهار پخ زیاد و تکراری هستن  در کل  از خریدتون راضی خواهید بود ,80,1
عالیه فقط ظرفش ما کوچیک بود ,60,1
به نسبت قیمت امکانات خوبی داره ,92,1
سلام   کیفیت عالی   عکسها در برابر آب و مایعات بسیار مقاوم هستند   سرعت چاپ بالاست  در کل خیلی خیلی راضی کننده است   من از برند کانن بسیار راضی هستم ,100,1
من این لپ تاپو خریدم   واقعا راضی کننده بود  اینکه هم قیمت مناسبی داره هم با این فیمت سخت افزار پرقدرتی داره  به نظرم ارزش داره ,52,1
دو ساله دارمش  سبک و عالی ,60,1
سلام  بنده این ساند بار رو عید امسال از فروشگاه ال جی خریدم   قیمت با دیجی فرقی نداشت   اون موقع دیجی موجود نداشت برای همین از چارسو جمهوری خریدم  این سندبار به خاظر رنگ مشکی کلی از مدل SJ5  نقره ای ارزان تر هستش   و به نظر من اگر برای شما رنگ بندی مهم نیست همین رنگ مشکی که ارزان تر هم هست را بگیرید   SJ5B   Black   صدای این ساندبار  باکیفیت هست و خیلی گول ابعاد کوچک ساب اون را نخورید   شیشه های بوفه خونه ما را به شدت میلرزاند   اگر اهل گوش کردن مو سیقی یا فیلم هستید در خرید اصلا تردید نکنید   نکته ای که این ساند بار دارد که باور بفرمایید باور بفرمایید خود کارشناس نصب ال جی هم نمیدونست سیستم اتصال بیسیم  چیزی عیر از بلوتوث و وایرلس  با تلویزیون های هوشمند ال جی هست   جوری که فقط تلویزیون هوشمند ال جی میتواند به آن وصل شود   ولی اگر تلویزیون شما ال جی نیست نگران نباشید زیرا راه های اتصال متعددی وجود دارد   برای آن دسته از دوستانی که سوال دارند که آیا میتوان گوشی موبایل را به آن وصل کرد باید بگم بله میتوان   همه ساند بار ها از هر کمپانی امکان Bluetooth  دارند   به نظر من صدای ساندبار های دیگری مثل JBL   Samsung Harman kardon  رو هم بشنوید بعد تصمیم به خرید بگیرید   تو همین رنج قیمت البته    چیزی که من تست کردم این بود که صدای LG  از همه بهتر بود  ,80,1
همه چیه این گریل عالیه فقط حیف که دفترچه فارسی نداره ,60,1
با توجه به قیمت نسبت به برند های بی نام و نشون خیلی بهتره   ظاهرش هم خوبه و در کل ااگر دنبال مخلوط کن با قیمت مناسب هستید گزینه ی خوبیه ,76,1
اگر کیفیت تصویر براتون مهمتره نخرین اگه بچه کوچیک دارین و نگران ضربه خوردن هستین پلاسما گزینه خوبیه البته الجی با همین قیمت تلویزیون LED ساخته با فناوری IPS ضدضربه ,64,1
با سلام خدمت دوستان این سومین مدل لپ تاپ اچ پی سری پاویلیون هست که تو این ده سال تهیه میکنم واقعا  حرف ندارن و خیلی با کیفیت و با دوام هستن لپ تاپ قبلیم هم هنوز کاملاسالمه حتی باطریش با اینکه ضعیف شده ولی کار میکنه کلا اگه دنبال یه لپ تاپ با کیفیت با کارایی عالی نصبت به قیمت هستین سری پاویلیون اچ پی حرف نداره با تشکر ,88,1
کلا نسبت به قیمت و کیفیت عالی ,100,1
تبلت من بعد از سه روز بلا استفاده بودن دیگر روشن نشد  تمامی روشهای توصیه شده را هم امتحان کردم ولی روشن نشد  ,60,2
من این برند را بعد از تحقیق و پرس وجو بین  همه برندها انتخاب کردم و از دیجی جان خریدم یکی از قدیمی ترین و بهترین برند دنیا هستش این دریل بلک دکر همه کاره هست اگر اچار را تهیه کنید میتونید  همه کار کنی من مته  این دریل را با برند خود بلک دکر از دیجی خریدم  اچار پیچ گوشتی و اچارهای دیگه را تهیه کردم و همه کار میکنم باهاش    یک دریل همه کاره با برند جهانی  در ضمن برای هر خونه یک دریل حتما واجبه و باید بخرین پس توسعه میکنم این دریل حرفه ای را از دست ندین  سپاس از دیجی همیشگی خودم که 8 ساله دارم ازش خرید میکنم و خیلی خیلی راضی هستم یک فروشگاه کاملا حرفه ای و بین الملی و قابل اعتماد100  هست  ,100,1
کیفیتس خوبه و بسته بندی زیبایی داره از دیجی کالا هم ممنون ,32,3
کلا معلومه تفلون اصل نیست کفش به راحتی خش میفته با این قیمت جنس های خیلی بهتر میشه از همینجا تهیه کرد ,36,3
ما که نداشتیم شما بخرید میکن خوبه ,88,1
برای استفاده بسیار عالیه  خیلی راحت روی هم سوار میشه   چرخ های بسیار روان و بی صدایی داره  من رنگ کرم رو خریدم و خیلی هم راضی ام ,96,1
سلام من این دستگاه امروز دست م رسید بر خلاف تصور م که فکر میکردم ساخت فرانسه است  دیدم ساخت چینه که خواهشمندم از کارشناسان محترم دی جی ت  مشخصات کالاها ساخت کشور سازنده را هم اعمال کنند درکل تو هر خونه یکی لازم است ولی کاش بند معتبرتری رو می گرفتم  ,52,2
سلام وقت بخیر دوستان من این هدفون رو تحویل گرفتم از لحاظ ساختار ضعیفه و قابلیتی هم که نداره کیفیت صدا خوبه ولی صدا بیرون میره ازش و از بیرون واضح شتیده میشه نسبت به قیمتش خوبه ولی عالی نیستش برید بازار می توانید ارزانتر هم بخریدش به نظر من چیز دیگری بخرید برای حرفه ای موسیقی گوش دادن خوب نیست  ,52,2
این اولین خرید من از دیجی کالا بود و خیلی خوشحالم اولین تجربه خرید راضی کننده بود و باعث جلب اعتماد ما شد و منجر به ادامه خرید هم خواهد شد  خوب است به دیگران هم پیشنهاد میکنم چون مقرون به صرفه در کنار رفع نیاز هایشان و کار راه بنداز میباشد  با تشکر از دیجی کالا ,72,1
عالییههه واقعا ارزش خریدن رو داره ,100,1
سلام دستگاه مودرنظر دارای جوجه گردان و قفل کودک میباشد ,60,1
اول سپاس گزارم از دی جی کالا بابت ارسال به موقع   دوم اینکه این لپ تاپ توی این رنج بهترین ِ   عیب هایی که گفتم راحت قابل حل اند و در کل کیفیت صفحه نمایش که عالی ِ فقط یکم روشنایی ِ کمی داره   گرافیک و رم و سی پی یو با هم مچ اند و من که شغلم نقشه برداری ِ نرم افزار های سیویل و جی آی اس کار میکنم که کلی خط و اعداد باید پردازش کنه رو به راحتی از پسشون بر میاد   بازی رو تست نکردم با این حال مطمئنن برای گیم هایی با لول متوسط به بالا رو اجرا میکنه البته انتظار بازی از این لپ تاپ با کیفیت 4k کمی غیر منصفانه است  ,96,1
مشکل در دسته آن است که بصورت جدید طراحی  مادون قرمز در کنترل  شده ولی متاسفانه کیفیت نداره واحتمال خراب دارد  من مجبور شدم بعد از دریافت کالا از دیجی آن را دوباره بفرستم به شرکت برای تست  بعد از یک هفته تازه  اعلام می کنن باتری ش خراب بود باتری کارخانه  و باتری نو از بازار هم خریدم کار نکرد ولی در دیجی باتری گذاشتن کار کرده جای تعجب دارد  ,52,3
من رنگ مشکی سفارش دادم رنگ قرمزشو واسم فرستادن و بزور میگن که خودت قرمز انتخاب کردی  واقعا موندم چی بگم و بشدت عصبانی هستم  پیشنهادم اینه که همه مراحل ثبت سفارش رو اسکرین بگیرید  ,60,3
نصبت به قیمتش صدای مناسبی داره اگه همین امکانات رو بخواین از برند دیگه بگیرین باید خیلی بیشتر هزینه کنین ,76,1
به حد کافی بزرگ هست و برای گریل کردن ماهی و مرغ مناسب هست  حرارت رو  خوب پخش میکنه و شستشوی راحتی هم داره  ضمنا نچسب هست و  کف گریل نسبتا ضخیم هست  ,80,1
با کیفیت و خوش ساخته اما کوچیکه یکمی ,60,1
تو فروش ویژه می ارزه کفی اتو بی کیفیته ,60,3
واقعا عالیه  چند ماهه که خریدمش و خیلی راضی هستم ,100,1
کیفتیش اندازه اسم یاماها نیست  باتری هم اگر  بعد از شارژ استفاده نشه خالی میکنه ,24,2
کیفیت دسته و گوشی ها بسیار پایین است  در نگاه اول جنس پلاستیکی گوشی ها به شدت جلب توجه می کند  نکته دیگر خروج بیش از حد صدا از گوشی هاست  حتی اگر موزیک با صدای معمولی گوش کنید اطرافیان به راحتی می شنوند و اکثرا مزاحمشان است  با توجه به این قیمت انتظار خیلی بیشتری داشتم و خرید این محصول را به هیچ وجه پیشنهاد نمیکنم ,36,3
علیرغم اینکه توی استفاده از وسایل برقی و الکترونیکی وسواس دارم و همیشه همه وسایلم رو سالم نگه میدارم ولی متاسفانه بعد از سه چهار بار استفاده از این اتو کلی ایراد پیدا کرده  کفیش بی کیفیته و دکمه های بخارش خراب شدن      حیف اونهمه پول ,28,3
پر سرو صدا دگمه ها به زودی از کار افتاده و به سختی راه اندازی میشود آبمیوه گیر و مکمی و مخلوطکن به سختی بر روی متور سوار شده و به سختی راه اندازی میشود ظرفیت کمتر از حد تصور ,60,3
نسبت به قیمتش خیلی خوبه من که ازش راضیم ,60,2
من حدود یک ساله خریدم از دیجی کالا  وای فایش بعد از یه مدت از کار افتاده و کارتریجش رو شارژ نمیکنن و خیلی هم کارتریجش گرون در میاد و زود تموم میشه ,56,3
عالی بود بخرید ,92,1
بعد از دو سال می توانم به راحتی بگویم یکی از بهترین انتخاب هایم برای خرید لپ تاپ بوده و رم 16 گیگ آن به خوبی از پس نرم افزار های مهندسی بر آمده است و باتری آن بعد از دو سال تا 6 ساعت شارژ نگه می دارد   ,94,1
یکساله خریدم نه از دی جی از بازار خریدم کیفیت خوبی داره  باریکه شیکه قابلیت هاشم به نسبت قیمت خوبه فقط صفحه ال ای دی خیلی حساسه بهتره یه صفحه نمایش دحد صد هزارتومان براش بگیرید به هیچ عنوان در کیفیتش اثری نداره و نور هم منعکس نمیشه ,64,1
به شما پیشنهاد می کنم چون هم بیس قوی داره هم تفکیک صدای عالی جوری که تمام جزعیات موسیقی رو نشان می دهد ,100,1
جنس استیل بگیر هست در جریان باشید در موقع خرید   ولی از نظر اندازه و قیمت مناسبه ,60,2
عاالیه حتما بخرییید ,100,1
هرچند کیفیت صداش خیلی خوبه اما با توجه به کیفیت ساختش با این قیمت پیشنهاد نمیکنم  حدودا نصف این مبلغ میارزه  ,60,3
خیلی مرده راضی ام ازش خدا هم ازش راضی باشه ,60,1
این کرم پودر با توجه به رنگ طبیعی که داره برای استفاده روزمره مناسبه  پوشش دهی متوسطی داره  جلوه چندانی نداره به همین علت چندان مناسب مهمانی ها و مجالس خاص نیست  روی پوست خوب میشینه نمیماسه  و طبیعیه  بعد 5 6 ساعت احساس میکنی کلن کرم پودر رو صورتت نیست   ولی در کل با توجه به قیمتش انتظار بیشتری ازش داشتم  ,60,2
من برای اولین بار از این ظروف با قاشق پلاستیکی استفاده کردم و نتیجه بعد از شستن قابلمه با دست و اسفنج نرم وحشتناک بود  خرید کردن قابلمه تفال از دیجی کالا توقعی برام ایجاد کرده بود ک ظروف حداقل یک سال رو بدون هیچ خط و خشی سپری کنن  الان واقعا ناراحتم از این خرید و پولی ک هدر رفته  ,60,3
من از این محصول یه مدته ک استفاده میکنم واقعا پوشش دهندگیش عالیه و سیاهیه زیر چشمو خیلی کم میکنه ولی خب خیلی حجم کمی داره ,68,2
متاسفانه چینیه ,52,3
بسیار عالی بنده حدود دو ماه پیش خریدم تا اینجا که راضی بودم سبک و قوی و بسیار سریع اماده به کار میشود ,80,1
خوب ولی من نتونستم وای فای رو بهشخوب و عالی فقط من نتونستم وای فای رو بهش بشناسونم نمیدونم ولی از طریق وای فای دایرکت میتونم با گوشیم پرینت و اسکن کنم ,80,2
من این محصولو 3 روز پیش گرفتم که جنسش حصیری ریز بافته و بنظرم غیر قابل شستشو  میاد  ,48,3
خیلی سبک وکاربردی مناسب برای استفاده روزمره و هدیه در پیشنهاد ویژه قیمتی فوق العاده مناسب داره ,60,1
من 4 ساله دارمش واقعا از همه لحاظ عالیه بازی با دیتای 2 گیگ رو به راحتی اجرا کرد فقط باتریش یخورده ضعیفه و اسپیکرش صدای خیلی با کیفیتی نداره یکم گزگز داره بقیه چیزاش خوبه ,100,1
ببینید اگر دنباله صدای باکیفیت هستین عالیه یعنی عمق صدارو متوجه میشین بعضی صداهارو من تو هندزفریهای قبلیم اصلا نمیشنیدم خیلی باکیفیت هستش هم صدا هم جنسش   اما اگه جایی که میخواین باهاش کار کنین پر سرو صدا هست پیشنهاد نمیکنم چون صدای بیرون میاد داخل نه خیلی اما خوب میشنوینش  اما در جای با صدای معمولی و ساکت حرف ندارههههههه  بعلاوه که شیک هم هستش  من سفیدشو گرفتم اما مشکیش هم شیکه ,80,1
اگر میخواین بگیرین تو خریدش شک نکنید چون امکانات و حالت های خیلی جالبی داره مثل   حالت بهداشتی کتان پیشرفته خودکار  پارچه نخی پشمی پارچه جین  یکی از قابلیت های خوبش اینه که یک دکمه زیر جای دست اتو داره که وقتی فشارش میدین بخار با شدت میزنه بیرون یکی دیگه از خوبیاش اینه که دیگه نیاز به ریختن جرمگیر و سرکه و  نداره بلکه یک حالت داره زیر مخزن اتو 250 سی سی آب میریزین بعد حات cac  n clean رو فعال میکنین و آب از مخزن زیر بخار میشه و خارج میشه و همینطور جرم زدایی میکنه   ,100,1
لپ تاپ خوبیه   برای کارای روزمره عالیه ولی برای کارای پیشرفته تر خیلی مناسب نیست   مثلا همزمان نمی توان چند کار  را با هم انجام داد   هنگ نمیکنه ولی خیلی کند میشه  ولی از خریدش راضی هستم اگر پول بیشتر دارید مدل core i7 بهتره ولی اگر بودجه محدود دارید   از خریدنش پشیمون نمیشوید ,92,1
من این پرینتر رو درر آتلیه عکاسی استفاده میکنم  سرعتش پایینه ولی چندان مهم نیست چون کیفیت بسیار بالایی داره و رنگها رو عالی چاپ میکنه  چاپ روی کاغذ گلاسه زیراکس ضد آب  که اون روهم از دیجی کالا خریدم خوب هست و ضد آب بودنش رو هم تست کردم  خشک شدن سریع هم از ویژگی های رنگ این پرینتر هست  خوشبختانه رنگش اصلی رو هم دیجی کالا داره در حالی که غیر اصلی با نصف قیمت البته با کیفیت نه چندان خوب در بازار وجود داره   از نظر نرم افزاری هم بسیار کار رو راحت کرده و منو های راحتی طراحی شده  ,48,1
این لپتاپ بسیار بسیار نسبت به هزینه ای که میپردازید مقرون به صرفه ست و از امکانات زیادی برخورداره  اگه بخواید یه لپتاپ ایسوز با همین امکانات تهیه کنید تقریبا باید دو نیم ملیون به بالا هزینه کنید ولی این لپتاپ رو من از دیجی کالا زیر دو ملیون خریدم که نسبت به قیمت توی بازارش  حدود دویست هزار تومن سود کردم  اگر دنبال یک چیز استثنایی با هزینه کم میگردید حرف نداره  ,72,1
این تلویزیون واقعا عالی هست هم از نظر کیفیت هم از نظر صدا و رابط کاربری تیزن اما کنترل بسیار بی کیفیتی داره حتما باید کنترل مجزا تهیه شود ,68,1
فقط میتونم بگم عالیه ,100,1
تو شگفت انگیز خریدم  نسبت به قیمتش خوب هست  رادیو ضعیفی داره  میدرنج هم ضعیفه ,60,1
برای من بعد 3 سال سمت راستش از کار افتاد  اگه باشه بازم میخرمش  ارگونومیش عالیه اصلا وجودشو حس نمیکنید کیفیت صداش متوسط رو به خوب بود اگه گزینه اصلی تون موسیقی با بیس بالاست برید دنبال گزینه دیگه در غیر این صورت به دل شکلش از خریدش پشیمون نمیشید  ولی فکر نمیکنم دیگه پیدا بشه  حیف ,92,1
عالی و خوب مرسی از پیشنهاد شگفت انگیز بجا که من خریدم ,88,1
یه لپ تاپ خوبه ولی وای فای فوق العاده ضعیفیه ,60,1
این پوست کن فوق العادست ,60,1
جاروبرقی خیلی خوبیه قدرت مکش زیاد و صدای کمی داره تنها مشکلی ک داره کیسه جاروبرقیه دیجی جان لطفا کیسه شم موجود کن ,88,1
به پیروی از نظر دوست قبلیمون در کل صدای بدی نداری ولی برای موزیک دوستا یه چیز بگم داداش تا اینجا داری خرج میکنی یه کم بیشتر خرج کن یه مارک مربوط به صنعت صدا کا خوب جواب گرفته بین اطرافیانت بخر که بعدا پشیمون نشی من تودم jbl رو پیشنهاد می کنم داخل همین دیجی کالا هم هست اگر تموم نشده باشه کابلش تخت برند صنعت صدا و غیره و غیره ,8,3
با اون چیزی که تور عکسه متفاوته ولی خیلی محکم و تیزه  من راضیم ازش ,84,1
برای زمینهای تا 500 متر مربع بسیار کاربردی می باشد و من از این خرید خیلی راضی هستم   با توجه به محدودیت برقی بودن آن در صورت تامین برق محدودیت دیگری ندارد و در پاکسازی چمن و حتی ساقه های کلفت تر بسیار کاربردی  و آسان عمل می نماید   ,100,1
دوستان وقتتون بخیر  حدود یه هفته ست که این چاپگر رو داریم  اولین چیزی که با باز کردن جعبه این محصول احتمالا به ذهن خواهد آمد مقدار زیادی امکانات در مقابل مبلغیست کم  این باعث افت کیفیت ساخت نشده  کارتریج  که هد های افشان بهش متصله  مهم ترین قسمته که ساخت ژاپنه   خود دستگاه هم ویتنامی هست  کیفیت چاپ کاملا راضی کنندست  و در کل نسبت به قیمتش بسیار عالیست  امیدوارم مفید بوده باشه  ,84,1
سلام نسبت به قیمتش این لپ تاپ بسیار عالی و سریعه   پیشنهاد میکنم بخرید ,100,1
بهترین لپتاپ ارزون قیمت هست در حال حاضر و شک نکنید در خریدش  صفحه رو مقایسه کردم با چند مانیتور و دو لپتاپ گرون دیگه که به  این نتایج رسیدم  صفحه لپتاپ TFT TN هست که در نتیجه زاویه دید عمودیش کمه و رنگها از بالا و پایین تغییر میکنن که طبیعی هست برای این نوع صفحه  زاویه دید از کنار قابل قبول هست  tint آبی در رنگهاشدیدا مشاهده میشه و غلظت رنگ نزدیک 65درصد هست که رنگ ها کم رنگ نشون داده میشن ولی با نصب برنامه asus splendit یا اضافه کردن یکی از پروفایلهای icc رنگ که در داخل پوشه اون برنامه هست هم tint  آبی کاملا رفع میشه هم کم رنگ بودن صفحه تا حدود زیادی تصحیح میشه حتما بکنید اینکارو   نور صفحه هم خوب هست که با توجه به مات بودن صفحه  بیرون هم میبینید صفحه رو  برسیم به عملکرد  سرعت سی پی یو برای مرور اینترنت و پخش فیلم و آفیس و حتی استفاده از  فتوشاپ بصورت غیر حرفه ای کاملا کافیه ولی برای بازی نه  اگرچه بازی های موجود در وینوز استور رو خوب اجرا میکه و بازی های خیلی قدیمی رو هم همینطور  و اینکه GPU  این لپتاپ از تمام فرمتهای ویدیویی پشتیبانی میکنه حتی HEVC x265 10bit که فکرشم نمیکردم پشتیبانی کنه در نتیجه همه فرمتهای ویدیویی رو بدون استفاده از سی پی یو روان پخش میکنه  مثلا ویدیوMKV 4k x265 10bit رو با ده درصد مصرف cpu کاملا روان پخش کردالبته با برنامه هایی که از GPU استفاده میکنن برای Decode که من با potplayer با فعال کردن HW acceleration پخش کردم  داغ هم نمیکنه زیاد در استفاده  سنگین و  طولانی  فنcpu  داره که در استفاده سبک غیر فعال و بیصدا میشه و در استفاده سنگین صداش کمه  هارد توشیبا 9 mm روشه سرعتش خوبه و از برنامه cpu z مشخصه که دو اسلات رم داره که یکیش خالیه و میشه اضافه کرد بهش رم   صداش هم کیفیت و بلندیش عالیه برای یه لپتاپ ارزون  اگه یه ssd روش بندازید که سرعتش دو برابر میشه  پرتها سفتن که باید حواستون باشه وقتی شارژر یا یک دستگاه یو اس بی رو وصل میکنید که خوب جا بره البته ممکنه بعد مدتی سفتیشون کم شه  کیف کوله ای با کیفیتی همراهش هست ولی موسش خوب نیست اصلا  عکسی که دیجی گذاشته مال مدل مشابهی هست که تفاوت داره  این پورت VGA نداره مثلا   ,100,1
که این هدفون گرفتم ظاهر خوبی داشت ولی جنس سیم وجک هدفون اصلا خوب نیست چون سیم از جکتا هدفون بهم چَسبیده وخیلی نازکه والان پس از 3ماه قطعی پیدا کرده اصلا هدفون های سیم ربانی نخرید پشیمون می شید ,44,3
امروز نصبش کردم هنوز خیلی باهاش کار نکردم ولی تو این چند ساعته نقطه ضعفی ندیدم ,76,1
نسبت به سایر تابه های تفال که ما داشتیم این خیلی بهتره هم از نظر دوام روکش و هم از نظر نچسب بودن و هم کف دولایه ,96,1
در یک کلام اگر موبایل شما دوربین 20 مگا پیکسلی دارد خریدن این دوربین اشتباه محض است ,28,3
خیلی خوب هست حتما بخرید برای تو ماشین یا خونه حتما لازمه  ,80,1
واقعا عالیه من اینو همون وقتی که معرفی شد و سری اولی که وارد ایران شد از دیجیکالا تحیه کردم واقعا با کیفیت و عالیه ,88,1
ده دقیقه ربع ساعتی باهاش کار کردم ب نظرم مکشش خوب بود جنس بدنه ش  قابل قبولِ شکل ظاهریش مثل اینه ک الان بری ماشین دهه 50 بخری ,76,1
سلام لطفا مشخصات دقیق بگذارید تا دیگر دوستان فرق دقیق از این محصولات رو مشاهده کنن مثلا قدرت خروجی RCA توضیحاتی از امکاناتی که واقعا قابل مقایسه هست  ممنون ,96,1
کاش هدیه اش رو عوض میکردید مثلا موس و کیبرد وایرلس میذاشتید  ,76,1
ب قیمتش می ارزه  ,60,1
من به عنوان کسی که تو شرکت سام الکترونیک تو خط تولید TV بودم این مدل رو اصلا پیشنهاد نمیکنم مدل های 7980 7990 5890 5850 مدلهای بهتری هستن بماند که همه تولید کننده های ما جنس درجه 3 از چین وارد میکنن و مونتاژ میکنن ,68,1
کیفیت ماهیتابه عالیه اما متاسفانه مورد ارسالی برای بنده توی بار تحت فشار بوده و خم شده بود  من حوصله قرار گرفتن در فرایند بازگشت کالا را نداشتم و خود با چکش کاری و فشار صافش کردم اما از دیجی کالا انتظار می ره در مورد ظاهر کالای ارسالی و بسته بندی کالا بهتر عمل کنه ,100,1
من اینو توی فروش ویژه خریدم   قبلا فیلیپس داشتم   فکر میکنم خیلی خیلی کیفیت ساخت بالاتری نسبت به این داشت  ولی با همه این اوصاف توی فروش ویژه ارزش خرید داره ,60,1
سلام   لباسشویی بسیار خوبی هست به دوستان پیشنهاد میکنم حتما خریداری کنند ,96,1
من خودم این کونسول رو خریداری کردم ولی به راستی ریجن 3زیاد جالب نیست  برای این که جای بعضی دکمه ها تغییر می کند ولی اگر قیمت برای شما ملاک هست ریجن 3 خوب ولی اگر ملاک نیست ریجن1حرف اولو میزنه  ,84,1
دستگاه خوبیه من از روزی که خریدم دخترم همش در حال کارتون دیدنه و تا حالا مشکلی نداشتم باهاش ,84,1
من  با کاربری همسرم نظر میدم  باید بگم کیفیت خوبی داره  پوشش دهیش هم عالیه  من خودم راضی نبودم  چون مناسب پوست های سفید نیست  قشنگ روی پوست روشن تغییر رنگ مشخص میشه  کرم رنگه برای پوست های روشن من اسنس 09 پیشنهاد میکنم  که خود دیجی کالا عرضه میکنه ,68,2
نسبت به قیمتی که داره کارایی عالی داره فقط یه کم کوچیکه   ,80,1
سلام من 1 ساله که دارم ازش استفاده میکنم خیلی خیلی عالیه دیگه همه حا راحت آهنگ  با کیفیت عالی گوش میدم و هیچ سیم اضافه ای هم مزاحمت ایجاد نمیکنه واقعا سونی شاهکاره ,100,1
نسبت به قیمتی که من درشگفت انگیز خریدم ارزش فوق العاده ای دارد  ,100,1
کیفیت ساخت و کیفیت صداش عالیه و راحت روی گوش قرار میگیره  فقط تنها موردش اینه که یک صدای نویز خیلی خیلی ضعیف زمانی که روی حالت بلوتوث هست به گوش میرسه که اونم آهنگ پلی میشه هیچ اثری ازش نیست با خیال راحت خرید کنید  ,68,1
اگر جای جوش زیاد دارید این کرم به دردتون نمیخوره ولی تا حدی پوشش داره  برای پوست های گندمی هم خیلی خوبه و نسبت به قیمتش ارزش خرید داره ,84,1
به نظر من گوشی بدی نیست الان پسرم این گوشی را دارد وبرای نوجوانان کاملا مناسب است اما متاسفانه خیلی از هم سن وسال های پسر من قصد داشتن گوشی هوشمند را دارند    امید وارم این گوشی را موجود کنیدو پسر بچه هایی که هنوز گوشی هوشمند نگرفته اند این گوشی را بگیرند به جای گوشی های هوشمند باتشکر  ,48,3
اکثر گوشگوب برقی ها گوشتگوب به صورت نیم دور چرخش به موتور وصل میشه اما این مدل دو طرف بدنه دو عدد دکمه فشاری هست که با اون میشه هم زن یا گوشتکوب رو از پایه جدا کرد  برای بنده بعد از یکی دوماه استفاده گوشتکوب از بدنه جدا نمیشد و  با یک فشار  کوچیک شکست  ,48,3
وسیله ای که برای هر آشپزخونه ای لازمه  و این برند یکی از بهترین هاست ,60,1
من برای خونه 60متری از این جارو برقی استفاده میکنم اصلا خاموش نمیشه مکش خیلی عالی داره فرش خوب تمیز میکنه ,100,1
در یک کلام اصلا خوب نبود کیفیت ساخت پایین بود و پیشنهاد میکنم با کمی پول بیشتر مدلهای بالاتر رو خریداری کنید  ,20,3
همه چیزش خوبه الا سی پیوش که AMD هستش و برای برنامه نویسی اصلا پیشنهاد نمیشه  ,60,1
تقریبا یک ماه دارم استفاده میکنم از چیزی که فکر میکردم بالاتره کاش صبر میکردم الان ارزونتر شده میخریدم در کل بین کیس و لب تاب شک دارین اینو بخرین چون همین سیستم رو کیس خیلی قیمتش بالاتر میره در ضمن بعد چند سال خواستین رم و گرافیک ارتقا میدین cpu هم میشه ولی ارزش نداره گرافیک 2 رم 8 cpu quad core چرا میگن ضعیفه من که 13 تا بازی سنگین روش نصب کردم چیزی ندیدم  برای شارژ استفاده سبک روزی 1 بار متوسط 2 بار برای بازی یک ساعت ,100,1
عیلرغم  اینکه در سایت نوشته شده از بهترین اتوها میباشد و از برند تفال و گارانتی پرکیش و همچنین قیمت بالای پرداخت شده برای آن هم همین انتظار میرود ولی متاسفانه تنها پس از  اندکی استفاده   زیر 20 مرتبه   اتو دیگر  گرم نکرد و پس از ده روز از  مراجعه به نمایندگی تفال در مشهد ایشان اظهار میدارد که برد الکترونیکی اتو خراب شده و هنوز توسط شرکت پرکیش ارسال نشده است     با توجه به تبلیغات زیاد گارانتی پر آوازه شرکت  پرکیش این توقع بود که حداقل  نسبت به جایگزینی اتو با یک اتوی نو دیگر اقدام  مینمود ,60,3
با سلام  نظر بنده بعد از چند ماه استفاده از این لپتاپ  عملکرد و هماهنگیه cpu و کارت گرافیک   عالی  مقدار و سرعت رم     خوب عملکرد صفحه نمایش    خوب   از لحاظ زاویه دید 180 درجه کامل پوشش نمیده  عملکرد صفحه کلید و موس     عالی    نداشتن نور پس زمینه در صفحه کلید مشکلاتی ایجاد میکنه  طراحی و کیفیت جنس بدنه    خوب  50 درصد اثر انگشت رو جذب میکنه  عملکرد و کیفیت دوربین   خوب عملکرد حسگر اثر انگشت      متوسط  موقع تعریف اثر انگشت یکم اذیت میکنه و هنگام باز کردن و ورود به سیستم با اثر انگشت گاهی اوقات چند بار باید تکرار کنید  میزان بلندی و شفافیت صدا     خوب میزان شارژ دهی باطری     خوب  عملکرد هنگام اجرای گیم ها سنگین  متوسط با تنظیم گرافیک متوسط رو به پایین میتونید بازی های سنگین رو هم اجرا کنید من pes2018 بیشتر کار میکنم رو گرافیک متوسط رو به بالا بدون لگ جواب میده  اجرای نرم افزارهای کاربردی روزمره   عالی اجرای نرم افزارهای خاص و سنگین    متوسط  ابعاد و وزن   عالی  کیفیت اقلام همراه  کیف   موس   شارژر و غیره     عالی در این رنج قیمت با برند مطمئن asus  بهترین و مناسب ترین گزینه است تو خریدش شک نکنید    نظر تو مهمه ,88,1
عالی عالی عالی قیمتش عالی واقعا ارزش خرید داره مخصوصا زمانی که میبینی بادی d5600 گرون تره ,100,1
حتما به کسایی که دنبال تلویزیون هایی با این سایز هستین خرید این تلویزیون هوشمند ال جی رو پیشنهاد میکنم شک نکنید ارزش خرید نسبت به قیمت رو داره ,96,1
خیلی خوب و به درد بخوره و اندازشم عالیه ,100,1
بعد از استفاده این محصول نکاتی که به ذهنم می رسید را به عنوان نقاط ضعف و نقاط قوت بیان کردم  فقط توضیح تکمیلی اینکه توی سایت سازنده اعلام شده که علاوه بر دو نوع کابل موجود باید یک تبدیل برای جک هدفون 3 5 میلی متر وجود داشته باشه ولی خب     نکته دیگه اینکه نقطه ضعف دوم به دلیل این ذکر شد که خود شرکت با قرار دادن آن می تونست برای مسافرت و جا به جایی هدفون کار رو راحت تر کنه  بعضی مزایا که جا نشد و این جا اشاره می کنم بهش   داشتن یک ریموت برای برقراری تماس وقتی از کابل 3 5 میلی متر استفاده می کنین   این ریموت برای کابل بلندتر  نیست    گوشی برای مدت طولانی اذیت کننده نیست و فشار مناسبی رو به سر وارد می کنه   صدای واقعا بلندی داره به فرمی که با گوشی من که سامسونگ S8  هست کاملا گوش از شدت صدا شروع به لرزیدن می کنه   سبک های مختلف رو به راحتی می تونه پوشش بده در صورتی که بخواین صدای واقعی رو گوش بدین    این مدل ما بین 559 و 579 هست که با توجه به توانایی هایی که داره توجیهی برای خرید 559 برای اختلاف قیمت کم برای مدل بالاتر نداره   به دلیل امپدانس مناسب و  بازه فرکانسی خیلی خوب و توانایی استفاده از وسایل با توان خروجی نه چندان قوی  من خرید این محصول رو بدون لحظه ای درنگ به هرکسی پیشنهاد می کنم  با تشکر از خواننده عزیزی که وقت گذاشتی و نظر من رو مطالعه کردی  ,100,1
با سلام خدمت همه دوستان چمد وقت پیش این پرینتر رو خریدم ,64,3
عالیه طراحی زیبایی داره عملکردش هم خوبه ,92,1
طراحی خوبی داره و به درد بخوره ولی عیب محصول اینه که رنده درشتش خیلی درشته و اون یکی خیلی ریز ولی در کل خوبه چون یه ظرف درب دار هم داره به درد بخوره ,88,1
خیلی عالی  ,60,1
اصلا پیشنهاد نمیکنم  ,76,1
عالیه حتما بخرید ,88,1
من یکماهه خریدم  اتو خیلی خوبیه   خیلی سبک و راحت ودرعین حال خوب اتو میکنه  من همیشه موقع اتو درد کتف و دست اذیتم میکرد که با این اتوی سبک وخوب دیگه درد ندارم وازاتو کردن لذت میبرم ,92,1
دوستان حتما بخرین  خیلی عالیه   بازی ها رو بدون درد سر در  صدم  ثانیه میاره و بدون هنگ گردن عالی  هستش ,60,1
دیجیکالا یک پیشنهاد بسیار ویژه قرار دهید ,84,1
من امروز خریدم ویندوز ریختم برای یه اجرای ساده فیلم هنگ میکنه  تا اخرش رو بخونین  ,20,3
نمیخام با هیلتی و سایر برند ها مقایسه ش کنم اما به عنوان یه میان رده در کلاس مصارف خانگی بسیار عالیه ضمن اینکه باید به عرضتون برسونم این محصول چینی نیستش و مونتاژ مجارستان هستش پیشنهاد میکنم حتما اگر در فکر خرید یه دریل چکشی مناسب و کارامد هستین این محصول رو انتخاب کنید ضمنا فراموش نکنید که عمر مفید هر دستگاه برقی منوط به رعایت نکات ایمنی و همچنین سرویس ادواری ماهیانه و سالیانه هستش در پایان تشکر میکنم از عوامل محترم دیجی کالا ,60,1
من این محصول رو بیش از یک ساله خریدم تا الان که خیلی خوب بوده  مکش خوبی داره  سبکه  جای کمی میگیره  سطل رو به راحتی میشه خالی کرد و نیاز به شستشو نداره  داغ نمیکنه و کلا جاروبرقی عالی ای هست  ,60,1
من تازه اونو گرفتم و توی خرد کردن گوشت و انواع سبزیجات خوب و بی نظیره و میشه قشنگ مثل فیلم ها باهاش تند تند خرد کرد   فقط این چاقو خیلی مناسب پوست کندن نیست و در کنارش می تونید از یک چاقوی کوچیکتر برای پوست کندن استفاده کنید ,92,1
من تازه بدستم رسیده و چند بار استفاده کردم  حتی چند پیچ محکم را هم باز و بسته کردم و خوشبختانه هیچ تغییر و خشی در سریها ندیدم  ,84,1
من اصلاً راضی نبودم   البته شاید به پوست من نساخته نمیدونم اما رنگش هم جالب نیس خیلی پشیمونم از خریدش و همینطور هم افتاده گوشه میز آرایش و بلااستفاده ,52,2
سلام من این اتو را حدود دو ماهه خریدم و قبلا اتو کلویناتور داشته ایم  مشکل اصلی سخت اتو کردن لباس است انگار که لباس به کف اتو چسبیده در ثانی در درجه حرارت کم  نایلون  اتو اصلا بخار نمیدهد و شما باید درجه آن را زیاد کنید که برای بعضی لباسها خوب نیست ثالثا بر خلاف تبلیغات روی جلد اتو  اتوکشی آسان  اصلا بدرد اتوکشی نمی خورد و من شدیدا از خرید آن پشیمان هستم اگر می خواهید پولتان را بیرون بریزید این اتو را بخرید ,36,3
با سلام وادب جنس روکشش بسیار بده وغدا با روغن هم می چسبه وقتی که با تابه پی اس دی ساخت ایران می توانستیم غدا بدون روغن درست کنیم وبیشتر از یک سال روکشش سالم ماند زمانی که خریدمش هیچ نظر نداشت وحواسم نبود که سایز دیگر داره واون نظرات منفی زیاد داره هرگز  روکش سرامیک نخرید  روکش تفلون وگرانیت خیلی بهتره ,24,3
دو ساله که اینو دارم  صبح تا شب دارم ازش کار می کشم   تو خریدش شک نکنید ,84,1
بیس صدا کافی است و اگر  زیاد باشد پس از  مدتی اذیت کننده و دردناک می شود  اگر مایل هستید بیس یک مقدار  بیشتر  باشد می توان با برخی نرم افزار ها بیس آهنگ را زیاد کرد  شفافیت عالی است و در کل راضی هستم  کمبود جا برای گوش هم زیاد اذیت کننده نیست  ,92,1
من حدود دو هفته س این مدل رو خریداری کردم  از کیفیت و رابط کاربری ش و کنترل راضیم  دوستانی که نسبت به کیفیت گله مند هستند لطفاً یک فیلم با کیفیت بالا رو با این تلویزیون ببینند نظرشون عوض میشه و از روی شبکه های معمولی داخلی کیفیت رو مورد قضاوت قرار ندهند  یه مشکلی که داشت و تونستم حلش کنم مشکل اتصال هدفون بود که با خرید  convertor digital to analog  و کابل optical مشکلش حل شد  نسبت به قیمتی که داره و تلویزیون های دیگه ارزش خریدش رو داره   شک نکنید   ,88,2
فعلا در دوبار استفاده خیلی خوب بود البته یه کم نازک هست  بدنه اش  شاید بخاطر  انتقال حرارت بهتر اینطور طراحی شده ,92,1
با استفاده از این دستگاه به راحتی تمامی امکانات یک تلویزیون اسمارت رو به تلویزیون معمولی خود اضافه میکنید  ,100,1
برای کار عکاسی حرف نداره هم کیفیت چاپه بالایی داره هم به صرفس فقط الکی گرونه ,76,1
برای خرید هدفون اصلی ترین ویژگی ای که من نیاز داشتم این بود که در استفادۀ طولانی مدت   گوش ها رو اذیت نکنه  از این نظر این هدفون خیلی خوبه چون اصلاً روی لالۀ گوش قرار نمی گیره و تمام گوش  داخل حفرۀگوشی  قرار می گیره  ,76,1
اون اول که گرفتمش یه خورده اندازش و کیفیت ساختم تو زوقم زد پلاستیکش خیلی براقه و اثر انگشت رو زیاد میگیره اگه فقط و فقط برای استفاده برای کامپیوتر میگیرید بگیرید وگرنه اصلا پیشنهاد نمیکنم  ولی روی گوش خیلی راحته بخاطر سبکی و بی کیفیتیش  یه خورده زیادی سبکه و اگه یه خورده وزنش بیشتر بود بهتر بود  ,56,3
اصلا بدرد نمیخوره  موقع استفاده باعث عرق کردن شدید گوش میشه و در کل کیفیت ساخت و صدای پایینی داره ,0,3
دستگاه بسیار ضعیف است  یک عدد موز و 200 سی سی شیر رو نمیتونه مخلوط کنه  به هیچ عنوان نخرید ,24,3
کارائیش خوبه ولی این که برام فرستادن درش درست کیپ نمیشه و لاش باز میمونه و بخار ازش بیرون میزنه ,68,2
من به سفارش همسرم خرید کردم  به گفته ایشون و مشاهده خود بنده  کاملا با رنگ کاراملی موجود تو برندهای دیگه مثل اورآل متفاوته و بیشتر به کار دوستانی که میخوان برنزه کنن میاد  قبل خرید حتما امتحان کرده باشید  ,52,2
برای آهن خوب نیست تا بخ ره به آهن و دیگر فلزات الماسش میپره ,44,2
با تکیه به اعتبار برند سنهایزر اقدام به خرید این هدفون کردم  ارگونومی   در رابطه با ارگونومی هدفون باید بگم که کاپ های بزرگی داره که کاملا گوش ها رو در بر می گیره  البته برای کسایی که یه مقدار گوش های بزرگ تری دارن ممکنه مشکل ساز باشه  همچنین این هدفون قابلیت تنظیم ارتفاع هم داره که میشه متناسب به سر  تنظیم بشه  بجز تنظیم ارتفاع  گوشی ها هم قابلیت چرخش به چپ و راست رو در حد 15 20 درجه دارن  البته تنظیم ارتفاع دیگه جز  موارد بدیهی هر هدفونی الان محسوب میشه و تو هدفون های ارزان قیمت هم میشه چنین خصوصیاتی رو پیدا کرد  چرخش چپ و راست کاپ ها هم به قدری کمه که میشه به فکر فرو رفت که چه دلیلی برای گذاشتن این آپشن بود اصن   یه مورد دیگه قطر اسفنجی های به کار رفته روی کاپ ها و همچنین روی سری هدفون هست که خیلی کمه طوری که گوش کاملا به منافذی که صدا ازش بیرون میاد می چسبه که یکی از نقاط ضعف اصلی این هدفون محسوب میشه از نظرم  صدا   از نظر پخش صدا باید بگم که بیس خوب و تفکیک نسبتا خوبی داره  ولی به کسایی که موسیقی راک و متال گوش میدن پیشنهاد نمیکنمش اصلا  طول سیم ها برای من حداقل یه مزیته چون نیاز به سیم بلند داشتم و هدفون های با طول بیشتر از 2 متر خیلی کمن کلا و از این بابت خوشحالم از این خرید  در کل انتظارم از این هدفون بیشتر از این ها بود و به نظرم ارزش خرید به جز تو پیشنهاد شگفت انگیز نداره   نظرتومهمه  ,52,1
دوستان سلام من 3 روزه این لپ تاپ رو گرفتم از هر نظر عالیه فقط و فقط هم روش ویندوز 10 نصب کنید و درایور هاش رو آنلاین آپدیت کنید  کارتون رو به شدت راه میندازه و ضمانت خوبی هم داره  اگه کامنت مفید بود لایک یادتون نره یا علی  ,88,1
عالیه در خریدنش شک نکنید ,88,1
خیلی رقیق هستش اصلا پوشانندگی نداره و برا کسایی خوبه که جوش یا لک ندارن بوی بدی میده رنگشم خیلی روشنه من با کرم پودرای دیگم از استفاده میکنم و به تنهایی کارایی برام نداره  ,40,3
یه ماهی هست که این لپ تاپ رو گرفتم   روی کاغذ لپ تاپ خوبیه ولی در واقعیت یه چند تا ایراد دارد   که البته سایر برند ها هم دارند     موقع بازی کردن که خیلی داغ میکنه و نیاز به کول پد داره    من همش دنبال لپ تاپی می گشتم که گرافیکش 4 باشه تا بتونم بازی های بیشتری رو باهاش اجرا کنم  البت با I7 7500U    و لپ تاپ های ایسوس رو که بررسی می کردم   گرافیکشون 2 بود   الان دلیلش رو می فهمم   چون الان از لحاظ گرافیکی محدودیت ندارم ولی از لحاظ CPU  حسابی داغ میکنه و حتی با قابلیت turbo boost هم بازی رو نمیکشه    کسایی که لپ تاپ برای بازی می خوان بهتره سری های گیمینگ شرکت ها رو بخرند مثل ROG یا predator یا legion و      البته اینا هم باز نمیتونن رضایت صد در صدی رو براتون بیارن   بهترین گزینه برای بازی کنسول یا کامپیوتر خانگی  کیس  است   ,64,1
سلام دوستان من این لپتابو سه ماهه که خریدم و خیلی راضی هستم طراحی ظاهری که خیلی عالیه باتریش  در چهار تا پنج ساعت خالی میشه که خیلی بد هم نیست هنگی هم تاحالا نداشته شاید یه بار اونم وسط بازی کردن نه همه بازی ها کیفیتش یکم کمه ولی نه در حدی که ادم از خریدش پشیمون شه  البته من ویندوز ده ریختم دلیلش هم این بود رفتم تحقیق کردم نوشته بود که کارخونه سازنده این لپتاب درایور usbویندوز هفتو روش قرار نداده اگه اشتباه نکنم  براش که مجبور شدم ده بریزم ولی شاید شما موفق شدید هفت هم ریختیددر کل تو این رنج قیمت لپتاپ عالییییی هست پیشنهاد میکنم که از دستش ندید ,84,1
با سلام میخواستم از کسانی که این دستگاه رو خریداری کردند بپرسم که آیا روی دی وی دی مدل دستگاه درست خورده یا نه  مدل این دستگاه SC BTT 785 هست ولی روی دستگاه ما SA BTT785 خورده  می خواستم بدونم این عدم مغایرت برای همه هست یا نه   مرسی ,68,1
چند ماهی هست که خریداری کردم  برای کاربری عمومی بسیار خوب هست ولی برای بازی های آنچنانی و یا نرم افزارهای گرافیکی سنگین مثل 3دی مکس و مایا و   فکر نمیکنم جواب بده  ولی قطعا برای فوتوشاپ و آفیس و   مشکلی نخواهد داشت  فقط 2 تا مشکل داره  یکی کیفیت نسبتا پایین کیبورد هست که وقتی تایپ میکنی صدای طبل میده و انگار زیرش خالیه  مورد بعدی در مورد پورت USB هست که فقط 2تا داره و اون 2تا هم سمت چپ لپ تاپ هست و سمت راست لپ تاپ هیچ پورتی نداره  که در برخی موارد ممکنه اذیت کنه  یه نکته هم اینکه روی این سیستم ویندوز نصب نیست و راحت ترین کار اینه که بلافاصله بعد از خرید  دستگاه رو پیش یک خدمات کامپیوتری ببرید تا بدون دردسر ویندوز رو براتون نصب کنه  فراموش نکنید که ویندوز 7 هم روی این لپ تاپ کار نمیکنه و ممکنه بعضی سخت افزارها شناسایی نشن  بنابراین باید ویندوز 8 به بالا نصب کنید  ,68,1
واقعا برای مطالعه کتاب و متن توی وب خوبه اما بیشتر از این بنظر میرسه توانشو نداره ,60,1
با سلام حدود یک ماهه که این لپ تاپ رو دارم  تو این رده قیمت خیلی تحقیق کردم  البته برای من چند فاکتور مهم بود  حمل و نقل  سخت افزار مناسب کارهای اداری و مولتی مدیا  صفخه نمایش فول اچ دی و مات  برند مناسب  تنها ایرادی که داره نبود درایورهای همراهشه که هنوزم برخی آیتم های کارت گرافیک و رو نتونستم از طریق نرم افزارهای درایور به خوبی نصب کنم  با توجه به تنوع بسیار زیاد در این رده قیمتی به نظرم این لپ تاپ مناسبیه که میتونه از عهده کارهای روز مره بر بیاد  ضمنا دوستان عزیز که برای بازی های با گرافیک بالا لپ تاپ میخواهید بخرید  شما باید برید روی لپ تاپ های بالاتر جستجو کنید که مناسب این کار هستن    هرچه را بهر کاری ساختند   ضمنا شاید زیاد مهم نباشه و لی توی عکسها آرم ایسوس به صورت کرومی زیر صفحه نمایش هست که تو لپ تاپ من آرم ایسوس کرومی نیست   ,92,1
از بوش بیشتر از اینا توقع کیفیت داشتم مال سرکار که حرفه ایی و سنگین و فلزیه منو مجاب کرد که این کمپکت رو برا خونه بگیرم ولی بوی سشوار داغ و پلاستیکی که حس بی کیفیتی داره باعث شد که چون برادرم طالبشه بدمش ایشان و یه ماکیتا دوباره از دیجی بخرم و تازه سه نظامش معمولیه و اگه به کسی هم امانت دادیم داغونش نکنن ,64,3
بیس خوبی داره جزییات صدا و تفکیک هم خوبه  صدای بیرون زیاد شنیده نمیشه  با اینکه گوشای نسبتا بزرگی دارم ولی خوب فیت میشه رو گوشام  کیفیتش هم که آلمانیه ,80,1
به نظر من بعد از چندین بار استفاده هیچ نقاط ضعفی نداره و فقط قیمتش بالا و طبخ و آشپزی در آن راحت است  ,88,1
چند روزه گرفتمش دارم استفاده میکنم  خیلی عالیه وکیفیت صدا حرف نداره  صدار که بلند می کنی از کیفیت صدا کم نمیشه در کل خرید این سیستم صوتی را پیشنهاد مکنم ,88,1
1 ساله این گوشی رو دارم   هیچ نقطه ضعفی ازش ندیدم ,60,1
تفکیک صدا کاملا عالی بالانس بسیار خوبی بین بم و مید و لو داره بیس بیشتر از این ندیدم و تجربه نکردم حتی رو هدفون اچ دی 450 آنالیز صدا بالاست کمی تو بیس و بم تو ریتم صدای ووکال زیر شفافیتش کمتر میشه که برای هدفون های زیر پونصد طبیعی هست قدرت بالایی داره من رو لپتاپ بالای شونزده درصد اذیتم میکنه شانزده ها  نه شصت  اما رو گوشی شصت درصد کاملا مناسب هست رو آهنگ های لایت با ووکال مداوم  تا برهوت بالا میره کیفیت  بعضی هدفون ها برای گیم و بیس هستن  مثل رازر کراکن پرو بعضی برای ووکال و موزیک که شامل این مدل هست که الالن رو آمازون پنجاه دلار هست و مال دوهزار و چهارده البته الان هم ساخته میشه  البته قبلا هشتاد دلار بود و افت کرده ,96,1
بسیار عایه تو اجرای بازی خوشم اومد فقط خیلی زد داغ میکنه نکته بعدی اینکه میتونه آینه خوبی باشه ینی خودتو توش قشنگ میبینی به خاطر کیفیت پایین صفحه نمایش و شفاف بودنش ,84,1
کیفیت بالایی داره مکش قوی و بسیار کم صدا ,92,1
بعد از 6 ماه استفاده هنوز ازش مشکل ندیدم چه تو بازی چه برنامه های دیگه بسیار پر سرعت و دقیقه البته باید عرض کنم من به جای هارد این لپتاپ از یک هارد اس اس دی 256 گیگ سامسونگ مدل پرو استفاده میکنم چون هارد خودش اصلا سرعت خوبی نداشت از نظر من و باتری زود تموم میشد حدود دوساعت کار مداوم ولی با تعویض هارد سرعت بسیار زیاد و باتری بسیار کم مصرف میشه حدود 10 ساعت مداوم آره اینجوریاست ,100,1
دوستانی که بتازگی با این مدل دستگاه آشنا شدند بهتر است نکات زیر را پیرامون آن بدانند  1  این مدل دستگاه دقیقا کارتریج های مدل 2440 را پشتیبانی می کند ولی در مقایسه با آن امکان چاپ گلاسه در ابعاد A4 را دارد  همچنین آپشن های بیشتری برای انتخاب جنس کاغذ برای آن وجود دارد  2  صدای تولید شده در مقایسه با 2440 کمی کمتر است  3  نزدیکی رنگ در کپی بسیار با نمونه اصلی بالاست و می شود گفت بسیار عالی است  4  کیفیت چاپ عکس آن از نظر رزولوشن عالی است ولی از نظر ساخت رنگ کمی دارای کنتراست پایینی است  بهتر است از کاغذ Mir برای چاپ عکس استفاده کنید  5  مخازن استاندارد 30 میلی به همراه سوزن های مخصوص فشار بخوبی روی آن نصب می شود و حتی تا 2 هفته بلا استفاده از تنظیم خارج نمی شود  کیت مخزن این چاپگر در بازار موجود است  6  در صورت نصب مخزن نباید پرینت پشت سر هم در تعداد بالا با این دستگاه انجام داد  بهتر است بین هر 5 الی 10 برگ حداقل 10 دقیقه فاصله باشد  در غیر این صورت درصد خرابی هد کارتریج بالا می رود  7  کارتریج های این دستگاه قابل شارژ بوده ولی پیشنهاد می شود اگر می خواهید مانند یک دستگاه لیزری حتی در صورتی که 1 ماه از آن استفاده نمی کنید کارتریج دچار فقدان جوهر و خشکی شود روی آن مخزن نصب کنید  ,88,1
سبک و جمع و جور  هست و فضای کمی رو اشغال میکنه  سیم جمع کنش خیلی کاربردی هست  البته باید مراقب باشید تا پایه هاش نشکنه  یکم ضعیفه   کیفیت بدنه و سیم با توجه به مبلغ پرداختی قابل قبول هست  در مورد تست کردن هم فعلا دستگاه نو هست و کارایی خوبی داره  به شرط اینکه به مرور زمان  زیاد افت نکنه  کم اش طبیعیه   تنها مشکل اش نداشتن چراغ یا نشانگری هست که با روشن شدن دستگاه روشن بشه  کیفیت ولوم پلاستیکی تنظیم حرارت هم نسبت به بقیه اجزای بدنه پایینه  در کل نسبت به مبلغ پرداختی و برند فیلیپس  به نظر من برای کسانی که مشکل کمبود فضا دارند و استفاده و انتظار زیاد از دستگاه ندارند   انتخاب مناسبی هست  ,56,1
به نظر من فقط برای پوستهای نرمال و شاداب که لک یا جوش ندارن مناسبه پوشش و ماندگاری زیادی نداره اکثر دوستان نظر مثبتی داشتن و منم به همین دلیل خریدمش اما برای پوست من اصلا مناسب نیست ,52,3
باسلام من این لپتاپو برا کارای خیلی معمولی استفاده میکردم  بعد دوماه از خریدم پاورش سوخت لپتاپ دیگه روشن نشد  برای گارانتی سازگار پست کردم بعد از 17روز لپتاپم بدستم رسید  بعد دریافت لپتاپ قسمت رم ریدرش کار نمیکنه و قسمتی تقریبا دوسه سانت  از قاب دور صفحه ال سی دیش باز شدستش   اینم بگم با کلی بسته بندی و عایق کاری توی کیف لپتاپو پست کردم و بعدش برام فرستادن  وقت استفاده از دی وی دی رام صدای زیای میده  شنیده بودم از سری xزیاد تعریف نمیکنن میخواستم سری kرو بخرم چون دیجی کالا تموم کرده بود اینو گرفتم لپتاپی زیبا ولی در عین حال ظریف و شکننده ست باید مواظبش باشین ,48,2
تاچ پدش کار نمی کنه وای فای هم نداره یکی از پورت اشم کار نمی کنه اصلا نخرید ,60,3
نشتی به داخل داره و آب هم توش زیاد می مونه طعم میگیره  ,24,3
با داشتن دستور پخت های متنوع ایرانی  خیلی راحت میشه باهاش کار کرد ,100,1
قیمتش می تونست خیلی پایین تر باشه ,88,1
این لب تاپ واقعا نسبت به قیمتش به صرفس حتما پیشنهاد میکنم به کسایی که با قیمت کم ویژگی های بالایی میخوان حتما بهش فکرکنن ,88,1
من دو هفته ای میشه که این لب تاب رو از دیجی کالا تهیه کردم  لب تاب قدرتمند و بسیار خوش ساختی هست  برای گیم هم عالیه تا بحال بازی های  واچ داگز  2 و بتل فیلد 1 رو روی آخرین درجه کیفیت 1920 1080 بازی کردم بدون گل و تیک   تا بحال سر بازی اذیت نشدم   این لب تاب از رقیب های خودش خیلی بهتره بهتر و سر تر هست  حتما پیشنهاد میکنم منکه خیلی راضیم اصلا نم پشیمان نیستم  ,100,1
تفال بی نظیره ,100,1
واقعا این لپتاپ که یک سال و نیمه دارمش  واقعا کیفیت بالایی از هر لحاظ داره با داشتن ویندوز ده هم به شدت کار لمسی کار  استفاده رو راحت می کنه  درکل خیلی عالیه  من پشیمون نشدم  ,100,1
کسانی که دنبال درست کردن وافل هستند با فر این قالب عالیه و کار امد و شکل زیبایی هم دارد ,60,1
سخت افزار مناسب ویندوز اورجینال  صفحه نمایش با کیفیت مطلوب ,84,1
به نظر من کنسول عالی و خوبیه و من توی پیشنهاد ویژه خریدمش از هر نظر خوبه و هیچ کمی و کاستی نداره ,100,1
فوق العاده است ما 3ساله این اتو رو داریم مثله بنز کار میکنه اونایی که میگن برق میندازه یا پارچه نازک رو میسوزونه احتمالا فقط بلدن دوشاخه اتو رو بزنن به برق و اتو بزنن هر اتویی درجه حرارتش قابلیت تنظیم داره واسه انواع پارچه اگه قرار باشه با همون درجه حرارتی که پارچه کتان رو اتو میکشین مثلا  روسری زنانه اتو بکشین مسلمه که میسوزه برای جاهایی هم که فکر میکنین برق میندازه باید از پشت پارچه اتو کشیده بشه ,88,1
من این دوربین چند روز پیش سفارش دادم هنوز به دستم نرسیده ولی تو پیگیری سفارشات نوشته تحویل شده از دیجی میخوام رسیدگی کنه ,76,2
روی جعبه ش نوشته مسیو بیس  وقتی با desktop تست کردم بیس قوی نبود دلیلش اینه که کارت صدام معمولیه بلا فاصله وصل کردم به گوشی فقط میتونم بگم بیسش ویران کننده ست عالیه طرفدارای موزیکهای بیس دار حتما بگیرن اینو روی جعبه نوشته شده for mobile phones پس اگه برای pc میخواید بایدحتما کارت صداتون مرغوب باشه تا نتیجه بگیرید واقعا هدفون خوبیه ,76,1
خیلی عالیه  درسته قیمتش از پی اس فور خیلی بالاتره  بالا بودن قیمتش به خاطر کینکتشه که تا حالا هیچ چیزی مثل اون تو ابزار سرگرمی ساخته نشده حتما حتما بخرین کیفیتشم هیچ تفاوتی نداره با پی اس فور ,92,1
جنس بسیار بد و بدرد نخور  بدترین خریدی بود که از  دیجی داشتم من که مرجوع کردم اینم از تولید ملی   ,0,3
سلام خیلی عالی بود  اصلا آب چکه نمیکنه و لباس رو خراب نمیکنه ,100,1
محشره حرف نداره از هر لحاظ عالیه من تو شگفت انگیز خریدم و حالا پشیمونم که دوتا نگرفتم  ,92,1
راضی ام ازش ,100,1
از دیجی کالا خریدم هنوز استفاده نکردم اما ظاهر خوبی داره  قشنگه و جمع و جوره   فقط کوچیکیش باعث میشه ظرف بزرگتر از بشقاب نتونید داخلش قراربدین  مثلا دیس غذا و  ,84,1
من این کالا رو توی اشگفت انگیز خریدم  لباس ها رو خیلی خوب اتو می کنه و از کیفیت بسیار خوبی برخورداره  گرماش عالیه فقط یکم سنگینه که در مقابل کیفیت بالا و عالی اتو کردن لباس ها اصلا عیب به حساب نمیاد  ,88,1
من دوتا از این لپتاپ رو خریدم  یکی برای خودم و یکی بری همسرم  سفید و طلایی رنگ سفیدش تا حد زیادی مشکل    عدم نور پس زمینه ی کیبورد   رو حل میکنه  چون دکمه های کیبورد هم سفید هست و توی شب  بازتاب نور خوبی داره  اول قرار بود  لپ تاپ 13 اینچی لنوو مدل Ideapad 500s   بخرم  که دیجی کالا وارد کننده ی اختصاصیش بود و تموم کرد  بنابراین توی بازار هم نیست تا جایی ک میدونم   ک ب نظرم هنوز هم لنوو 500s  یک لپ تاپ خوب و کامل هست     از ویژگی های مثبت همونطور که شرکت ایسوس ادعا کرده سبک زیبا و سریع هست  واقعا زیباست  درواقع عین لپتاپ های اپل هست فقط ب حای سیب گاز زده  نوشته ایسوس   باور کنین از نظز ظاهری این تنها تفاوتشونه     اما ب نظر من به هیچ عنوان نمیتونه یک مک کیلر باشه  ب هیچ عنوان  اما شما از وزن کم لپتاپ و صفحه نمایش شگفت زده میشین   CPU  چون که cpu core M هست مصرف باتری خیلی کمتره و نیازی به فن نداره  اما طبیعتا قدرت پردازشش کمتره نسبت به سری های دارای CPU core iها  البته این یک واقیت هست که بیش از 90  کاربر های لپتات نیازی آنچنانی به پردازش قوی ندارند  پس اگر یک کابر  عادی هستید به این موضوع ب عنوان یک مشکل نگاه نکنین   گرافیک نداشتن گرافیک جانبی هم برای من و خیلی از افراد که قرا  نیست کار حرفه ای گرافیکی انجام بدهند مشکل نیست  ضمن این که مثلا این گرافیک  اینتل بازی های دو بعدی رو ب راحتی جواب میده  همینطور کارهایی با فتوشاپ و نرم افزار های گرافیکی   هارد هارد دیسک ssd  اون هم 512 یکی دیگه از ویژگی های مثبت لپتاپه که سرعت لپتاپ رو تامین میکنه  و شما دیگه لازم نیست از لرزش و چرخش لپاپ نگرانی داشته باشین و راحت میتونین جا به جا  کنین   این خیلی مسخره هست  ک برخی شرکت ها لپتاپ سبک میزنن با هارد HDD    باتری لپتاپ همسرم 10 ساعت  شارژش رو نگه میداره اما  لپ تاپ خودم کمتر درکل باتری بدی نداره گرچه من فعلا ناراضی هستم   خیلی زشته که یک لپتاپ با این قیمت  مشکل لگ هنگ داشته باشه   گاهی اینطوری میشه   من کاملا موافقم با دوستانی که با تاچ پد مشکل دارند    درکل با این که من طرفدار ایسوس نبودم   و هنوز هم نیستم   باید بگم لپتاپ معقولی هست  و ارزش خرید داره  و پیشنهاد میکنم این لپتاپ رو کنار گزینه های دیگر خریدتون قرار بدین    من وقتی که از  لپتاپ دلگیر میشم  میرم با لپتاپ دوستم کار میکنم تا قدر لپتاپم رو بیشتر بدونم     اما نکته ی مهم   ببینین این لپتاپ برای افراد خاصی طراحی شده که    نیاز به کار  گرافیکی حرفه ای ندارند  یا بازی خیلی سنگین انجام نمیدن  نیاز ب پردازش خیلی قوی ندارند  در عوض همیشه باید لپتاپ رو با خودشون حمل کنند و نیاز ب سرعت خوبی دارند  مثل دانشجو ها  غیر از برخی رشته ها        ,80,1
لپ تاپ مذکور از ابزارهای سخت افزاری نسبتا مطلوبی با توجه به قیمت بهره می برد که مزیت خوبی در این نمونه باشد  چیز بدیهی است که ابزار قویتر هزینه بالایی میخواهد  باید ببینیم برای چه کاری میخواهیم از این نمونه استفاده کنیم   نیاز سنجی در هر کاری میتواند هزینه هایی اضافی را در بر نداشته باشد  ,80,1
بچه ها اونایی که میخان این لب تاپو برای کاربری روزمره و سبک استفاده کنن حتما پیشنهاد میکنن اما اونایی که میخان کارهای سنگین برنامه نویسی گرافیک بازی کنند اصلا مناسب نیست  ولی من برنامه های گرافیکی خودم روش بالا میارو  کند هس ولی بعد چند دقیقه اوک میشه   کیفیت صفحه نمایش که یکم تو ذوق میزنه که زاویه دیدش کمه  سی پی یو واقعا جواب میده کند نیس داغ هم نمیکنه  باطریش یکم ضعیفه تو مواقع اینترنتو برنامه های بازی که رو صفحه نمایشه 1تا1 5 ساعت جواب میده فیلم هم بخاید ببینید 2 تا فیلم 1 30 میشه دید در کل جزو نقاط قوتش حساب نمیشه کارت گرافیک به نسبت خیلی پایینه که باید رمو ببری بالا مشکل حل میشه ولی بازم نباید انتظار بازی سنگین همچون جی تی ای v ازش داشت  طراحیش خوبه که مانع سر خوردن موقع بلند کردن میشه و یه جا ثابت میشه نگش داشت  که حتی با یک دست هم میتونید نگش دارید یکی دیگر از نقاط ضعفش نبود درایوره که میتونید با رفتن به سایت لچ پی سریال لپ تاپو وارد کنید و درایوراشو دانلود کنید   در کل لپ تاب خوبیه که در کارهای روزمره معمولی شما رو همراهی میکنه امیدوارم لذت برده باشین  ,72,1
خیلی زود کف قابلمه کنده شد  با اینکه من فقط باهاش فرنی برای دخترم درست میکردم و اصلا قاشق کف اون نکشیده بودم  اصلا از تفال با گارانتی مادام العمر انتظار نداشتم   ,60,3
بسیار کاربردی است و برای کارهای روزمره دانشجویی کاری عالی است   ولی کارکرد باتری در حالت power saving از زمان اعلام شده کم تر  است  ,84,1
این مدل  k456uf  توی دستگاه های ایسوس وجود خارجی نداره  این رو امروز بعد از ساعت ها جست و جو برای نصب درایور های جدید فهمیدم   حالا یا اشتباه از دیجیکالا و وارد کننده یا عمدی بوده و یا اینکه این مدل توی این منطقه به این اسم شناخته می شه اسم اصلی این مدل X456UF هست که یعنی کلا از سری K نیست و جز سری X حساب میشه   واقعا از دیجیکالا بعید بود   مشکل دیگه ای که توی این مدت مشاهده شد نبود فضای هایبرید هارد که ذکر شده 8 گیگابایت SSD داره هست و فقط یک ترابایت فضای دیسک معمولی دارید   البته اگه با جابجا بودن مدلی که می خرید مشکلی ندارید خیلی هم لپ تاپ خوبی هست  نسبت به قیمت هم امکانات بسیار مناسبی داره  ,88,3
درود  من این هدستو دوساله که خریدم و اینم بگم که 24 ساعت ازش استفاده میکنم  هم باهاش گیم بازی میکنم هم آهنگ گوش میدم  توی آهنگ خیلی خوبه صدا واضحی داره ولی توقع بیس نداشته باشید ازش  توی گیم تشخیص صدای دالبی بالایی داره و منو راضیم میکنه  بعد از استفاده طولانی پشت گوشتون درد میگیره بدلیل طراحیش  فوم هایی که گذاشتن براش یمقدار ضعییفن و بزای من که پاره شدن  ولی هنوز کیفیت صدای اولشو داره  یذره نسبت به قیمتش گرونه  خلاصه اگه دنبال یه هدست جمع و جور و خوشگل هستین که کاربرد خانگی اداری داشته باشه عالیه  بدرود ,56,1
با ی ضربه کوچک پنلش شکست   واقعا quot  ضعیفه ,44,3
عمقش زیاده ,60,2
عالیه صداش منتها یکم  گرونه نسبت به ارزشش ,64,1
باسلام و احترام  به نظرم از لحاظ کیفیت ساخت و سهولت نصب و استفاده و قیمت گزینه بسیار مناسبی میباشد  ,92,1
من نوت 8 رو از دیجی پیش خرید کردم خیلی خیلی راضیم گوشی خیلی خوب و زیباییه تو چند ساعت اول حس میکنید خیلی بزرگ و کشیدست که بعد اون چند ساعت کاملا براتون طبیعی میشه خوش دست هست ولی خیلی نمیشه باهاش یه دستی کار کرد جای سنسور اثر انگشت هم خیلی برای راست دستا که گوشی رو با دست چپ میگیرن و با دست راست لمس میکنن مناسب نیست اینا که گفتم تقریبا بدیاش بود به غیر از اینا تو همه چی عالیه ,88,1
کیف خوب و با کیفیتیه اندازش مناسبه  ولی درجه تبش کار نکرد  ,84,1
من دو ماه بعد خرید بشدت پشیمون شدم واقعا اعصابتون رو خورد میکنه الان 6 ماهه واسه فروش گذاشتم با 40  قیمیت کمتر هیشکی حاضر نیست اینو بگیره ,44,3
با سلام این چاپگر در رده قیمت خودش به نظر من یکی از بهترینهاست و از هر نظر کار یک دفتر کوچیک رو راه میندازه از امکانات خوبش چاپ پشت و روی همزمان کاغذ هست تا اینجا من تقریبا 100 برگ پرینت پشت و رو گرفتم که با سرعت معقول کیفیت خوب کار رو انجام داد امکان اتصال از طریق وای فای هم که حرف نداره هم از لپ تاپ و هم از گوشی یا تبلت به راحتی میتونید باهاش چاپ بگیرید تنها موردی که داشت این بود که کارتریج من تونرش کریستاله شده بود که با همکاری خوب شرکت نیکاسا تعویض شد  ,88,1
همیشه عالی ,60,1
خیلی ابعادش کوچیکه و پد هم نداره جالبه این همه هزینه میکنیم یعنی دیجی نمیتونه یه پد اضافه  کنه پوشش دهی هم هیچ جای صورتو چه جوش باشه چه چیزای دیگه اصلا پوشش دهی نداره و من برای کسایی که پوستشون گندمی هست توصیه نمیکنم چون خودم وقتی زدم دقیق همرنگ صورتم بود هیچ تغییر رنگی نداره تنها چیزه مثبتش سبک بودن روی صورته که اونم بخاطر چیزای بد دیگش حساب نمیشه ,44,3
بیس عالی داره ,60,1
خیلی خوش دست و خش ساخته و چشم هر بیننده ای رو خیره میکنه و کم صدست و اصلا داغ نمیکنه و عمر باتری های دسته هم طولانیه ,88,1
یک DAC قدرمتند با صدایی شفاف و عالی  من برای دور زدن DAC مبایلم با یک هدفون ATH M50x ازش استفاده کردم که نتیجه بسیار رضایت بخش بود  توجه به جزئیات داخل جعبه بسیار دلگرم کننده است  داخل جعبه دو پد ژله ای برای قرار دادن میان موبایل و Q1 و همینطور کش برای اتصال این دو به هم پیدا میکنید  علاوه بر اون داخل جعبه یک کابل IC هم قرار داره  من برای بهبود کیفت صدای خروجی Nexus 5x ازش استفاده کردم  برای متصل کردن Q1 به مبایل هایی که خروجی USB C دارن یه کابل USB C  male  to Micro USB  male   نیاز دارین  یکم سخت پیدا میشه ولی من یدونه با مارک JCPAL تهیه کردم  علاوه بر اون اگر مبایلتون خروجی رو به صورت اتوماتیک تشخیص نداد  میتونید با فعال کردن Developer Option توی اندروید  توی بخش Networking گزینه   Select USB Configuration   رو به صورت دستی تنظیم کنید روی MIDI یا Audio Source  اگر اینا کار نکرد  میتونید با فعال کردن گزینه   Disable USB audio routing   هم دوباره امتحان کنید  اگر هیچکدوم از موارد قبلی کار نکرد  به احتمال زیاد میتونید با استفاده از پخش کننده HibyMusic صدا رو به سمت خروجی USB هدایت کنید  ,96,1
سلام من چندروزه رو تیبا با پخش فابریک بستم خیلیم خوبه بیس خوبی هم داره و میارزه بنظرم  ,84,1
این پلوپز را من تازه خریدم خیلی خوبه ساده و کاربردی  ازش راضیم میرزه به خریدش  جنسهای خوب ایرانی را باید پشتیبانی کرد  ,80,1
من خریدم  برای یکی از دوستان از نظر سخت افزاری که داخل سایت نوشته عالی ولی مشکلاتی که داخل نقاط قوت و ضعف این دستگاه نوشتم نگاه کنین  تا این لحظه همه مشکلات با درایور پک حل میشه اما متاسفانه دویدی رایتر آن افتضاحه برای من نمیشه ااولن نشد ویندوز از طریق نصب کنیم دوما گاهی اوقات سیدی یا دی وی دی میزاریم بالا نمیاد ثانیا من اصلا نتونستم از هیچ سی دی و دیویدی ایمیج بگیرم  ,60,3
رنگش برای من خوب بود و خوبم کاور کرد یکم زردی داره رنگبندیش ینی همه رنگاش ته مایه ی نخودی دارن  عطر داره ولی نمیمونه چند لحظه بعدش میپره بوش   پوست من نرماله نه چربه نه خشک ولی  یکی دوساعت بگذره برق میفته و بعد یه مدت استفاده کاملا پوستمو خشک کرد بنظرم مناسب استفاده تو فصل سرما اصلا نیست ولی برای تابستونای پوستای چرب خوبه   نظرتومهمه ,40,2
سیستم خوبیه   اگر هم بطور پیش فرض یکی از ویندوز های 8 یا 10 روش نصب بود خیلی هم بهتر میشد  ولی خودتون باید ویندوز نصب کنید البته اینم بگم خودش سیستم عامل داره ,72,1
رنگ خیلی قوی نداره ولی روی پوست سبکه و احساس سنگینی یا چرب بودن روی پوست ایجاد نمیکنه ولی اگر تو این رنج قیمت میخواین چیزی بگیرین من L oreal Lumi  رو پیشنهاد میکنم که بسیار جلوه رنگ قوی تری داره ,68,2
با سلام خدمت دوستان من این اتو را در تخفیف ویژه از دیجی کالا خریدم و دراستفاده ای که از ان داشتم باید بگم  بسیار خوب عمل کرد و حتی پیراهن نخی را به خوبی اتو کرد قبلا با اتوهای دیگه هم اتو کرده بودم ولی به این خوبی و بدون چروک نبوده است ,96,1
کیفیت ماهیتابه عالیه اما متاسفانه مورد ارسالی برای بنده توی بار تحت فشار بوده و خم شده بود  من حوصله قرار گرفتن در فرایند بازگشت کالا را نداشتم و خود با چکش کاری و فشار صافش کردم اما از دیجی کالا انتظار می ره در مورد ظاهر کالای ارسالی و بسته بندی کالا بهتر عمل کنه ,100,1
من این هدفونو برای   mp4 فیلیپسم خریدم و کاملا ازش راضیم پشیمونم که چرا زودتر نخریدم و هدست های بی کیفیت به دستگاهم وصل کردم ,100,1
من خریدم واسه در جلو دنا که قشنگ فیت شد بدون امپلی وصل کردم ولی بازم عالی بود فکر نمیکردم انقدر کیفیتش خوب باشه  ,68,1
همیشه عالی ,60,1
واسه نرم افزارهای interactive و چت خیلی عالیه  فقط باید مراقبش باشید چون خیلی ظریفه  ,96,1
من این لپ تاپ رو حدود 4 ساله که دارم و باهاش فایل های خیلی سنگین فتوشاپ و مدلسازی های سه بعدی نرم افزار های 3دی مکس و اتوکد و راینو و لومیون رو کار کردم و واقعن به نسبت این که یه لپ تاپ هست و نباید ازش انتظار گرافیک پی سی رو داشت   خیلی عالی جواب می ده   هر جا هم کم بیاره دلیلش استفاده بیش از حد از کارت گرافیکه که برای یه لپ تاپ نباید از کارت گرافیک انتظار محاسبات خیلی خیلی سنگین رو داشته باشیم  اما عملکرد سی پی یو بی نظیره   برای رندرینگ با موتور رندر وی ری استفاده می کنم و واقعن سرعت عالیه   موتور رندر وی ری تنها از سی پی یو و رم برای عملیات رندرینگ استفاده می کنه  دقت کنین هر موتور رندری بر اساس نوع محاسباتش تکیه بیشتری به بخش خاصی از سخت افزار داره پس برای انتخاببرای رندرینگ  ابتدا موتور رندری که قراره باهاش کار کنید رو دقیق بررسی کنین  این سیستم با هشت هسته با سرعت خیلی بالاتری نسبت به سیستم هایی که من باهاشون کار کردم و تو همین حدود قیمت بودن محاسبات سنگین رو انجام می ده   تنها ایرادی که من می بینم بازتاب نور توی صفحه نمایش هست و کیفیت پایین اسپیکر ها که البته با یه باس خارجی سعی کردن اصلاحش کنن که خیلی هم خوب جواب می ده ولی مسئله سر جابجایی همین باس خارجیه که یه حجم و وزن اضافه رو به شما تحمیل می کنه   بعلاوه این که نوع تاچ اسکرین که من خریدم اوایل خیلی باحال و جذابه ولی به مرور جذابیتش کم می شه و دردسر هاش براتون می مونه   تا می تونین اگر کار حرفه ای انجام می دین سراغ مانیتور تاچ نرید  یه صفحه کوچیک هم زیر صفحه نمایش هست کهسیم ها رو می پوشونه و  اگر مثل من با لپ تاپ بدرفتاری کنین و هی بخوره تو در و دیوار اون صفحه هه چون پلاستیکیه زود گیره هاش می شکنن خلاصه ش کنم   این سیستم تو این 4 سال هنوز یک بار هم تو کار های حرفه ای منو نا امید نکرده     ولی برای بازی  و فیلم و موسیقی و کارهای سطح پایین زیاد مناسب نیست به نظرم  ,96,1
جنس چینی و سنگین و کند و بی کیفیت ,28,3
من همه ی وسایل از قبیل تلوزیون و گوشی و یخچال و  سامسونگ دارم ولی سونی با قیمت کمتر خیلی بهتره  کیفیت ضبطش هم به سونی نمیرسه ,48,1
امروز به دستم رسید  بسیار با کیفیت ساخته شده و به نظر میاد به این زودی ها خراب نمیشه ,68,1
در حد خیلی عالی نیست  ولی خوب خوبه بد نیست ,92,1
من تو شگفت انگیز خرید کردم برای ارزش خرید داشت ,52,1
بعد از دوسال هنوز کارایی اش کم نشده  دامنه صدایی و کیفیت خیلی خوب همراه با بالانس بین بیس و تفکیک موسیقی تجربه خوبی برای آهنگهای روزانه و همیشه همراه داشتنش فراهم کرده  از لحاظ دوام در مدت زمان هم که  عالی بوده برای من ,88,1
من چن روزی هست از این سیستم استفاده میکنم   تاچ کمی آزارت میده   ولی باطری خوبی داره   عملکردهاش هم خیلی جدید و خوبن   به نسبت پولی که پرداخت میکنی میتوان گفت قابل قبول هست   ظاهرش هم نسبت به تصویرهای موجود زیباتر به نظر میرسد    مرسی از دیجی کالا  یه موس و کیف همه اضافش میکردند دیگه حرف نداشت   ,60,1
چیزی که در مورد این دستگاه می شه گفت  کیفیته   چه کیفیت ساخت  چه کیفیت صدای خروجی  قدرت صداش هم کاملا راضی کننده س برای یه مهمونی تو سالن 100 متری و 30 40 نفری جواب می ده  گوش کردن به موزیک با صدای پایین هم توی اتاق لذت بخشه چون کیفت خیلی خوبی داره و با صدای پایین هم بیس خیلی دلپذیری داره  ,68,1
در مشخصات و اقلام همراه یک میکرفن هم زده که بدست ما نرسید و فقط یه باتری داشت ,20,3
من بیشتر از یک سال که این مدل رو خریداری کردم از هر لحاظ راضی ام فقط اینکه جای دست روی لب تاپ می مونه و براحتی پاک نمیشه آزاردهنده ست  ولی در کل از لحاظ کانفیگ این ممدل رو پیشنهاد میکنم  ,76,1
من از این پنکیک سالهاست که استفاده میکنم و خیلی راضی ام روی پوست خوب میشینه و اصلا جوش نزدم  خیلی خوبه که دیجی کالا اینو آورد خیلی خوشحال شدم و خریدمش ,84,1
خیلی راحت روی پوست میخوابه  خیلی نرم و سبکه  رنگ طبیعی و خوبی هم داره البته برای پوست یکم روشن بود من به صورت خشک استفاده کردم پوشش نسبتا خوبی داشت و خیلی مات و تمیز و بدون ماسیدگی ,84,1
من این لپ تاپو برای برادرم گرفتم و توی این رنج قیمت یا حتی تا حدود 2 تومن  لپ تاپ خوبیه و نسبت به کانفیگی که داره خیلی خوبه  من حتی لپ تاپ تا 2 تومن آمار گرفتم ولی اکثرا کارت گرافیک ندارن و یا هاردشون 500 گیگه  به نظر من که گزینه مناسبی برای خریده  البته کسایی که نمیخوای کار گرافیکی کنن و یا بازی های سنگین انجام بدن میتونن مدلای دیگه توی این رنج قیمت و یا حتی پائین تر رو انتخاب کنن  ,64,1
اصلا یه لحظه هم تو خریدش شک نکنید تو این رنج قیمت این هدفون یه شاهکاره با این کیفیت و صدای رسا و مهمتر از همه برند فیلیپس هستش که واقعا امتحانشو پس داده تو کیفیت و دوام هدفونهاش ,96,1
پولتونوهدر ندید  خدمات بعد از فروش در حد صفر هستش و اگر قطعه نیاز داشته باشید ندارند  لااقل اگر از براندهای معتبر خرید کنید اگر نیاز به قطعه داشته باشه تو بازار پیدا میشه ,48,1
درکل خوبه سی دی نداره   تمام نرم افزار باید از سایت اچ پی دانلود کنین ,84,1
خیلی هنذفری خوبیه من تقریبا 3 ماه میگشتم برای هنذفری خیلی دیدم اما مثل این ندیدم کلا فیلیپس یکی از برندهای برتر دنیاست سرچ کنین اطلاعات کسب کنین فوقولادس فیلیپس البته سنهایزر هم محشره اما گرون نسبت به قبمتش اما می ارزه  ضمنا دوست عزیزی که فرمودین که خیلی افتضاحه باید بگم شما روی MP3 Player امتحان نکردین و من روی گوشی هواوی مدل P7 امتحان کردم بازی عالی بوده  ,80,1
حدود یک هفته است از این سیستم استفاده می کنم و سیستم قبلیم رو هم از دیجیکالا خریدم  ACER Aspire E1 571  گنو لینوکس اوبونتو گنوم 16 04 روش نصب کردم با لینوکس سریع و سازگاره ولی نیاز به نصب جداگانه درایور های وایرلس داره  وایر لس ساخت شرکت کوآلکام     Qualcomm Atheros QCA9377  کیفیت ساختش مناسبه و طراحی ساده و خوبی داره بدنش ماته به همین خاطر  اثر انگشت کمی جذب می کنه  بدنش کاملا یکپارچست و به طبع محکم و مقاوم ولی دو تا نکته منفی داره شماره یک    برای تعویض رم و هارد پردردسره   یک باید پیچ اپتیکال دیسک  دی وی دی رایتر ساخت شرکت مشترک هیتاچی   ال جی  باز کنید و درایو رو جدا کنید دو باید حدود 20 تا پیچ  حدود 10 تا پین رو جدا کنید تا بتونید با احتیاط بازش کنید تا سیم اسپیکر قطع نشه بعد سیم باطری رو جدا کنید تا رم و هارد رو تعویض کنید و دوباره مراحل رو بالعکس تکرار کنید ولی اگر  نمی خواید سیستم رو دستکاری کنید مشکلی با این قسمت ندارید  شماره دو     باطری قابل جدا شدن نیست ٬ این مورد یکمی بده چون اگه روی سیستم مایعات بریزه نمی تونید به این آسونی نجاتش بدید و احتمالا باید باهاش خداحافظی کنید       صفحه نمایش اچ دیه رنگ هارو هم خوب نشون میده و نور خوبی هم داره ولی زاویه دیدش خیلی محدوده   به خاطر استفاده از سی پی یو کم مصرف سری یو 14 نانو و 15 واتی  و همین طور رم کم مصرف دی دی آر 3  ال با باطری 2500 میلی آمپریش چند ساعتی رو دووم میاره   به طور کلی سیستم اقتصادی و باصرفه ایه به کسانی که مصرف روزمره و عمومی از سیستم دارن و نمی خوان حسابشو تا تهش جارو کنن پیشنهاد می کنم حتما بخرنش     ,80,1
چند سالی هست دارمش  دوربین خوبیه  اما لنز کیت که روش هست خوب نیست و یک لنز دیگه به تناسب استفاده تون بگیرین  لنز کیت من گیج میزد و نمیتونست سریع فوکوس کنه  این دوربین عکسهای بزرگ و شفافی میگیره  وقتی عکس رو میفرستین توی گوشیتون و زوم میکنین تازه میفهمین چه وضوحی داره و راحت میتونین کروپ کنین و هر قسمت حتی کوچک عکس رو که میخواین جداکنین  ,60,1
دوستان من نصبش کردم رو 206   از لحاظ سایزی انداره میشه ولی باید قاب پشت باند که به در وصله باید برش بخوره   صداش خیلی با کیفیته ولی با پخش فابریک 206 صدای خیلی خوبی نداره حتما پخش خوب و آمپلی می خواد تا خودشو نشون بده   دوستانی که پژو دارند مخصوصا 206 با خیال راحت بخرن ,76,1
این هدفون واقعا عالیه  از هر لحاظی که مدنظرتون باشه  خیلی خوب داخل گوش جا میگیره  کیفیت صدا فوق العاده ست  از گوش براحتی جدا نمیشه  صدای بیرون رو تا حد خیلی خوبی از بین میبره  سیمش واقعا مقاومه و من که همیشه مشکل قطعی داخلی سیم هدفون هامو داشتم و دارم اصلا این مشکل رو برام بوجود نیاوارد  البته دکمه کنترل نداره و کپ هاش هم ممکنه گم بشن  منم به دلیل گم شدن تمام کپ هام  البته بعد از حدود یکسال مجبور شدم هدفون دیگه ای بخرم  اگه دوباره موجود بشه باید برای چند تا از دوستام سفارش بدم  ولی حیف که هیچ جا نیست ازش   خلاصه که هر جا دیدین در خریدش تردید نکنین  یکی از دوستان کامنت گذاشته بود تا دو برابر قیمتش بی رقیبه  واقعا حرفشو تایید میکنم ,84,1
در کل از خریدم راضیم  دو ماه هست که این لپتاب رو دارم  بازی های جدید رو روی آخرین گرافیک اجرا میکنه ولی کمی گرم میشه که به نظرم طبیعیه  بهتره از کول پد استفاده کنید ولی بدون کول پد هم زیاد مشکلی نیست  دو تا فن قوی برای cpu و کارت گرافیک داره  سرعت هارد ssd به کار رفته برای لپتاب هم خوب است و به 300 مگابایت بر ثانیه هم میرسه ,80,1
کیفیت ساخت و زیبایی عالی ,60,1
در کل خوبه ولی یه ذره تاچش ضعیفه ,76,1
قیمت ارزانتر از بازار ساخت اسلونی  کیفیت عالی ,100,1
همه چیزش عالیه ,60,1
در کل خوبه   این لپ تاپ کار من رو برای کارهای دانشگاهیی و مقاله و گوش کردن موسیقی خیلی خوب و مفید بوده این چند ماه  اما خب با این قیمت توقع  اجرای بازی سنگین   فیلم های خیلی کیفیت بالا رو ازش ندارم  اگه واسه کار اداری و خانوادگی می خواین عالیه  در ضمن ظاهرشم زیباست  ,68,1
از دیجی کالا خریدم هنوز استفاده نکردم اما ظاهر خوبی داره  قشنگه و جمع و جوره   فقط کوچیکیش باعث میشه ظرف بزرگتر از بشقاب نتونید داخلش قراربدین  مثلا دیس غذا و  ,84,1
من از دیجیتال کالا گرفتم و با کار کردن با اون راضیم ,96,2
خیلی عالیه از تمام جهات ,100,1
سلام این پوست کن رو تهیه کردم   همونطور که توی شکل هست فقط برای سبزیجات هست و نمیشه پوست میوه و یا سیب زمینی و   باهاش کند   یه جورایی اصلا به کار نمیاد   ,40,3
پیشنهاد میکنم بخرید چون بوشه و کیفیتش خیلی بالاست و بدرد بادریل کار کردن میخوره   اینم باید در نظر داشته باشید که روش نوشته المانی ولی رو باکسش نوشته چینی  حالا کدوم راسته خدا میدونه ولی ارزششو داره بگیرید ویادتون نره تو پیشنهاد ویژه بخرید   نظرتومهمه ,100,1
من حدود یک سال و نیمه که این دستگاه رو دارم  از نظر کیفیت صدا و ظاهر دستگاه خوبیه ولی چندین بار هنگام پخش فیلم  خصوصا فیلم های طولانی  دچار مشکل شدم ,92,1
یه دریل عالی برای مصارف خانگی  واقعا از دیجی کالا بخاطر شگفت انگیز کردن این کالا سپاسگزارم   ,76,1
درکل همه چیش خوبه ,80,1
سلام یک هفته ست خریدم  همون چیزی بود که انتظار داشتم  قوی و مقرون به صرفه نسبت به سایر برندها  لپ تاپ قبلیم که سال 90 خریده بودم باتریش جدا می شد و می تونستم وقتی یه جای ثابتم با استفاده از آداپتور و بدون باتری ازش استفاده کنم که این باعث عمر خوب باتری می شد چون تنها در مواقع ضرورت ازش استفاده می کردم که متاسفانه این لپ تاپ این ویژگی رو نداره  صفحه نمایشش هم رزولیشن پایینی داره ولی چون سایزش 14 اینچه برای من اصلا به چشم نیومد  البته اونایی که حساسیت دارند روی صفحه نمایش سراغ این مدل نیان  ولی خب  به قدری سایر ویژگی هاش خوبه که منو مجاب به خرید کرد و خداروشکر که همون چیزی بود که می خواستم  ,84,1
کرم پودر خیلی معمولی  ریمل معمولی و نه چندان حجم دهنده  رژگونه اگه رنگش بهتون بیاد خوبه  رژش مایع  با پوشش نه چندان خوب  لاکش رنگ شیکی داره   کیت برس و کیفش قشنگن  در کل خیلی با کیفیت نیست  از لورآل انتظار بیشتری داشتم   ,56,3
بسیار بسیار بی کیفیت مخصوصا از نظر بیس که اصلا حرفی برای گفتن نداره هندفری قبلی که از همین برند داشتم و حتی قیمتش هم نصف این مدل بود صداش فوق العاده قوی بود اما این مدل نه بیس داره نه کیفیت اصلا پیشنهاد نمیکنم ,36,3
من اینو داشتم خیلی خوب بود صدا عالی بود واضح بیس خیلی خوبی هم داشت  بعد 2 سال سیمش قطع شد ولی بازم میخوامش ,88,1
درود عزیزان کیفیت این محصول  بار سنگین نامشو به دوش نکشید  این مجموعه تنها به درد مصرف خانگی نرمال می خوره  یعنی اگه در منزل کار فراوان دریل کاری و  دارید کیفیت این محصول راضیتون نخواهد کرد  شاد باشید ,56,2
تازه به دستم رسید از دیجی کالا خریدم به نظرم بسار با کیفیت و قدرتیه فقط در مورد باکس مدل سیلد توصیه شده توصیه خود شرکت  ولی    من ممکنه بخوام تو سفر استفاده کنم فک کنم مگنتش بترکه  به نظرم تو رنج قیمت خودش بی نظیره   فقط اگر میتونید حتما حتما از سیم ضخیم استفاده کنید و گین هاشو تو سایت پیدا کنید اگرم نمیتونید بدید یه نصاب ببنده من از خریدم راضیم ,84,1
اتوی خوش دست و خوبی است و طراحی و جنس خوبی داره ,84,1
چند روزه که این همزن دستم رسیده  صداش فوقالعاده کمه  فقط رو درجه ی 5 یه کم بلند میشه  برای درست کردن کیک عالیه و سفیده تخم مرغ رو خیلی سریع مناسب برای کیک پختن میکنه  راضیم ازش  سه روزه به دستم رسید که خیلی خوب بود  ممنون دیجیکالا ,100,1
1 ساله خریدمش عالی و بدون نقص  ,60,1
کنسول عالی است ,96,1
از نظر زیبایی و کیفیت در حد خوبی است و کار کردن با آن راحت می باشد   زمانی که نان را در محفظه قرار می دهیم و نان را پایین می بریم دستگاه روشن می شود و بعد از گذشت زمان با توجه به درجه انتخابی به صورت اتوماتیک متوقف میشود   البته یک دکمه هم داره که خودمون می تونیم هر وقت خواستیم متوقفش کنیم   ,88,1
در قبال هزینه ای که میکنید کیفیت خوب و کارایی بالایی داره  سرعت گرم شدن اتو هم خوبه جنس کفه سرامیک هستش که به نظر من مناسبه اسپری آب از جلو خوب عمل میکنه و قطرات ریزی رو پخش میکنه  فقط یه مشکلی هست میزان بخار دهی اون به نظر من کمه هم به صورت مدام هم به صورت ایستاده و هم بوسیله دکمه فشاری بخار ,92,1
با سلام ممنون از دیجی کالای عزیز من این محصول رو از دیجی کالا خریدم توی یه جمله می تونم بگم فوق العاده هست واقعا کیفیت و جنس عالی داره و هر سه سایزش خیلی کاربردیه ,100,1
باتریش 1 ساعت نیم بیشتر نمیره حتی موقع فیلمم یه ساعت و نیم  بعضی وقت ها تاچ پدش کار نمیکنه خاموش روشن میکنم وقتی تازه روشن میکنی هنگه جدیدا به تلویزون وصل میکنم صدا نداره   کیبورد فارسیم نداررره  در کل زیاد ازش راضی نیستم   ,44,3
خواهش میکنم که زود تر مو جود کنید نیاز دارم مشکی ,100,1
بنده در پیشنهاد ویژه این سرویس رو خریدم  روز اول که توی یکی از قابلمه ها غذا درست کردیم  کلا غذا ته گرفت و به صورت عجیبی چسبیده بود به کف قابلمه  به خدمات پس از فروش زنگ زدم گفتن مربوط میشه به گارانتی خود محصول  اوجا هم که جوابمونو ندادن  دباره زنگ زدم به خدمات پس از فروش دی جی کالا  گفتن پیگیری میکنن  1 5 ماه از این قضیه میگذره و هیچ پیگیری نشده متاسفانه  دو بار دیگه هم زنگ زدم و دباره گفتن در حال پیگیری هستیم  انتظار دیگه ای داشتم از دیجی کالا ,56,3
در خریدش شک نکنید عالیه ,100,1
بدون اینکه تفلونش خراب بشه ,100,1
من این دستگاه رو 4 سالی میشود که خریدم و به جرات میگویم به عنوان مصرف شخصی فوق العاده بود هم کامپیوترم را بهش وصل کردم هم ps4 و کیفیت خیلی خوبی را دارا بود ولی الان مشکلم این است که به خاطر اتصالی برق خانمان مشکل پیدا کرده و به راحتی روشن نمیشود و باید چندین بار از برق بکشم و داخل برق کنم تا روشن شود حتی یک بار هم به دست تعمیر دادم و برای دو سه بار اول سالم بود ولی دوباره دچار همان مشکل شد در کل برای مصرف شخصی خوب است اما اگر اتصالات برقی محلتان زیاد است توصیه نمیکنم ,80,1
نقد و بررسی دیجیکالا فوق العاده است  همه چیز رو گفته  فقط نکته ای که باید بدونید اینه که موقع گوش دادن به موسیقی حتی باصدای تقریبن ملایم دیگه صدایی از بیرون نمیشنوید و البته گوشها هم اذیت نمیشن  مختص دویدن و شنا کردنه  البته تو باشگاه های بدنسازی اگه بخاید تنها باخودتون صفا کنید  یا با اهنگهای باشگاه حال نمیکنید هم عالیه ,100,1
با ی ضربه کوچک پنلش شکست   واقعا quot  ضعیفه ,44,3
خانمم راضیه ازش ولی خودم دوست داشتم اصل فرانسه باشه که نیست  چون اینا زیر فشارن آدم نگران گونه توپال فلز  بکار رفته میشه ,60,2
واقعا لپتاپ خوبیه کیبور فارسی داره با نور پس زمینه بازی pesرو خیلی خوب اجرا میکنه و خیلی سریع ویندوز بالا میاد البته دی وی دی پلیر نداره که میتونین با یه مبلغ کم اکسترنالشو تهیه کنید باریک و زیباست باتریشم خوبه البته باتریشم نمیشه خیلی راحت جداکرد ,80,1
سلام من دیروز به دستم رسید جنس خوبی داره ولی توی عکس اشاره ای به اندازش نشده ,64,1
لپ تاپ بدی نیست یه ذره زاویه دید پایینی داره   جای اثر انگشت خیلی میمونه و کلیکهای تاچ پد خوب عمل نمیکنه  ,60,2
اول اینکه دیجی خیلی نامردی  چون بعد از خرید من قیمت رو ارزونتر کردی  دوم در مورد لپتاپ وقتی دستم رسید بعد از نصب ویندوز  اولین چیزی که حال کردم باهاش باطریش بود که واقعا عالی هه  کیف ارجینالش خیلی معمولی هه همین فقط برای حمل خوبه   ضربه و اینا نباید بخوره    دوستان فاکتور هم حتما بگیرید چون ضمانت نامه از روی تاریخ فاکتور معتبر براتون شروع بشه وگرنه از تاریخ ساخت شروع میشه  که من درخواست فاکتور دادم اما متاسفانه دیجی فاکتور نداده و هیچ وقت اینکار نمیکرد   نمیدونم چرا  حالا باهاش کار میکنم و اطلاعات دقیقتر رو بعدا براتون میگم ,88,2
من این کابل رو یک ماه پیش از دیجی کالا خریدم ولی فقط دو هفته کارد کرد و کلا از کار افتاد ,0,3
این دستگاه از نظر امکانات عالیه  تمام ابزارهای لازم رو داره  اما بازهم یه عیب بزرگ داره  اونم جوهرافشان بودنش هست  کارتریجش خیلی گرونه و بعد از یه مدت استفاده پشیمون میشی  در کل بنظرم پولتون رو پس انداز کنید و یه پرینتر لیزری بخرین  ,52,3
حدود یه ماهه ازش استفاده میکنم خیلی خوبه تقریبا بدون روغن میشه ازش استفاده کرد تنها ایرادش اینه که خیلی سنگینه ,68,2
این کالا رو برای خانمم سفارش دادم جهت استفاده در شیرینی پزی امروز در یک بسته بندی بسیار عالی تحویل گرفتیم  وقتی باز کردیم از جنس و متریال ساخت دستگاه کاملا تعجب کردیم بینهایت خوش ساخت و جون دار بود متور بسیار قوی 650 وات و عملکرد توربو ان فوقالعاده  از اجناسی است که فکر نکنم کسی از خریدش پشیمون بشه   به همه خانمهای خانه دار که قصد خرید دارن توصیه میکنم بخرید ضرر نمبکنید   ,88,1
از کوچکی و خوش دست بودن این دریل تعجب خواهید کرد  ,88,1
اون دوست عزیزی که این تلویزیون را با ال جی مقایسه کرده همون بهتر که بره ال جی بخره کیفیت تصویر تلویزیونهای سامسونگ بر حسب ریتینگ جهانی خیلی خیلی بالاست این تلویزیون نسبت به قیمتش واقعا عالیه من سامسونگ 8880 دارم و پنج ساله که ازش استفاده میکنم تمام فکو فامیلی که ال جی یا برندهای دیگه داشتند با مقایسه کیفیت تصویر اعتراف به بهتر بودن سامسونگ داشتند تلویزیون من منوی تنظیم خیلی خیلی کاملی روی تلویزیون داره ولی نداشت هم نمیشد جزو معایب حسابش کرد چون اکثر دستگاهای صوتی تصویری دیجیتالی با کنترل از راه دور بهتر و کاملتر تنظیم میشن و منحصر به تلویزیون سامسونگ نیست در کل از دوستانی که نظراتشان باعث گمراهی خریداران میشه گله مندم  مقایسه حتما با توجه به قیمت باید انجام بشه و در یک سطح فقط یک مورد تخصصی در مورد تلویزیون سامسونگ بگم که رنگ سیاه در این تلویزیون واقعا روشن شدن پیکسلها به رنگ سیاهه نه خاموش شدن پیکسل برای نشان دادن رنگ سیاه  این مورد ریز باعث شده تلویزیونهای ال جی در نمایش تصاویر که در تاریکی و یا رنگ سیاه فیلمبرداری شده اند کیفیت پایینی داشته باشند که برای افراد حساس به کیفیت نکته قابل توجهیه  رنگ سیاه در ال جی خاکستریه یا سیاه رنگ پریده   پس سامسونگ از لحاظ کیفیت تصویر واقعا برتر از ال جی هست  ,56,3
این کنسول با این مشخصات و همراه با سه بازی واقعا خیلی خوب و عالیه  شک نکنید برای خریدنش قیمتشم مناسبه ,80,1
عالی بود حتما بخرید دوستان از اتو کشی بیرون خیلی بهتره عالی ,92,1
واقعا زیباست که البته سلیقه ها متفاوته  قطعات داخلی پیداست که احساس جالبی به کاربر میده و مراقبت کاربر رو طلب میکنه  بر خلاف مدل های مشکی و چریکی و   خیلی کم پیدا میشه و به جز توی لایو های سپهر خلسه دست کس دیگه ندیدم  کلوپ دار هارو هم به وجد میاره  ,100,1
برای جلوگیری از چکه کردن آب  اول اجازه بدید که اتو خوب داغ بشه بعد دریچه بخار رو باز کنید ,60,1
دوربین پیش رو بسیار مناسب و مقرون به صرفه هستش چون تمام نیازهای یک عکاسی نیمه حرفه ای رو پاسخگوئه  ,100,1
دستگاه پخش خوبیه ولی کامل نیست نصب جی پی اس برای اینجور پخش کلی اب میخوره البته بستگی به انصاف فروشندش داره ,92,1
در عین سبکی پوشانندگی خوبی داره ولی بنظرم کسایی که پوستشون جای جوش یا زخم یا تیرگی ز یاد دارن برن سراغ یه کرم پودر دیگه چون پوشانندگیش در اون حد نیست پوست من خشکه و اکثرا با کرم پودر  و پنکیک زدن پوست پوست میشد مخصوصا بینیم الان زیرش یه مرطوب کننده ضدافتاب آردن میزنم وبعد اینو میزنم و اینکه شده ساعت های زیادی روی صورتم مونده ولی نماسیده و فقط کمرنگ شده در کل ازاین کرم پودر و این برند واقعا راضیم  ,68,1
من این محصول را گرفتم  ممنون از دیجی  خیلی راضیم به همه دوستان پیشنهاد میکنم با یک دریل پیچ گوشتی شارژی ست عالی خواهید داشت ,76,1
در یک کلام نسبت به قمیتش زیباست و محشر ,84,1
چیز خوب و کار راه بندازیه  برای دم دستی بودن و جمع کردن خورده ریزه هایی که قبلا با جارو دستی یا نپتون جمع میکردم  ,72,1
با سلام  2 هفته هست بدستم رسیده واقعا فوق العاده هست فقط یخورده کم بودن امکانات و سرعت اذیت میکنه اونم اگر خیلی مثل بنده حساس باشید و گرنه در بقیه موارد بسیااااااار عالی  ,88,1
تو خریدش شک نکنیین فوق العادس ,88,1
اگه نمیخواین زیاد هزینه کنید عالیه با یه جفت باند سونی سری fbمچ کنید حداکثر کیفیت رو میگیرید جوری که به بقیه پیشنهاد میدین واسه سیستم هزینه نکنن ,100,1
من واقعا پیشنهادمیکنم راحت و خوشدسته سبکه خوبه خیای خوب اتومیکنه کف اتو باکیفیت و خوبه ,60,1
دستگاه خوبی هست ولی درایوسی دی نداره ,60,3
من این تبلت  از دیجی کالا در زمان تخفیف خرید گردم  مشخصا تبلت قدرتمند و باکیفیتی هست   فقط پشت قاب قسمت فلزی یک خط بسیار ریز بود و کناره ها تبلت کمی کثیف بود  امیدوار هستم تبلت آکبند تحویل شده باشد ,60,2
دوستان سلام من شش ماه  که دارم استفاده عالیه من برای بازی باps4 خریدمش واز کیفیت  صدای تولید شده راضی هستم  فقط میگم که ارزش داره وعالیه ,100,1
من xbox one s هم داشتم باید بگم خوب ps4 pro خیلی سرتره ولی خوب از لحاظ کیفیت بدنه و دسته xbox بهتره ولی  از لحاظ دیگه ps4 بهتره ,88,1
این مدل تحت لیسانس فرانسه در چین تولید شده ,68,2
خیلی زیبا و شیک طراحی شده و به معنای واقعی هوشمنده  قیمتشم مناسبه و کنترلش جادویی و کاربردیه  اگر کسی میخواد ال ای دی بخره پیشنهاد میکنم همین مدل رو تهیه کنه ,100,1
تقریبا همه چیز خوب کار میکنه و مشکلی دیده نشد دوستان گفتن صدا بده ولی به نظرم خوبه و همه جوره امتحانش کردم در ضمن بعد از تعویض کانال کمی تصویر اسلوموشن میشه که خیلی حرفه ای به صورت اصلی در میاد و به هیچ عنوان آزار دهنده نیست البته باید بگم این اولین باری هست که از این گیرنده ها میخرم و از نظرات دوستان خیلی استفاده کردم سپاس از نظرات شما و مینویسم بابت کمک به این چرخه ,88,1
راضیم  موتورش واقعا بی صداست  ,100,1
بنظرم خیلی گوشیه خوبیه  من بیش از شیش ماهه گرفتمش  البته دو تا   باطریش رو اگر دائم توی اینستا باشید بین 9 تا 12 ساعت خالی میشه  ولی حالت عادی یا 4 ساعت در اینترنت و غیره 1 روز و 8 ساعت جواب میده  اگر هم کم کار باشید که 3 روز  نتیجه گیری 12 ساعت کار  برای فیلم دیدن و مطالعه خیلی خوبه  اصلا کم نمیاره مگر اینکه فیلمتون از حالت FullHD بزرگتر باشه که گیر میکنه  بسیار شیکه و باریکه  برای فیلم دیدن  فریم بالا و پایین چون نازکه حس خوبی میده  برنامه گوگل هم داره که میتونید صوتی دنبال همه چیز بگردید  البته انگلیسی  از دیگر قابلیت هاش  میتونید گوشیتون رو صدا کنید و بگید شماره ایکس یا ایگرگ رو بگیره  ولی اگر دنبال کیفیت صفحه نمایش هستید سامسونگ سر تره  ولی این هواوی دیگر تواناییهاش سرتره  بسته به اینکه از گوشی چه انتظاری دارید میتونید انتخاب کنید  ,60,1
یکماه از ظرف استفاده کرده ام  برای خانواده های سه نفره و کمتر  ظرفی بسیار مناسب است که هر غذایی را می توان در آن پخت  از برنج گرفته تا انواع خورش های ایرانی و کوکو و     به خاطر سیستم خاص پخش حرارت در کفه ی ظرف  غذا خیلی خوب آرام پز شده و جا می افتد  امکان ندارد در این ظرف با کوکوی خرد شده یا غذای چسبیده مواجه شوید  ارزش خرید به نسبت قیمت را دارد چون فکر می کنم حداقل ده سال بتوان به خوبی از آن استفاده کرد بهتر است سایز های بزرگتر این ظرف در دیجی ارائه شود  ,92,1
این هدفون رو از دی جی کالا خریدم امروز رسید دستم کیفیت صداش در حد متوسطه و برای کار های حرفه ای مناسب نیست  کیفیت ساختش خوب و شیکه در کل ازش راضیم صدای واضح و شفافی داره ولی یخورده صدا بیرون میزنه گوش رو هم  اذیت نمیکنه اگه نمیخواین کار حرفه ای انجام بدین بهترین گزینه است ,60,1
سلام چند روز پیش تحویل گرفتم این دریل رو بسیار عالی و خوش کیفیت و قدرت بسیار عالی مهم تر از همه اینکه ساخت مجارستانه و از کشور چشم بادومیا نیست پیشنهاد میکنم در خریدش اصلا شک و تردید نکنید یاعلی مدد ,100,1
ممنون از دیجی کالا که قیمتش از همه جا بهتره   اینو من خریداری کردم با همه جا قیمتش رو تطابق دادم واقعا قیمت های دیجی کالا بینظیره   اگه قابلیت شست و شو رو فیلیپس بهش اضافه می کرد خیلی بهتر میشد   ,100,1
یک دریل واقعا قوی و حرفه ای  ساخت کشور روسیه  ,92,1
عااااااالیه حتما امتحانش کنید سبک پوشش دهی فوق العاده ماندگاری خیلی خوب  ,60,1
فقط میتونم بگم دیگه نظیرش نیست  ,100,1
این لپتاپ عالیه کافیه روش یه اس اس دی بندارین تا بشه تمام دنیاتون  ,88,1
اصلا با هیچ برندی قابل قیاس نیست کوچکترین جزئیات و ظرافت در ساخت بدنه رعایت شده نهایت کیفیت رو داره نرم افزارش هم خیلی پر قدرت و با کمترین ایراد کار میکنه جالبه که دوربین 8 مگی داره و معادل دوربین 13 مگی خیلی از برند عکس میگیره من خودم به خاطر مشکلات اپل در ایران  منجمله عدم بودن نماینده واقعی عدم ساپورت به روز رسانی عدم هماهنگی با اندروید و   مخالف 100  بودم اما الان موافق 100  شدم و حتما اولین فرصت یه گوشی اپل هم میگیرم  ,100,1
سلام من از خرید این پخش راضی ام خروجی پری امپلی فایر برای ساب ووفر  اشتباه نکنید سابو نمیشه بهش وصل کرد بدون امپ منظور از خروجی مستقیم ساب ووفر این هستش که صدای خواننده حذف میگردد و پری امپلی فایر میاد بیرون صداش یعنی اندازه هدفون   فقط تنها چیزی که مبهمه  اینکه اینترفیس برای این مدل طراحی شده یا نه که به خودروی 206  مطابقت داشته باشد یا نه  ,100,1
میخام یه نقد و بر رسی کتمل بگم ازش  اول باید ببینید دارید چقدر هزینه میکنید برای خرید بعد توقعتون و با اون هماهنگ کنید خب بریم سر tv  حاشیه دور خیلی کم که باعث زیبایی محصول شده  زبان پارسی داره و پیچیده نیست سیستمش گیرنده داخلی داره که میتونید شبکه های اچ دی راحت تماشا کنید  فقط به یک انتن نیاز است  کیفیت صفحه نمایش راضی کنندس توجه کنید خیره کننده نیست اگه دنبال همچین چیزی هستید بالا 2 500 باید هزینه کنید صداش ضعیف که میتونید از قسمت تنظیمات صدا یخرده بهترش  کنید البته میتونید با صرف هزینه برای بلندگو قدرتمند تهیه کنید و لذت ببرید یه توصیه مهمم میکنم برای تماشای با کیفیت تر کانال ها از کابل HDMI استفاده کنید  خدماتشم مادیران که بسیار خوب و رایگان اومدن نصب کردن خلاصه تو رنج خودش بسیار خوب و اصلا کمبودی حس نمیکنید   ,60,1
من این محصول رو علی رغم نظر همسرم  به خاطر حمایت از تولید کننده داخلی خریداری کردم ولی باعث سرشکستگی وخجالت خودم شد  به محض اینکه اولین پرتغال رو خواستیم آبگیری کنیم و کمی فشار رو بیشتر کردیم موتور شروع کرد به چرخش های چپ و راست مداوم   اگربخواهید باش کار کنید باید خیلی با صبر و تحمل و صرف زمان بیشتر  و یا صرفنظر از بخشی از آبمیوه کار  رو انجام بدید  از دیجیکالا تقاضادارم نظر بنده رو منتشر کند تا تولید کننده به فکر اصلاح ایراد محصول باشدو ,76,1
موتورش بد نیست ولی موقع روشن شدن بو میده پاچش خیلی بزرگه تیکه های موز یا چیزای دیگه تهش میمونه و کامل له نمیشه ,60,3
به نظرم ارزش خرید داره و کارهای روزمره رو به راحتی باهاش میشه انجام داد ولی به نظرم یه مقدار سنگینه و مثل بقیه محصولات لنوو پیدا کردن و فشار دادن دکمه هاش سخته  از کیبوردش هم راضی نیستم و احساس میکنم علاوه بر نرم بودن   خیلی وقتها حساسیت لازم رو هم نداره و در حالت تایپ سریع خیلی کاراکترها رو جا میندازه  نوری که از پشتش به شکل مستطیل میزنه بیرون هم توی نظر منفیم تاثیر زیادی گذاشت ولی در کل کارمو راه میندازه و راضیم ,72,1
به جز وزن زیاد که ممکنه در طولانی مدت اذیت کنه مشکل دیگه ای نداره  ,92,1
واقعا صداش خیلی بم هست باورم نمیشه برای سونی باشه روی هر مورد اگولایزر هم می زاری جواب نمی دهد فقط برای مهمونی ها خوبه صداش رو زیاد کنی ,84,1
من تازه اونو گرفتم و توی خرد کردن گوشت و انواع سبزیجات خوب و بی نظیره و میشه قشنگ مثل فیلم ها باهاش تند تند خرد کرد   فقط این چاقو خیلی مناسب پوست کندن نیست و در کنارش می تونید از یک چاقوی کوچیکتر برای پوست کندن استفاده کنید ,92,1
واقعا یخچال خوبیه   هم خود یخچال جاداره هم بخش فریزر  برای دو نفر واقعا کافیه  و نیازی به یخچال بزرگتر ندارید  اصلا صدا نداره   از لحاظ سرما هم خوبه  فریزرش خیلی سریع  هر چی توش بذارید منجمد میکنه  من مراکز خرید تهران مثل امین حضور و خیابون جمهوری رفتم  قیمت دیجی کالا ارزون تر  بود و هزینه حمل و نقل نداشت برای همین از دیجی کالا خریدم  ,88,1
من همین امروز از بیرون خریدم و نصب کردم با امپلی واقعا صدای خوبی داره بیسش عالیه و وضوح صدای خوبی هم داره و اصلا کم نمیاره قشنک اینه وسط ماشینو میلرزونه پرتاب صدای خوبی هم داره تو خریدش شک نکنید چونکه از خریدتون پشیمون نمیشید من رفیقم نشست باورش نشد یک جفت بانده خلاصه نذاشت ابروم بره  یا حق ,100,1
اول از هر چیزی طراحی زیبا و جذاب آن خیلی به چشم می آید  مطابق سایر محصولات بوش کیفیت ساخت عالی ای دارد و واقعا از دست گرفتن آن حس رضایت دارید و دوست دارید با آن کار کنید  لوازم همراه دستگاه کامل است  از جمله دو عدد سری تبدیل کننده برای نقاطی که دستگاه به آن دسترسی ندارد   لطفا عکسها را ببینید   مجموعه ای از انواع سری ها  چهارسو  دوسو  ستاره ای  پایه شارژ رو میزی و جعبه بسته بندی فلزی و زیبا  در قسمت جلوی دستگاه یک LED برای روشن کردن حمل پیچ در نظر گرفته شده است  همچنین یک نمایشگر برای جهت چرخش و یک چراغ دیگر برای نمایش شارژ باطری در نظر گرفته شده است  موتور دارای مدار محافظت در برابر بار اضافه و گرمای بیش از حد مجاز است که از ان را آسیب های ناخواسته محافظت می کند  همچنین گشتاور موتور 4 5 نیوتن متر است که عدد متوسطی است  البته در نظر داشته باشید که این پیچ گوشتی 3 6 ولت است و برای کارهای سبک طراحی شده و به عنوان مثال در پیچ و رولپلاک های قطور ممکن است توان کافی را نداشته باشد  این دستگاه درواقع جایگزین مناسبی برای دریل های شارژی در کارهای سبک است  رنگ سبز دستگاه هم گویای هم امر است  سری خانگی محصولات بوش  ابعاد پیچ گوشتی کوچک و جمع و جور است و به راحتی در جیب قرار می گیرد  همچنین وزن مناسبی دارد  در مورد نقایص دستگاه اولا اگر کیف حمل داشت خیلی بهتر بود  هر چند بدلیل ابعاد کوچک دستگاه به راحتی می توان برای آن کیف تهیه کرد  دوما اگر دستگاه دارای کلاچ تنظیم میزان گشتاور بود بسیار عالی بود  در کل دستگاه خوب و خصوصا دوست داشتنی ای است   نظرتومهمه  ,100,1
من خیلی ازش راضی هستم واقعا واسم کارایی داره باهاش همه چی هم درست میکنم کیک و لازانیا و غذاهای شبیه به اینم خشک نمیکنه  ممنونم دیجی کالا ,60,1
عالی در کل نسبت به پولش ,68,1
کیفیت بسیار بد مگنت ها درجا کنده شد ,4,3
دوست عزیزی افاضات فرمودند و گفتن که کیت کت چین با آلمان کیفیتش یکی هست و طعم متفاوتشان بخاطر  ذائقه  متفاوت افراد است باید عرض کنم خدمتتون که کاکائویی که در چین و عربستان برای تولید شکلات استفاده میشه بسیار بی کیفیت است و اصلا در صنعت شکلات آلمان حق استفاده را هم ندارد ضمنا شیر خشکی که در  خوراکی های محلی یا local استفاده میشه مال همون کشور و منطقه هست و از نظر کیفیت و سلامتی استاندارد همون کشور را داره بخاطر همین هم بود که شکلات های کیت کت در یک دوره ای که شیر خشک های چینی آلوده به ملامین بودند معدوم شدند  البته بخشی از آنها بطور گسترده ای باتاریخ انقضا محدود در ایران پخش شد در سالهای 84 یا 85 بود  پس جان مادرتون کاسه از آش داغ تر نشید و نگید جنس چینی خیلی هم خوبه      تولید تحت لیسانس در چین فقط بخاطر نیروی انسانی ارزان نیست بلکه بخاطر این است که استاندارد های کیفی چین و بازار های هدف چین مثل ایران و   خیلی پایین تر از اروپا هست و بسیاری از این کالا ها امکان عرضه در اروپا را ندارند  به عبارت دیگه هر چیزی را که چین تحت برند تجاری بوش یا   تولید کند در بازار هایی مثل ایران مشتری فراوانی دارد و مشتری ایرانی اصلا پولش نمی رسد که بخواهد نمونه آلمانی یا درجه 1 چین را مصرف کند مثلا شرکت هیلتی انکر بولت یا وسایلی که تولید می کند دو نوع هستند  1  دسته ای که مجوز عرضه و مصرف در بازار اروپا را دارد  خوشبختانه این دسته در کنار دسته درجه دو به صورت همزمان در بازار ایران عرضه می شود ولی قیمت دسته 1 بیش از دو برابر دسته 2 می باشد  2  دسته ای که فقط با استاندارد های هیلتی مطابقت دارد و تولید چین است و از حداقل های کیفی برخوردار است   یعنی مقاومت نمونه های عرضه شده در اروپا را ندارد ولی هر چی باشه هیلتی است و زنگ نمی زند و مثل رول بولت های چینی نیست که عمل نمی کنند یا در حین سفت کردن می برند اگه خوندی و استفاده کردی حتما لایک کن ,76,1
سلام دوستان من قبلا هم نظر داده بودم  خوشحالم که هنوز تو دیجی کالا این هدفون موجوده  راستشو بخواید امروز اتفاقی دوباره ازش استفاده کردم و اونقدر مجدد تحت تاثیر راحتی اون توی گوش قرار گرفتم که خواستم دوباره ایتجا نظر بدم و این رو متذکر بشم که اگر راحتی توی گوش و خسته نشدن براتون فاکتور مهمی به شمار  میاد هیچ هدفونی جز این شمارو راضی نمیکنه  بیس کوچکترین ضعفی نداره و حجم صدا هم کاملا راضی کنندست  چیزی کم نداره که بخواید به عنوان ایراد ازش یاد کنید  قرار هم نیست که با گرونترین و حرفه ای ترین هدفون دنیا مقایسه بشه و ضعفش به چشم بیاد  دوستان من تا حالا چند میلیون پول هدفون دادم خدایی ای کاش از اول اینو میخریدم که اینقدر پول حروم نمیکردم  من حداقل تا امروز بیش از 15 تا هدفون تو گوشی و 10 تا رو گوشی داشتم بهترین هدفون تو گوشی حتی بهتر از هدفون اورجینال اپل و نوت 5  و به جرعت تمام هدفون تو گوشی های زیر 500 هزار یا حتی  1 میلیون تومن اینه و تاکید من روی راحتی توی گوشه حتی بعد از 3 ساعت استفاده مداوم  درضمن الان بیش از 3 سالی میشه خانمم ازش استفاده میکنه و سیمش هم کوچکترین قطعی پیدا نکرده البته خیلی کم استفاده میکنه ولی واقعا سیمش محکمه در عین ظریف بودن   در آخر  بگم که به حرف من اعتماد کنید من نظر آماتور نمیدم از وقتی یادمه موزیک گوش میدادم و پول بالای لوازم صوتی از سیستم ماشین تا هدفون هدر دادم  متاسفانه  سلامت و شاد باشد  ,88,1
ما از آبمیوه گیریش و چرخ گوشتش زیاد استفاده میکنیم که کاملا جوابگو نیازهای خونگی هستش  ,98,1
خریدش هدر دادن پوله نرم افزار اندروید قدیمی که به علت پایین بودن ورژن هیچ برنامه ای نمیتونی به راحتی  نصب کنی حاضرم با نصف قیمت بفروشمش وقتی به اینترنت وصل دائم هنگ میکنه  ,4,3
سه سال تقریبا هر روز ازش استفاده کردم  کیفیتش در برابر قیمتش بسیار ارزشمنده  ,88,1
دوستان تو خریدش شک نکنید حتما بخرید یه تلویزیون خوب و عالی ,76,2
من این لپ تاپ رو خریدم که باهاش کار تدوین فیلم انجام بدم ولی باید بگم که کلا لپ تاپ برای کارای تدوین اصلا بدرد نمیخوره حالا هر چقدر هم از سخت افزار خوبی برخوردار باشه اینو گفتم که گول اون کاربری مولتی مدیای که نوشته رو نخورید  ولی در کل لپ تاپ خوبیه متاسفانه برنامه ادیوس که یکی از نرم افزارهای تدوین فیلم هست روی این لپ تاپ عملکرد فوق العاده ضعیفی داشت من حتی بسختی میتونستم با فتوشاپ با این لپ تاپ کار کنم نمیخام بگم لپ تاپ بدی هست اما بدرد این کارهایی که گفتم نمیخوره با پول این لپ تاپ میتونید یه کیس خوب ببندید با قدرت خیلی بیشتر نسبت به قیمتش لپ تاپ خوبیه ولی بدرد کار من نخورد من تو استفاده از این برنامه ها از این لپ تاپ اصلا راضی نبودم یا علی ,60,3
این لپتاپ خیلی مناسب و جمع و جوره به کسایی که علاقه به مونیتور 14 اینچ دارن به شدت توصیه می کنم  پردازنده ی دستگاه سرعت و عملکرد خوبی به دستگاه داده و مناسب کار های روز مره است و هنگ نمیکنه  به راحتی ویندوز 10 روش نصب میشه ,68,1
با توجه به قیمتش عالیه  فقط اگر میکروفون برای ضبت صدا هو روش قرار داشت خیلی خوب می بود ,92,1
این محصول واقعا برای تلویزیون بسیار مناسبه  خود دستگاه یک شوک گیر خوب برای جلوگیری از آسیب رسوندن نوسانات برق به تلویزیون داره که از روی کنجکاوری با خازن چهارصد ولت تست شد و جالبه که هیچ شکی رو منتقل نکرد  بنظرم کیفیت ساخت ش رو دست کم نگیرید ,84,1
کارائیش خوبه ولی این که برام فرستادن درش درست کیپ نمیشه و لاش باز میمونه و بخار ازش بیرون میزنه ,68,2
من نزدیک به 7 ماه هست که از دیجی خریدم  بی نظیر هست  ,100,1
سرعت چاپش خوبه اما خیلی خوب نیست کیفیت ساختش خیلی خوب نیست یکم زود ترک ور میداره و ارزششم بد نیست چون توی دفتر کار زود مستهلک میشه ,84,1
دنبال پنکه بودم این مدل رو با توجه تعریف دوستان تهیه کردم اما در قطعه مشکلی بود که با تماس به دیجی کالا قرار شده ک برای تعویض اقدام کنن من به عنوان مصرف کننده ایرلنی کالای ایرانی میخرم اما به شرطی که تولید کننده به من مصرف کننده احترام بذاره و کالای با کیفیت تولید کند پنکه ای که خریدم خوبه اما چرا باید برای مونتاژ مشکل داشته باشم  چون خط تولید دقت نکرده کنترل کیفیت دقت نکرده و سوراخ روی بدنه تعبیه نشده      به امید اینکه کالای با کیفیت ایرلنی تولید بشه ,52,1
نقد سادهو کامل  قسمت های مختلف  1 گارانتی دوساله سازگار عالیه 2 درب لپ تاپ خیلی محکم نیست اما مثل میان رده های لنوو هم خیلی لق و شل نیست 3 جنس بدنه معمولیه رو به پایینه اما زننده نیست و راضی میشین 4 گرافیکش عالیه با این قیمت 5  رمش یکم کمه اما نه خیلی 6باتری متوسطه 7 هاردش ضعیفه و متوسط ارزیابی میشه 8 سی پی یو بد نیست سرعتش اما خیلی نبست 90 صفحه فول اچ دی و مات که عالیه اما رنگا خیلی زنده نیستن اما مرده هم نیستن   در کل خوبه و خیلی خوبه اما کامل نیست  10 درایوراش تو سایت ایسر واسه ویندوز 10 هستن همگی 11 کیبوردش نه خیلی محکم و پرفکته نه لق و شل   راضی کنندست و لق نمیزنن دکمه ها اما بنظر خیلی بادوام نیستن مثلا پنج سال  نور پس زمینه هم نداره مال من  درایو نوریشم مواد کهنه و لق و دقه روش زیاد فشار نیارین  12 در کل به این قیمت واقعا میارزه   اما بیشتر نه  یا علی  ,72,1
من حدودا یک سال این دوربین رو دارم خیلی راضیم برای یک الی دو سال عکاسی نیمه حرفه ای مناسبه ,64,1
ساخت ایران ولی خیلی خوبه ,100,1
عالیه مارک خوبی هم هست ,60,1
با سلام به همه دوستان من این هندزفری رو تقریبا یکساله که دارم و از کیفیت صداش خیلی راضیم   اما متاسفانه کیفیت پوشش سیم افتضاحه بعد از مدت کوتاهی روپوش سیم هدفون خود به خود پاره شده و سیم های داخلی دیده شدند درسته هنوز داره برام کار میکنه ولی از چند جا پاره شده ,52,3
سلام  من این تبلت رو تازه خریدم و هنوز به دستم نرسیده  به نظرم این تبلت ارزش خرید بالایی داره  1 ده اینچی  2 برند معتبریه  3  قیمت مناسبی داره  تنها عیبش ساپرت نکردن  سیم کارتِ که اونم اگر یه گوشی میون رده هم داشته باشید با hotspotگوشیتون جبران این عیبش رو بکنید ,80,1
گوشی خوبی ولی هیچ وقت باهاش کلش بازی نکنید چون زود خرابش میکنه  از دیگر ایرادتشم داغ شدنش کلا گوشی کار راه اندازیه ولی باطریش خیلییییی ضعیفه گوشی که بعد دو سال باید عوضش کرد چون اندرویدش زود خراب میشه  ,52,3
در یک کلام میتونم بگم نسبت به قیمت واقعاً ارزش خرید داره بعضی گفته بودن کفی کوچیکه   نسبت به اتوی قبلی ای که داشتیم مقداری کوچیکتره ولی نهایتاً میخوایم یه لباس 70  80 سانتی اتو کنیم دیگه قرار نیست 100 متر پارچه اتو کنیم    بعضی هم مخزن آب رو گفته بودن کوچیکه ولی به نظرم مناسبه قرار نیست با این آب لباس بشوریم که چند قطره ای شاید استفاده بشه من تو پیشنهاد شگفت انگیز خریدم و راضی ام ,88,1
این هدفون با استقبال جهانی بالایی روبرو بوده که دلیل آن کیفیت صدای خوب و قیمت مناسب آن است  در ضمن این هدفون دارای بیس قوی و واقعی میباشد  برعکس هدفون های بیتس که بیس اغراق شده و غیر واقعی دارند   ,88,1
من لب تاب هفته پیش به دستم رسید از خود دیجی کالا خریدم  واقعا لب تاب زیبا و قدرتمندیه  تمامی بازی ها و برنامه های روز دنیارو به آسانی بالا میاره  سرعت بالا اومدن ویندوز زیر 3 ثانیه کیفیت ساخت بدنه عالیه  به راحتی میتونم بگم که لب تاب همه چی تمومه ,100,1
کیفیت چاپ با کارتریج های اصلی خوبه  ولی هرگز به پای یک چاپگر مخصوص عکس اپسون نمیرسه هرگز  ولی با کارتریج شارژی میشه گفت افتضاحه پس باید همیشه از کارتریج اصلی استفاده کرد که مقرون به صرفه نیست  سیستم کاغذ کش هم احتمالا زود به مشکل بخوره چون کاغذ را باید رو به بالا بکشه وبرگدانه که میشه متصور بود بعد یه مدت از پس کاغذهای با گراماژ بالا برنیاد  اسکنر آن کیفیتش خوبه ولی جالبه هرگز به پای اسکنر چند کاره اپسون  RX500  که تکنولوژی ده سال قدیمی تری دراه نمیرسه  بسیار بزرگ وجاگیره هرگز برای یک عکاس مطلوب نیست ومقرون به صرفه نیست ولی برای امور خانگی ودفاتر اداری مطلوبه ,72,3
سلام دوستان پیشنهاد میکنم قبل از خرید هر مدل تلوزیون حتما از نزدیک کیفیت ساخت و تصویر شون خودتون مقایسه کنید من قبل از خرید این تلوزیون میخواستم  مدل پایینتر  سری7یا 8 با بررسی از طریق اینترنتی بخرم  ولی با دیدن تصویر سری کوانتوم دات  حتی با قیمت بالا   تصمیمم عوض شد چون از لحاظ تصویر قابل مقایسه نبودن  ضمنا hdr1500  توی بازیHORIZON با ps4 می فهمی یعنی چی   من این تلوزیون و سری  LG oled  رو پیشنهاد میکنم   ,88,1
همزن خوبیه مخصوصا برای استفاده در ظروف تفلون چون ظرف رو خط نمی اندازه ,68,1
به نظر من کنسول صداش کمتر دسته و کنسول سبکتر و دستگاه روان تر کار میکنه و میتونم به جرعت بگم تو ریجن هیچ فرقی نداره و اینو مطمعن باشین و فقط تو ریجن سه بجای ضربدر دایره رو میزنین که مسلما فرقی نداره و بهتتون پیشنهادم ریجن سه ریجن دو فقط بخاط اروپا بودنش مشهور شده ولی همشون یکین ساختشون و فقط اروپا ناحیه ای که برا تقسیم بندی پلی استیشن گذاشته اند ,100,1
سلام   چند روزی هست که خریدم به دستم رسیده   همون طوریه که انتظارشو داشتم فقط از صفحه نمایشش راضی نیستم و به همین دلیل خریدشو پیشنهاد نکردم وگرنه از بقیه جهات خیلی خوبه    البته انصافا توی این قیمت فکر نمیکنم صفحه نمایش باکیفیت تر پیدا بشه   فقط کاش مات بود که نیست متاسفانه  ,80,3
من رنگ مشکی خریدم که در کمال تعجب سیمش خاکستری بود  خیلی راحته  کل روز تو گوشت باشه حالیت نمیشه کیفیت سیمش خیلی بده آدم هر لحظه منتظره پاره بشه یکم طول میکشه به نحوه تو گوش گذاشتنش عادت کنی بیسش خیلی خوب نیست اما برای آهنگ های ملو و آروم فوقالعاده هست اگه خیلی تو طول روز استفاده می کنید عالیه اصلا گوش رو اذیت نمی کنه اما اگه خیلی آهنگ گوش نمی دید فکر کنم هنذفری سنهایزر بهتر باشه ,68,1
در این محدوده قیمت بهترین انتخاب ,88,1
کیفیت و طراحی بسیار عالی ,100,1
تازه از دیجی خریدم  طراحی خوبی داره  و تفاله ها تقریبا بی آب هستن   صداش متوسطه روی دور اول  در کل من راضی ام  ,84,1
من تازه خریدم راضی ام ,68,1
اگر واقع بیناننه ببینید با این قیمت خوب است انتظاری بیش از وب گردی  دین فیلم و کار با آفیس ندارید عالیست اما بغیر از این باشد باید هزینه بیشتر کنید  برای کارهای سبک خوبه سنگین خیر ,68,1
عالیه یعنی اخر سیستم با این قیمت ,100,1
این تنها تلویزیون آندرویدی است که آندروید کامل داره و پلی استور داره حتی میتونی لانچرشو عوض کنی   تمام تلویزیونهای دیگر آندرویدی که دیدم پلی استور ندارن و فقط تعداد محدودی برنامه خاص رو از آندروید اجرا میکنن ,84,1
جنسش چنان بی کیفیتی که انگار یه هدفون پنج هزار تومنی خریدم کیفیت صدا نسبت به قیمتش بد نیس اما متاسفانه بعد چند ماه استفاده از یکی از بلندگوهاش صدای خش خش خفیف میاد ,40,2
با سلام نمردیم ومعنی 1000 وات صدا رو هم متوجه شدیم  غول بی صدا  عدم همخوانی باios برای  بلوتوث نگاه اول میگی حتما این دستگاه شیشه های خانه رو تکون میده نه عزیزم از این خبرا نیست  اگه دوست داری اسپیکر قابل حمل با صدای شفاف گوش کنی خوبه وگرنه برای پارتی ومهمونی دستت تو حنا میمونه  من خودم دیگه تا صدای دستگاه صوتی رو از نزدیک گوش نکنم نمی خرم تنها راه نجات با این دستگاه داشتنه یک خروجی است که میتوانید با وصل شدن به باند اضافی یا اسپیکر دیگر خودتونو نجات بدین ,76,1
من اینو بخاطر ظاهر نسبتا مناسب و تعدد پورتهاش خریدم  و فکر میکردم ویندوز سون هم روش نصب بشه ولی غیر از ویندوز 10 قبول نکرد   نکته مهمی که لازمه بدونید همراه لپ تاپ فقط شارژر هست و از  سی دی درایور  مربوطه که قاعدتا باید همراه بسته بندی باشد خبری نبود و بناچار از سایت اچ پی دانلود کردم   در کل به نسبت کارآیی که انتظار داشتم نبود   ,60,2
سلام دوستان در یک کلام میتونم شما رو راهنمایی کنم هرکس میخواهد پرینتر جوهر افشان بخرد اگر این پرینتر را نخرد ضرر میکند ,88,1
من چند روزه این هدفون رو خریدم    میتونم بگم این دستگاه فوق العاده است  هم از نظر کیفیت صدا و  نویز و هم سبکی دستگاه  قبلا یکی نمونه این رو داشتم که از برندهای بیکیفیت چینی بود ولی این هدفون با اون اصلا قابل قیاس نیست  ,100,1
بنده این محصول را خریدم   نه کیفیت خوبی داره و دسته اش هم شکسته و حتی معلوم نیست چه کشوری این را ساخته ولی از کیفیت پایینش معلومه چینی هست  ,24,3
سلام  متاسفانه هزینه کارتریج جوهر افشان بیشتر از دستگاه خواهد شد لطفا با آگاهی خرید کنید من که دانشجو هستم بنا به کار خودم چاپ انجام می دم کمتر از یک هفته کارتریج ها نیاز به شارژ پیدا کرده که این کارتریج ها کمتر از 75هزار تومان نیست و فقط 3بار شارژ میشن کیت شارژ به سختی گیر میاد که داخل دیجی موجود نیست کارش خوب هست اما مشکل عدم خدمات پس از فروش بسیار جدی هست ضمن این مسئله که ای پرینتر قابلیت نصب مخزن فابریک نداره و تعمیرکاران توصیه کردند مخزن نصب نشه من صرفا قصد دارم فقط برای چاپ عکس خانوادگی ازش استفاده کنم البته باید هر چند روز یک بار باهاش کار کرد تا هد هاش خشک نشه امیدوارم مفید بوده باشه ,60,3
امروز بدستم رسید و پنکه واقعا مناسبی برای اتاق های 30 40 متری هستش  ,80,1
من این هدفون رو خریدم و فکر میکردم صورتیش خیلی دخترونه نباشه اما هست  موقع استفاده واقعا سبک هست و تو گوش خیلی راحت هست اما سیم و بقیه اجزا اذیتت میکنه  کیفیت صداشم معمولی هست و جدا سازی صداش هم اگه منظور این باشه که صدای ویولون و ساز دهنی و خواننده رو جدا میکنه اره خیلی شفاف هست تکنیکی نمیدونم جداسازی میکنه یا نه  در کل به نظرم نصف این قیمت تو بازار بتونید هندزفری های بهتری هم پیدا کنید  ,48,3
درب دستگاه اصلا خوب نیست مدل درب استیل محکمتر بود این در ب از نظر قدرت بی کیفیت است ,60,2
من اهل گیم نیستم  این لپ تاپ را صرفا به خاطر قدرت سخت افزارش خریدم اما در کل با اشکالاتی که در بالا گفتم از خرید خود راضی نیستم  اما احتمالا برای گیمر ها گزینه خوبی باشد  اگر اهل گیم نیستید یا 4K بودن برایتان اهمیتی ندارد پیشنهاد من خرید لپ تاپ های تاچ است  ,80,3
من این اتو رو خریدم همانطور که دوستان گفتن اتو خوبی هست فقط من چون به خاطر اینکه تو توضیحات نوشته بود بخاردهی عمودی فکر کردم میشه مثلا پالتو رو در حالت آویزان با بخار اتو زد که متاسفانه مثل اینکه نمی شه در حالت عمودی فقط چند بار با فشردن دکمه بخار لحظه ای بخار می زنه  و اینجوری نیس که دی این حالت بخار پیوسته جهت اتو کشی داشته باشه  در کل ویژگیهای خیلی عادی داره  ولی خوب باتوجه به اینکه من خیلی تحقیق کردم و فروشندگان زیادی معتقد بودند فیلیپس نامبر وان اتو ها است امیدوارم خوب باشه البته اینم بگم که واقعا بعد از اتصال به پریز تقریبا 30 ثانیه بیشتر طول نکشید که داغ بشه  از دجی کالا ممنونم چون با کد تخفیف مهر زمستانی و قیمت خوبش تقریبا 30 تومن ارزونتر از نمایندگی خریدم ,72,2
اعلارقم دفترچه های زیادی که همراه دارد دفترچه راهنمای مناسبی برای استفاده ندارد برای شروع کار و نصب اولیه باید وقتی را صرف خرید کابل دیتا نماییم این کابل را همراه داشت بهتر بود  ,68,1
خرد کنش زنگ زده  اعصابمو خورد کرده ,52,3
پرینتر ارزون  سبک و مجهز به وای فای  محافظ کاغذ که داره برای محیط گردوغبار مثل کارگاه خیلی خوبه   اصلا من بخاط همین نسبت به 12W ترجیحش دادم موقع پرینت خیلی کند و سروصدای زیاد و قرچ قروچ موقع فید شدن کاغذ  من قبلا مدل HP1212MF داشتم و خیلی عالی بوده و کمی توقعم بالتر از اینی که دیدم بود  ,64,2
لپ تاپ ها را در شرایط متفاوتی استفاده میکنیم و همیشه روی میز نمی گذاریمشان   گاهی روی پا   گاهی در ماشین و     صفحه نمایش دارای زاویه محدودی برای چرخش است و این محدودیت گاهی اوقات آزاردهنده است   فشار زیاد به مانیتور برای تغییر زاویه و رسیدن آن به انتهای محدوده چرخش میتواند باعث شکسته شدن لولای آن گردد   ,84,1
من چون جهت کاربرد های خانگی مثل اینترنت و موسیقی و   گرفتم از انتخابم راضیم ,72,1
بعد از یک ماه بازی میتونم بگم که سخت افزار بسیار قویی داره و جی تی ای وی رو روی تنظیمات بالا خیلی خوب و روون اجرا میکنه  60 فریم    در هنگام بازی های سنگین قسمت بالایی داغ میکنه و بهتره روی کول پد بزاریدش و پس از پایان بازی یک تا دو دقیقه بزارید که خنک بشه بعد خاموشش کنید  یه قابلیت جالبش هم مقابله در برابر گرد و خاکه که یه برنامه داره و هر سه ساعت اگه سیستم تحت پردازش سنگین نباشه فعال میشه و قابلیت فعال سازی دستی هم داره و گردو خاک رو از زیر دستگاه میزنه بیرون  یکی از نظر ها که دیدم نوشته بود که یک نقطه ضعف این دستگاه مکش هوا از زیر است به جای جلو  جواب  مشکل مکش هوا از جلو و خروج از عقب اینه کی کل دستگاه رو گردو خاک میگیره و بازده مکش میاد پایین و برای پردازش های متوسط فشار زیادی به فن ها میاد  ,68,1
حتما بخرید لازم میشه ,96,1
در کل لپ تاپ خوبیه برای نصب درایو یکم اذیت شدم چون سی دی همراهش نبود و با بدبختی از سایت اچ پی دانلودشون کردم  ظاهر خوب و شیکی داره ولی بدیش اینه که جای انگشت روی بدنه ش می مونه  اگه کارتون با لپ تاپ تایپ و فیلم دیدن و کلا کارای سبکه این لپ تاپ انتخاب خوبیه  ,64,1
کارتریج مصرفی این پرینتر 17A هستش که خیلی گرونه و در صورت شارژ مجدد هم چیپست تنظیم تونر کار نمیکنه که کیفیت پرینت رو خیلی میاره پایین فعلا برای خرید پرینتر مناسبی نیست ,68,3
بعد حدود دو هفته از خریدم  میخوام نظر خودمو بگم  از این خرید بسیار راضی هستم  بجای اینکه پرینتر مخزنی اپسون بگیرید با هزینه خیلی زیاد  اینو بگیرید و خودتون مخزن نصب کنید  اون دوستانی که میگن کاغذو دوتا دوتا میکشه باید بگم که اول کاغذارو یکم بازی بدید تا الکتریسیته ساکن اونها از بین بره  بعد در کاست قرار بدید  موقع لود کردن از پشت  فقط یک کاغذ بذارید   1   دوستانی که میگن گاهی کاغذای a3 رو نصفه تحویل میده  باید بگم که  بعد از نصب مخزن  روی پرینتر  باید نرم افزاری بریزید تا جوهر هارو همیشه 100 نشون بده و شما با خیال راحت پرینت بگیرید   2   با نصب برنامه Epson iprint هم میتونید براحتی با wifi پرینت بگیرید خیلی راحت شبکه میشه   خلاصه   صد درصد توصیه میکنم بخرید  هم از نظر کیفیت و هم سرعت و هم کارایی  واقعا بهترین پرینتریه که تابحال باهاش کار کردم    با تشکر از دیجیکالا عزیز ,72,1
من چند روز پیش خریدم خیلی شیک و عالیه رنگش از توی عکس یه کوچولو تیره تر هست محکم و ضخیمه و سنگین هم هست  در کل من راضی هستم بسته بندی خوبی هم داشت  ,60,1
من چند ماهه خریدم خیلی راضیم کاراییش و ارزشش خیلی خوبه ماهی تابه ش خیلی خوبه ساختش و طراحیش ,100,1
من سایز 8 رو خریدم و باهاش به طور همزمان ته میخ فولادی   ورق کابینت و دیوار  سیمانی رو سوراخ کردم  چند تای اول رو سوراخ کرد و مشکلی پیش نیومد ولی چند تای دیگه رو که سوراخ کردم یه کم سر مته کچل شد که بعد فهمیدم سه نظام رو خوب محکم نکرده بودم و به همین دلیل مته یکم تاب میزده و احتمالا همین باعث کچل شدن مته شده  در کل خوبه ولی یکم گرونه  ,96,1
اگر کیفیت تصویر براتون مهمتره نخرین اگه بچه کوچیک دارین و نگران ضربه خوردن هستین پلاسما گزینه خوبیه البته الجی با همین قیمت تلویزیون LED ساخته با فناوری IPS ضدضربه ,64,1
سلام من این اتو رو 2 هفته پیش خریدم و وقتی آب توی مخزن اتو ریختم و در حالت بخار قرارش دادم از زیر اتو به طرز وحشاتناکی آب سرازیر شد و کل لباس و میز  زمین کاملا خیس شد  اصلا از این اتو راضی نیستم ,0,3
جنس عالی کیفیت خوب برای داخل فر عالی از خریدم راضی ام ,100,1
ساخت چین ه که نسبت به قیمت ش نمی ارزه  دسته ش سنگین و خسته کننده ست بقیه چیزاش خوبه ,60,2
در ضمن بنده اینو از دیجی کالا خریدم ودیشب هم تست کامل کردم وتمام قطعات به دستگاه من می خوره  از دی جی کالا خواهشمندم عبارت زیر اسم کالا  مکمل غذاساز بوش MUM84MP1  حذف کرده و عبارت  مناسب برای غذا ساز بوش مدل های MUM8400  MUM86A1  MUM86R1  MUM86S1  MUM86W1   MUM84MP1   رو در مشخصات کالا ذکر کنه  در ضمن این کالا و تعداد دیگری از کالا ها در نرم افزار گوشی در ادرس  لوازم خانگی برقی لوازم مکمل اشپزخانه   وجود دارد که این منو در ویندوز و با کامپیوتر وجود ندارد و این باعث می شود تعدادی از خریداران به این کالا دسترسی نداشته باشند  و فقط با سرچ کردن می توان به انها دست رسی پیدا کرد  از دیجی کالا خواهشمندم تصحیح بفرامایند متشکرم ,92,1
با سلام  من این هدفون رو دو روز هست که گرفتم و حتماً پیشنهاد میکنم  کیفیت ساخت عالی  کیفیت صداش هم خیلی خوبه  به دوستانی که دنبال یک هدفون هستند که هم در طول روز و هم در زمان ورزش کردن استفاده کنند این هدفون بسیار مناسب هست  ضمناً صدای محیط هم اصلاً مزاحمت ایجاد نمیکنه  ,88,1
جنس قرص و محکمی به نظر میرسد  یک لیتر روغن لازمه   یعنی یکی از این بطری روغنهای 900 گرمی  در هربار حدودا دوتا سیب زمینی متوسط را میتوان در سبد آن جا داد  سه تا نکته اگر شرکت در ساخت آن لحاظ میکرد بهتر بود  یکی اینکه تایمر می گذاشت  چرا که باید حواستون باشه و برای نوعذماده غذایی تایم بگیرید  دوم اینکه کلید خاموش روشن نداره و هربار باید سیم این دستگاه را بعد از استفاده از برق بیرون کشید  مورد سوم اینکه وقتی بعد پخت  سبد را برای خارج شدن روغن به لبه قابلمه آن تکیه می دهیم  ته سبد به روغن برخورد می کند و مانع    ,60,1
کلید 6 سرعته آن دیمری است  یعنی می توانید به طور پیوسته آن را افزایش دهید و مثلاً میان 4 و 5 هم می توانید بگذارید  قدرت دمندگی آن از ضعیف تا عالی قابل افزایش است  در سرعت حداکثر شماره 6  دمندگی خیلی عالی دارد و از فاصله چند متری هم اشیا را تکان می دهد  اما هنگامی که آن را تبدیل به حالت مکش می کنید  چندان کارایی ندارد و قدرت زیادی برای مکش گرد و غبارها ندارد  ظاهراً همه بلوورها همین طورند و کار اصلی شان  دمندگی است  نه مکندگی   انتهای سیمش سه شاخه دارد و مبدل به دو شاخه را باید خودتان بخرید  کیسه اش هم پارچه نازک و معمولی است و تعریفی ندارد  ,84,1
با توجه به قیمت اصلا ارزش خرید نداره حداقل مدلی بخرید که 64 بیتی باشه و صفحه نمایش ips داشته باشه ,60,3
برای کارهای دم دستی آشپزخانه عالیه ,100,1
فقط اسپیکرها ضعیفن ,100,1
این ماشین لباسشویی دارای برنامه های متنوع برای شستشو نسبت به مدل های هم رده خود می باشد   مثلا مدل 1466 که نسبت به این مدل جدیدتر ولی برنامه های شستشوی کمتری دارد    میزان مصرف برق  برای هر سیکل   مثلا شستشوی کتان  تقریبا برابر 1kw می باشد   درجه پاک کنندگی A   بالاترین درجه  و درجه خشک کنندگی آن نیز B می باشد   میزان صدا و لرزش در بالاترین دور آن  1400  خیلی کم بوده البته میزان صدا بسته به  مقدار لباس داخل آن و همچنین تراز بودن دستگاه متغییر است و در آخر اینکه مقدار  ظرفیت دستگاه که 7kg می باشد فقط مربوط به لباس های کتان بوده و برای لباسهای پشمی 2تا3 کیلوگرم می باشد  ,68,1
عالیه دوستان ,92,1
من 4 ماهه دارم و خیلی راضی هستم ,60,1
اگه تو تبلت های آندرویدی دنبال بهترین هستید  تب S2 رو بهتون پیشنهاد میکنم  سخت افزار قدرتمندی داره  صفحه نمایشش عالیه  وزنش کم و ظاهرش زیباست  با توجه به اختلاف قیمت یک میلیونیش با تب S3   و اینکه تب S3 جز قلم امکان خاص دیگه ای رو بهتون اضافه تر نمیده  خرید تب S2 مقرون به صرفه تره  من یک ساله دارمش و کاملا راضیم  البته الآن اگه بخوایید بخرید باید تب S2 new edition رو خریداری کنید که موجوده تو بازار  ,88,1
گارانتی دستگاه من هپ کن بود که اصلا پاسخگویی مناسبی ندارد ,36,3
بعد از چند بار استفاده ته دیگ بهش میچسبه ,60,2
این محصول در ایران بسیار نو اوری بالا یی داره چون مردم توان خرید تلوزیون 5K رو ندارن ,76,1
من اطلاع داشتم که باتری اضافه نداره ولی وقتی جعبشو باز کردم دیدم جای خالی برای باتری اضافی وجود داره ولی تماس گرفتم با دیجی کالا گفتند که ما اصلا حتی محصولی اگه پلمپ هم نباشه باز نمی کنیم چه برسه به این که پلمپ نمایندگی بوش روش هست پس احتمالا نبود باتری اضافه کار نمایندگی بوشه چندین بار هم با نمایندگی تماس گرفتم اصلا جواب تلفن نمیدادن  یه موضوع دیگه اینکه ابزار بوش معمولا ساخت مالزی و رنگ بدنه آبی کم رنگه ولی این سبزه نمیدونم شاید سری جدید از این رنگ استفاده میکنن یا کارخانه مجارستان این محصول رو انحصاری میزنه خدا میدونه  لطفا دوستانی که نیاز به باتری اضافه این پیچ گوشتی شارژی دارن همینجا بگن که دیجی کالا قرار بده  ,100,1
اصلا بهتون پیشنهاد نمیکنم  همین که از BIOS پشتیبانی نمیکنه  دهن منو سرویس کرده  سیستم عامل کم روش نصب میشه  نصب میشه اجرا نمیشه    خیلی درد سر داره   از خرید این لپتاپ پشیمون میشید  ,84,3
یک هفته پیش من این لبتاب رو از دیجیکالا سفارش دادم همراه لبتاب یه کوله پشتی سبک ایسوز و یه موس خوبی هم داره به صورت پیش فرض سیستم عامل لینوکس endless بر روی سیستم نصب هستش و میشه روش ویندوز هم نصب کرد بر خلاف مشخصات فنی دستگاه صفحه نمایش لبتاب مات هستش و کیفیت صفحه خیلی عالی دارد   البته مدل هایی با کیفیت hd هم تو بازار هست که پیشنهاد نمی کنم   دارای سی پیو چهار هسته ایه که سرعت فرکانس سی پیو به 2 5 هم می رسه   مدل pentium n4200  به علت کم مصرف بودن سی پیو این لبتاب می تونه تا 5 ساعت تو روز براتون کار کنه و اگه در حالت باطری بخواید بیشترین کار رو از لبتاب بکشید مثل بازی کردن 1 30 تا 2 ساعت جواب می ده فرکانس گرافیک اینتل این لبتاب 750 مگاهرتزه اگه مشخصات بازی های کامپیوتری نگاه کنید بازی هایی که حداقل گرافیک nvidia 8800gt  با فرکانس پردازش گرافیک 500  رو پیشنهاد می کنند رو می تونه اجرا کنه  cod mw3 رو لبتاب تست کردم به خوبی اجرا کرد ولی نباید زیاد انتظار اجرای بازی های جدید و سنگین رو داشته باشید به گفته سایت های دیگه این پردازنده می تونه فیلم هایی با کیفیت 4k رو هم اجرا کنه کیفیت کیبور خوبه داره اندازه پد موس هم مناسبه کیفیت اسپیکر های خوبی داره تو این رنج قیمت با این امکانات  لبتاب خیلی خوبیه و از خریدم راضیم ,80,1
اتو خوب و مناسبیه   رنگش عالیه و  نسبت به قیمتش بخاردهی خوبی داره ,80,1
بسیار قوی و با کیفیته و فقط باید مستقیم به پخش نصب بشه  اگه میخواید همیشه واستون کار کنه و کیفیت روز اولشو داشته باشه بی هیچ وجه مستقیم به امپلی وصل نکنید و به پخش وصل بشه من که از خریدم بسیار راضی هستم و به نظرم کیفیت این در مقایسه با s20 سری قدیم بیشتره باتشکر از دیجی کالا ,96,1
خیلی کرم پودر عالی و زیباییه بخصوص برای کسانی که صورتشون پوسته پوسته میشه بعد از کرم پودر مخملی پوشش دهی بالا رنگ عالی ,100,1
برای عکاسی خیلی خوبه ولی توی فیلم برداری صدای موتور فوکوس شنیده میشه و اگه میکروفون خارجی نصب کنید حل میشه فوکوس اتوماتیکش هم یه ذره خنگه که طبیعیه  ,96,1
حتما به کسایی که دنبال تلویزیون هایی با این سایز هستین خرید این تلویزیون هوشمند ال جی رو پیشنهاد میکنم شک نکنید ارزش خرید نسبت به قیمت رو داره ,96,1
من یه چند هفته ای میشه سفارشش دادم و دارم ازش استفاده میکنم و لپ تاپی فوق العاده کارآمد و درجه یکی هستش و تو خریدشم تردید نکنید و عالیه منتها تعجب میکنم چرا کسی استقبالی از این مدل نکرده و نظراتشونو بیان نمیکنن  ,96,1
از لحاظ کیفیت  صفحه کیبورد و تاج بدترین لپ تابی که تا حالا دیدم الان 5 روز خریدم فقط روز اول ده دقیقه باهاش کار کردم انداختم گوشه خونه از شانس بد ما امروز هم جزو پیشنهاد شگفت انگیز شده صد تومن زیر قیمت میدن  ,16,3
در کل دستگاه خوبیه وماله بهترین برنده  فقط یکم قیمتش بالاست و یه خوبی داره و به درد من میخورد سه تا حافظه برای ذخیره ایستگاه های رادیویی داره  و همچنین ورودی صداش وبه درد کسایی میخوره که فضایی کوچیکی دارن چون واقعا جمع جوره                                                             متشکرم دی جی کالا ,88,1
این لپتاپ رو پس از بررسی و چک کردن زیاد قابلیت های سخت افزاری  از دیجی کالا خریدم  ولی به محض اینکه به دستم رسید تو ذوقم خورد  اول از همه کیفیت بد و کم ساخته که تو چشم میخوره  به حدی که وقتی صفحه مونیتر روشنه و پشت مونیتور دست میکشی  رو تصویر مونیتور موج می افته اونم بدون هیچ فشار یا قدرتی  کاملا پلاستیکی و ضعیف  طراحی ظاهری بد نیست  ولی از نظر کیفیت ساخت و کارایی واقعا دلسرد و دلزده میشید  انواع و اقسام ویندوزها رو روش نصب کردم  از ویندوز 7 که به صورت دیفالت قابل نصب نبود و باید هارد رو پارتیشن بندی مجدد میکردم  تا ویندوز 8 و ویندوز 10   در نگارش های مختلف 32 و 64 بیت  ولی در هیچ کدوم  به هیییچ  عنوان  به یک سوم سرعتی که باید میداشت نرسید  با وجود نصب تمامی درایورها  چه درایورهایی که همراه خود لپ تاپ بود  چه به صورت اپدیت شده از سایت لنوو  و نو بودن ویندوز  با لپ تاپ قدیمیم  دل مدل وسترو 1520 در زمان بالا اومدن ویندوز برابری میکرد هنگام رندر گرفتن در کارهای معماری هم که واقعا ضعیف ظاهر شد  به هیچ عنوان سخت افزارش کارایی اسمی خودش رو نداره  در یک کلام  آشغال به تمام معنا  به طور کلی از محصولات لنوو دلزده شدم و دیگه تحت هیچ شرایطی سمتش نمیرم  الان هم دنبال یه لپ تاپ دیگه از یه مارک دیگه ام که جایگزین کنم  ,20,3
من به مدت 2 سال است که از دی جی کالا خریداری کردم از کیفیت خوبی برخوردار  است و از خرید این محصول راضی هستم ,80,1
ازش استفاده کردم خیلی عالیه ,60,1
ابعاد مناسب  جنس خوب وسبک کاربردی برای قرار گرفتن در کشو کابینت ,96,1
دوستانی که این لپ تاپ خوبو خریدن حتما روشی که اینجا مینویسم رو برای کالیبر کردن و ارتقا کیفیت صفحه نمایش انجام بدید   این لپ تاپ و شاید 80 درصد تمامی لپ تاپ های موجود نیاز به تنظیمات صفحه نمایش دارند و کمتر کسی دیدم که این کار رو انجام بده   برای من به شخصه کیفیت صفحه نمایش بسیار حائز اهمیت هست  به دوستانی که به کیفیت صفحه نمایش اهمیت میدن توصیه میکنم به این شکل عمل کنید  1 مدل لپ تاپ رو در اینترنت سرچ کنید  از قسمت درایورهای مربوطه برنامه Splendid رو دانلود کنید ولی نصب نکنید چون احتمال خیلی زیاد به دلایلی که لازم نمیدونم اینجا توضیح بدم نصب نمیشه  2 برنامه رو از حالت فشرده خارج کنید  درون پوشه Data و بعد از اون پوشه Color Table برید  در این پوشه چندین فایل مشاهده میکنید که به ترتیب با کلیک راست و انتخاب گزینه install این مرحله به پایان میرسه  دقت کنید هر چهار فایل رو نصب کنید   3 حالا به منوی display resolution رفته و گزینه advanced settings رو بزنید از منوی باز شده گزینه color management رو بزنید و در منوی باز شده گزینه use my settings for this device رو تیک بزنید   سپس گزینه add رو بزنید و در پنجره باز شده باید نام اون 4 فایل رو که ایتدای آموزش گفتم مشاهده کنید که مدل لپ تاپ رو در اسم خودشون دارند و به ترتیب هر 4 تا فایل رو add کنید  اگر هم در لیست مشاهده نکردید browse رو بزنید و اون 4 فایل رو که دانلود کرده بدید به لیست اضافه کنید  سپس در همین منو گزینه advanced رو بزنید و گزینه change system defaults رو زده و از منوی جدید باز شده دوباره گزینه advanced رو انتخاب کرده و در این قسمت گزینه use windows display calibration رو تیک بزنید   4 حالا close رو بزنید در پنجره اصلی که مشاهده میکنید به قسمت devices رفته و حالا میتونید با اتنخاب یکی از این 4 پروفایل  کالیبراسیون مانیتور رو انجام بدید  به این صورت که روی هر گدام کلیک کرده و روی حالت defult قرار دهید تا تغییرات انجام بشه  در نهایت با انتخاب یکی از این 4 فایل تمامی پنجره هارو ببندید   امیدوارم این آموزش براتون مفید باشه و استفاده کنید   با تشکر ,100,1
لرزش کاملا طبیعی  ولی اگر روش وسیله ای باشه قطعا توی صداش تاثیر منفی داره  پس زیرش خوب تنظیم و روش کامل خالی ,84,1
این مجموعه برای استفاده در خونه و شاید مسافرت خوبه   البته شماره های ریز معمولی رو نداره  جعبه اون که سری ها بهش وصل میشن انگار زیاد استحکام نداره   در ضمن اگه رابط بلندی داشت خیلی خوب بود چون الان طول پیچ گوشتی شما در نهایت هشت سانت میشه که کوتاهه  در کل برای بعضی پیچ ها خوبه   من که براش یه اتصال درست می کنم تا کاراییش بیشتر بشه  در ضمن ساخت چینه ,64,2
با سلام خدمت دوستان عزیز  چون دیدم این محصول دوباره موجود شده گفتم نقاط قوت و ضعفش به دوستانی ,60,1
تو تخفیف شب یلدا سفارش دارم   توی تخفیف خوب بود قیمتش نصبت به بقیه هنزفری ها   کیفت صدای بدی نداره برای استفاده روز مره چیزه خوبیه   حداقل مطمئن باشید جفت گوشی هاش صدای یکسانی دارن   من 2تا سفارش دادم   هر 2تا صدای یکسانی داشتن و بر خلاف هنزفری های مشابه هر2تا گوش صداهاشون یکی بود   ,60,1
بهترین لپ تاپی هستش نسبت به قیمتش که تا الان خریدم عالیه  عالی ,60,1
سلام این دوربن و حدودا یک سال پیش از دیجی کالا خرید کرذم واقعا دوربین خوب و عالی هستش و با یه لنز 50 میلیمتری  f1 8 تونستم عکسای خیلی خوب و فوق العاده ای باهاش  بگیرم ,100,1
کیفیت خوب تفلون قالب ,84,1
فقط از یک پریزش میتونم استفاده کنم بقیه حتی با چکش هم قابل استفاده نبود و اصلا دوشاخه توش نمیره کیفیت خوبی اصلا نداره ,20,3
با سلام حتمی باید سری کارواشتون پیچی باش در غیر این صورت روش سوار نمی شود ,84,1
سلام به همه من اولین تجربه هدفون حرفه ایم هست باید بگم اولش یه کم مشکل داشتم که از کیفیت صدا راضی نبودم بعدش متوجه شدم مشکل از km player هست بعد با پلیر های دیگه تست کردم مثل K Lite فوقالعاده شد تفاوت بی نهایت  زیاد شد واقعا گوش دادن اهنگ باهاش لذت بخشه مشکلی که داره اینه پشت باز هست صدا به بیرون میره البته این مشکل نیست به خاطر کیفیت صدای بیشتر هست و از این موارد  در کل ایرادی من نمیبینم روزی نزدیک 15 ساعت رو گوشمه هیچ مشکلی هم نداشتم باهاش  در خرید سنهایزر  حالا این مدل نه مدل های دیگه شک نکنید سنهایزر  بهترینه اون کنترلر هم نوشتم جز نقاط ضعف در اصل درستش اینه بدون ولوم صدا باشه ولی خب اگه میداشت بهتر میشد   ممنون از دیجیکالا ,100,1
سلام  ممکنه اقلام همراه این کالا را بذارید  آیا کیف حمل هم داره    ,36,1
شارژسریعی انجام میده ولی خیلی بزرگ ,100,1
بسیار عالی است و در حد لب تاپ های روز در این مدل است و چیزی کم ندارد البته نواقصی دارد ولی در کل نسبت به ارزش مادی آن مقرون به صرفه است من شخصا پیشنهاد خرید آن را میکنم برای دوستان مشتاق ,76,1
با سلام  من این دوربین رو از دیجی کالا گرفتم در 18 فروردین 97 خود دوربین ساخت ژاپن هست و بسیار با کیفیت لنز  150 18 همراهش ساخت ژاپن نیست ولی بسیار با کیفیت هست و آداپتور و باتریش ساخت چین هست و با کیفیت هست من تا به حال دوربین بدون آینه نداشتم ولی کیفیت عکس هاش فوق العاده بالا هست و از دوربین های سونی ا اینچی با سنسور سیموس عکاسهای خیلی با کیفیت تری می گیره و حتی دوربین های بدون آینه فوجی  هنوز باهاش زیاد کار نکردم منوی نسبتا راحتی داره و از دی اس ال آرهای سه رقمی و دو رقمی کنون بهتره البته از نظر کیفیت به تک رقمی های جدید فول فریم کنون مثل  6D mark II و 5D mark III   IV نمیرسه که اونهم برای عکاس های حرفه ایه ولی مزیتی که داره وزن و قیمتش نسبت به اونهاست و یک لنز خوبه 18 150 هم داره که کار راه اندازه و تا مسافتهای 20 متری هم زوم خوبی داره و خیلی نیاز به تعویض لنز نداره مگه عکاسی تخصصی ماکرو از حشرات که باید یه لنز جدا براش تهیه کنید و حمل و نقل اش تو مسافرت خیلی عالیه و میشه گفت یکی از بهترین دوربین های بدون آینه بازار هست ,88,1
سلام دوستان   واسه این گوشی قرار بوده نسخه 7 اندروید منتشر بشه ولی برای گوشی من هنوز نیومده   از همینجا خریدم در کل گوشی فوق العاده ای هست ولی اگر عادت دارید با گوشی عکس بگیرید شاید یخورده بخوره توی ذوقتون چون زیاد جالب نیست دوربینش بنظرم تو این رنج قیمت در حال حاضر بهترین انتخاب باشه  ,56,1
راضیم خوبه  با وجود قیمت مناسب امکانات خوبی داره ,60,1
من این کتری رو یکماهه از دیجی خریدم عالیه البته تو آمازون موارد نشتی گزارش شده بود ولی من مشکلی ندارم و تمام روز ازش استفاده میکنم و بسیار سریع اب رو جوش میاره فقط اولش یکم صدای جوشوندنش زیاده میرسه به قل زدن کم میشه  در کلی عالیه ,84,1
بسیار عالی ,88,1
بسیار هدفون راحت و سبک و صدای فوق العاده ای داره حتما پیشنهاد میکنم بخرید   دیجی جون من یکی دیگه میخوام   از بس بازاریابی کردم خواهشا موجودش کن حرف نداری  ,100,1
واقعا بی نظیره ,96,2
دوستان رنگش به زردى میزنه جالب نیست ,40,3
امکان پخت خورشت و بخار پز ندارد ,60,3
سلام خدمت دوستان   من این پرینتر رو 8 ماهه که خریدمش و باید بگم خیلی عالیه  اینو بگم که روزای اول یه کم کم رنگ و مات میزنه  ولی باید  حد اقل  یک ماه باهاش کار بشه تا به قول معروف آب بندی بشه و کیفیت چاپش خیره کننده میشه   به طوری که کیفیت چاپ در حد 4k تحویل میده   انواع جوهر ها رو پشتیبانی میکنه   من خودم تا حالا چند مدل جوهر توش ریختم و استفاده کردم مثل   وکس   مادیران   اینک تک  گرین کالر  و  کیفیت چاپش با همه جوهر ها عالیه  هدش به هیچ عنوان خراب نمیشه و جوهرش هم اصلا خشک نمیشه حتی اگه یک ماه باهاش کار نکنی   انواع کاغذ و کارتن و مقوا رو توی هر وزنی که باشن برای چاپ پشتیبانی میکنه و مشکلی نداره   نمیدونم فاز یکی از دوستان چیه که گفت کاغذ دویست گرمی رو ساپورت نمیکنه   چون من خودم کاغذ فتوگلاسه مخصوص عکس 260 گرمی رو خیلی راحت پرینت میکنم باهاش   اونم با کیفیت فول اچ دی    مناسب برای چاپ عکس های آلبومی و پرسنلی با کیفیت فوق العاده   برای چاپ روی کاغذ های معمولی یک اسپری براق کننده و تثبیت کننده رنگ با قیمت 18 هزار تومن  توی بازار هست که فکر کنم توی دیجی کالا هم موجود باشه   اونو بعد از چاپ روی کاغذ اسپری میکنید و با این کار  عکس چاپ شدتون از حالت مات به حالت براق تغییر پیدا میکنه همچنین در برابر نور خورشید مقاوم میشه و رنگش تثبیت میشه   بهترین پرینتر برای چاپ کارت عروسی رنگی و سیاه و سفید هستش   من خودم تاحالا نزدیک 20 هزار تا کارت عروسی رنگی برای مشتری هام باهاش  چاپ کردم   800 تا کارت روی 2 ساعت و نیم چاپ میکنه   باید تنظیمات سرعت چاپ رو بزارین روی یکی نرسیده به زیاد   اسکرول رو میکشید سمت زیاد ولی یکی قبل از زیاد رو باید انتخاب کنید اینجوری هم سرعتش مناسبه هم کیفیتش خوبه   خلاصه باید بگم که این پرینتر برای کسانی ساخته شده که کیفیت و مقرونه به صرفه بودن رو به سرعت ترجیح میدن   هر کی جنون سرعت پیدا بکنه میره سمت خرج های کلان و آخرش هم  پشیمون میشه و دوباره  میاد سراغ محصولات  محبوب و با دوام و با کیفیت  شرکت Epson ,88,1
سلام این لپ تاپ رو گرفتم به سختی میشه روش ویندوز نصب کرد مجبور شدم بدم بیرون سی هزار تومن پیاده شدم عملکرد روان و عالی داره تاچ پد و کیبورد هم بی صدا و دقیقن کمی وزنش زیاده که به حساب باتریش می زارم صدای فن مثل موتور هواپیماست که ممکنه کمی ازار دهنده باشه  ,76,1
عالیه  خریدی با اطیمنان ,84,1
از روزی که خریدمش تا الان همه بازیای سنگین رو بدون لگ به بترین نحو اجرا کرده  هیچ ایرادی نمیتونم بهش گیرم ,96,1
کیفیت خیلی خوبی داره  ,60,1
یک ماهی که این لپتاب از دیجی خریدم  ولی حدود یک هفته پیش هاردش سوخت و بردم گارانتی بدون هزینه برام عوض کردن   یه لپتاب معمولی هست و باید واسه کاراهای ساده و سبک استفاده بشه ,40,2
من تو پیشنهاد ویژه گرفتم کیفیت صداش خوبه واسه فیلم دیدن خوبه واسه آهنگ هم قابل قبوله در کل نسبت به قیمتش می ارزه ,64,2
دوستانی که این لپ تاپ رو تهیه کردن حتما یک هارد اس اس دی برای این مدل بگیرن کل هنگی هاشون برطرف میشه که هیچ و کلی قابلیت از جمله سرعت بسیار بالا و کارایی بیشتر و داغ شدن کمتر و   بدست میارن    فقط توجه کنید هارد جای سی دی رام باید قرار بگیره که توسط شرکت گارانتی و افراد خبره قابل اجرا هست   من هارد اس اس دی 120 مدل ای دیتا گذاشتم روش واقعا سرعت رفت بالا و دیگ هنگ نکرد این مدل لپ تاپ فقط هاردش ضعیفه   ,92,2
یه ذره به زردی میزنه و برام تیره اس ولی خیلی سبکه و مات و خوشگله  با پرایمر استفاده کنین خیلی بهتر میشینه ,60,1
رنگش خیلی تیره هست برای کسایی مناسبه که آرایش برنزه انجام میدن  ,52,3
وقتی این دریل به دستم رسید کیف حملش شکسته بود ولی دیجی کالا جنس رو مرجوع و تعویض کرد که بابتش از دیجی کالا نهایت تشکر رو دارم در مورد خود وسیله هم باید بگم این دریل برای مصارف خانگی فوق العادس اول به نظر خیلی کوچیک و سبک میاد ولی بعد از چند بار استفاده متوجه میشید که قدرت خوبی داره و خوش دسته کیف حملشم یکی از نقاط قوت جنسه تو خریدش شک نکنید با تشکر از دبجی کالا  ,96,1
سلام علیکم  من پول بیشتری دادم فیلیپس خریدم حالا پشیمونم چون هم تولید ملی نخریدم هم اینکه پولمو حروم کردم  ایکس ویژن امتحان خودشو پس داده   ,56,3
من این لپ تاپ را خریداری نمودم از همین سایت دیجی کالا و حالا مجبورم با نصف قیمت و متضرر شدن به فروش برسانم ,32,3
سفارش دادم هنوز به دستم نرسیده با توجه به نقد بد نیست البته اگه دیجی کالا ارسال ش کنه نقد هم میزارم ,60,2
به نظرم کیفیت خوبی ندارد من دو هفته است خریدم عملا بلا استفاده است  ارتباط 3 5 و 2 5 همراه آن هم اصلا کیفیت خوبی نداشت در اولین بار استفاده شکست  وبا چسب و   درستش کردیم  ,36,3
مثل گج روی پوست میمونه ,56,2
نسبت به قیمتش می ارزه  زیبا و کاربردی ,60,1
برای کسایی مثل من که می خوان مطالعه کنن و به تبلت ده اینچی نیاز دارن فوق العاده خوب و عالی هست هم از لحاظ امکانات و سخت افزار و هم از لحاظ قیمت   البته نباید از این تبلت انتظار این رو داشته باشین که باهاش اسفالت 8 بازی کنید  ولی برای کابردی که من می خواستم خیلی عالی هست و حتما توصیه میکنم که بخرید   در این رنج قیمت عالی هست ,68,1
نسبت به پولی که دادم کیفیت خوبی داره  طرحش جالبه  ,76,1
یکماه از ظرف استفاده کرده ام  برای خانواده های سه نفره و کمتر  ظرفی بسیار مناسب است که هر غذایی را می توان در آن پخت  از برنج گرفته تا انواع خورش های ایرانی و کوکو و     به خاطر سیستم خاص پخش حرارت در کفه ی ظرف  غذا خیلی خوب آرام پز شده و جا می افتد  امکان ندارد در این ظرف با کوکوی خرد شده یا غذای چسبیده مواجه شوید  ارزش خرید به نسبت قیمت را دارد چون فکر می کنم حداقل ده سال بتوان به خوبی از آن استفاده کرد بهتر است سایز های بزرگتر این ظرف در دیجی ارائه شود  ,92,1
من در پیشنهاد ویژه این تلویزیون رو سفارش دادم  واقعا راضیم  دوستانی که میگن تصویر در کانال های تلویزیون ایران تار دیده میشه  حتما از فاصله خیلی نزدیک به تصویر نگاه میکنن با کمی فاصله کیفیت تصویر عالیه  و از قابلیت عالیه HDR این تلویزیون هم استفاده کنید  واقعا راضیم از خریدم  تلویزیونی هوشمند با قابلیت های مدنظرم ,96,1
اگه رنگ طبیعی پوست میخواین شماره 3 خیلی عالیه    شماره دو برای پوستای روشن ک طبیعی میخوان خوبه  براق نیس چرب  و کدر نمیکنه پوستتون رو ,92,1
مورد سوم این بود که هنگام قرار دادن سبد پخت بعد از اتمام زمان پخت به لبه دیگ جهت روغن گیری  ته سبد به روغن برخورد میکند و عملا اینکار انجام نمی شود  بهتر بود اندازه دیک حداقل دو سانتی بلندتر در نظر گرفته می شد    البته این سه نکته پیشنهاد بنده برای رفع نقصهای جزیی است وگرنه در کل خرید آنرا پیشنهاد می کنم  ,60,1
چند روزه که به دستم رسیده خوشگل و سبک و قابل حملِ برای کاربری عمومی عالیه حافظه و گرافیک و پردازنده مناسبی داره تعداد پورت هاش خوبه ولی تاچ پدش اصلأ کار نمیکنه هنوز به گارانتی سازگار مراجعه نکردم ولی میدونم که توی ایران گارانتی معنی نداره پیشنهاد میدم کالاهای دیجیتال و گرون قیمت رو تا جلوتون همه آپشن هاشو امتحان نکردن نخرید  ,48,2
من کرم پودر سینره رو  به این کرم ترجیح میدم  از نظر پوشش دهی سینره  عالیست  با اینکه سینره ارزون تر است   ,60,1
کارایی خوب ,60,1
عالی  هم تیز   هم کاربرد راحت   هم خوش دست ,100,1
به توجه به هزینه کمی که بابات خرید این ست میشه  می شه گفت واقعا مناسبه کیفیت ساخت لوازم در حد معقول و مناسبیه و برای استفاده معمولی و خانگی و حتی نیمه حرفه ای مناسب به نظر میاد  ,84,1
در کل نسبت به قیمت خوبه بزرگترین ایرادش نحوه اتصلات لوله ها به همه که قفلی نیست توی هم میره  و غالبا جدا میشه هنگام جارو کردن مکشش خوبه البته اگر از فیلتر وسته استفاده میکنید ماهی یک بار پاکت رو عوض کنید که مکش جارو در این صورت همیشه خوبه و فشار هم نمیاد بهش  ,68,1
توی برندهای موجود پارس خزر خیلی کیفیت خوبی داره خدمات پس از فروش خوبی هم داره   من از خریدم راضی هستم ,72,2
به عنوان اسلایسر اصلا کارآیی نداره   به هیچ وجه انتظارات خریداران رو برآورده نخواهد کرد  شاید تنها چیزی رو که بتونه تکه تکه کنه موز پوست کنده باشه      ,44,3
سلام هم کسایی که میگن مزخرفه درست میگن وهم کسایی که میگن عالیه به چند دلیل  من اینو خریدم و یه روز کار کرد و بعد یکی درمیون کار کرد و گفتم هرچه باد اباد و بازش کردم  توش دوتا چشمی فرستنده داره که تقریبا به سمت ضبط ماشین تنظیمش کرده که شمام میتونید تنظیمش کنید اما مشکل به همینجا ختم نمیشه کسایی که میگن عالیه چشمی گیرنده روی ضبط ماشینشون سمت راننده س  چپ  دقیقا در مقابل این دستگاهه که سیگنالو قوی و خوب دریافت میکنه اما کساییه که چشمی ضبطشون سمت شاگرده  مثل من  این وسیله یه اشغاله براشون ولی من کم نیاوردم و ضبطو باز کردم و دیدم میشه چشمی رو جابجا کنم و الان خیلی دقیق وعالی کار میکنه پیشنهاد میکنم اول برید پیش یه متخصص بهتون بگه چشمی ضبطتون کجاشه بعد بخرید یا اگه دارید ببرید یه تعمیراتی بگید چشمیشو بیاره سمت راننده بعد از این تغییرات پر دردسر خیلی لذت بخشه استفاده از این ولی خب نقطه ضعف بزرگی داره ,76,1
سلام  من 5سال این گوشی رو دارم و هنوز مث روز اول کار میکنه و هیچی از گوشیای الان که روز به روز تو بازار میاد کم نداره  گوشی خیلی قوی هست  ,76,1
با دستگاه اورجینال به لحاظ کیفیت پایین تر است  ,68,1
من این ساندویچ میکر رو  دیروز گرفتم که از تست اولیه اش راضی بودم نان رو سریع برشته و طلایی کرد و صفحاتش به راحتی با دستمال پاک شد و اینکه موقع کارکردن هم دستگاه خیلی داغ نشد  ,60,1
از روی اپارات وفیلیمو هیچی پخش نمی کنه حتی تلوبیون رو باید کلی دردسر بکشی تا شاید انلاین پخش کنه وگرنه فیلمهای قبلی رونمایش نمی ده ,72,3
ببخشید دوستان حواسم نبود داخل  نظر قبلی گفتم که HD ساپورت نمیکنه  رفام چند بار دیگه امتحان کردم دیدم میتونه تصاویر HD رو نشون بده این نظر رو هم دادم بگم که شما که میخوایین بخرین گمراه نشین ,68,1
سلام دوستان من اینو از نمایندگى سامسونگ گرفتم خیلی گرون تر سرمون کلاه گزاشتن سر شما کلاه نره ولى تلویزیون خودش عالیه ,84,2
من دیروز این محصول را سفارش دادم و امروز بدستم رسید   البته متاسفانه اشتباهی مدل بدون ریموت آنرا برایم فرستادم که با تماس با دیجی کالا قرار شد عوضش کنند   ,60,1
به نظر من بافتش جوری هستش که پوست رو شاداب نشون میده و یه جورایی لیفت میکنه من واقعا راضی هستم  ,64,1
من حدود دو ماه هست که دارم از این جارو استفاده میکنم  تا به حال که مشکلی نداشته و کارایی مناسبی برای من داشته  البته جنس قطعات پلاستیکی و دقت ساخت این قطعات از جاروهای خارجی پایین تر هست  ولی وظیفه خودش را به عنوان یک جارو به خوبی انجام میده و قیمت مناسبی هم داره  من خریدش را به دوستان پیشنهاد میکنم  ,72,3
همین الان رسید به دستم خیلی کیفیت ساخت خوبی داره و گرما رو هم خیلی خوب انتقال میده به نظرم با این قیمت می ارزه تفال ,100,1
از نظر سخت افزاری در حد قیمت خودش خوبه  ولی دو تا عیب میشه بهش گرفت  یکی صدای فن که خیلی صداش زیاده  دوم همراه نبودن سی دی های درایور  با تشکر از دی جی کالا ,60,1
ما همیشه برای مسافرت دو تا فلاسک عهد بوق رو با خودمون میبردیم  گفتیم این رو بخریم که 2 2 لیتری باشه و دیگه راحت باشیم  ولی در کمال تعجب این فلاسک حتی برای 1 ساعت هم دمای اب جوش رو نگه نمیداره  بدنه بیرونی فلاسک داغ میشه    که این خودش باعث از دست رفتن دمای اب هستش  جالبه که اون فلاسک ها برای نزدیک 20 سال ئیش هستن   ,12,3
من هم اینو با توجه به نظرات دوستان خریدم  بعنوان خردکن خوبه ولی انتظار 1 2 3 یا آسیاب ازش نداشته باشید  مثلا نمی تونید باش آرد برنج یا پودر شکر تهیه کنید  کلا بزرگ و سنگینه  از یخ خرد کنش هم استفاده نکردم هنوز  ,76,2
من از دیجی کالا این اتو رو برای مادر همسرم خریدم کلی استرس داشتم که بد از آب در نیاد که خدا رو شکر هم به موفع به دستشون رسوندند هم اینکه کیفیت و کارایی خوبی هم دارند و راشی هستن  ممنون دیجی کالا آبرومو حفظ کردی ,84,1
نسبت به پولی ک میدین ارزش خرید نداره  کیفیت صدا خیلی پایین بیس کم  کیفیت ساخت ضعیف وقتی به دستم رسید واقعا تو ذوقم خورد ,28,3
ازخریدم راضیم به کسی که قصدخریدداره پیشنهادش میکنم واقعاکیفیتش خوبه ,80,3
من قبلا کتری برقی بوش مدل TWK8613 را خریده بودم که همونجا در موردش نوشتم  این یکی مدل را برای مادرم خریدم که متاسفانه متوجه شدم کیفیت ساختش نسبت به اون مدلی که خودم پارسال گرفتم خیلی پایین اومده  دسته کتری کمی لق هست و  قیژ  قیژ میکنه انگار میخواد از جا کنده بشه محفظه پلاستیکی مخصوص آب جوش داخلش هم خیلی بد و بی کیفیت  تزریق پلاستیک شده و این کیفیت برای برند بوش فاجعه هست  مدل TWK8613 هم نسبت به هزینه ای که براش پرداخت کردم آنچنان توجیه خرید نداشت چه برسه به این مدل 8611 که واقعا از همه چیش زدن و کیفیت به معنای واقعی کلمه چینی شده  مشخص هست جنسی تولید کردن مناسب بازار ایران و نه بازار اروپا  متاسفم که فقط نام بوش را یدک میکشه  از رنگ بندی هم بهتره حرفی نزنم هر چه قدر مدل 8613 زیبا و شکیل بود این مدل در نهایت بی سلیقگی با ترکیب رنگ سفید و مشکی طراحی شده  ,56,3
من این ماهیتابه رو از دیجی کالا خریداری کردم  البته هنوز فرصت نشده ازش استفاده کنم  اما نکته ای که در مورد سایز تابه ها میخواستم نظر عزیزان رو بهش جلب کنم اینه که وقتی میگه سایز 20 منظور قطر دهنه تابه هست و نه قطر کف اون     نوشتن این مطلب رو به خودم لازم دونستم چون خیلی از دوستانمون در مورد سایز تابه دچار اشتباه میشن و بعد از تحویل گرفتن سفارششون از خریدشون و اندازه اون راضی نیستن  ,92,1
سلام به همه دوستان ,60,1
در مجموع مایکروویو میان رده ی خوبیه ,72,1
این رنگ خیلی تیرس و بوی خیلی بد داره جوری که پوست هم بوی بدی میگیره ,60,3
خیلی خیلی خوب حتما بخرید و در خریدتون شک نکنید ,100,1
بسیار جارو برقیه خوبیه صدای کمی داره ما قبل از این جارو برقی مارک بلک اندکر 1800 وات داشتیم که خیلی زیاد عمر کرد ولی صدای خیلی زیادی داشت   این مخزن سایکلون روی دسته بسیار فکر نو اورانه ای از سمت سامسونگ بود که در مدل های دیگر برندها من که ندیدم بسیار کار امد و کاراست بیشتر گرد و غبارو خاک و مویی که میکشه وارد این مخزن میشه و براحتی میشه خالیش کرد و به نوعی میشه گفت دو تا مخزن داره این جارو برقی یکی کسیه و مخزن روی دسته   ,64,1
من این محصول را دارم و چند سال پیش خریدم   نخست اینکه کاربری من حرفه ای نبود و برای تکمیل ابزارهای خودم خریدم اما در همین استفاده خانگی  به نظرم کیفیت متوسطی دارد که برای دوستان عرض می کنم   یکی از سَری های دو سو هنگام سفت کردن پیچ دستگیره در   اگر درست یادم باشد  شکست و دسته جغجغه آن نیز چند روز پیش وقتی خواستم پیچ زین دوچرخه ام را شل کنم کلا بدرود حیات گفت و حالا یک طرفش دیگه جفجفه نیست    کیفیت مته های فلزش همانطور که دوستان هم اشاره کرده اند خوب نیست و به عنوان یک محصول حرفه ای نمی توان آن را قلمداد کرد بهترین برتری و سودی که این محصول دارد مکانی کشویی است که روی دسته جغجه می باشد و شما می توانید پر کاربردترین سر پیچ گوشتی ها   البته از نوع کوتاه قد را   درون آن قرار بدهید و به جای حمل جعبه کامل فقط دسته را با خود ببرید  ,88,1
با اینکه تو راهنماش نوشته با پخش کننده های غیر آیفون و آیپاد ممکنه صداش ضعیف باشه ولی من دقیقا با آیفون 6 اس استفاده میکنم و در بیشترین حالت هم صدا کمه  از صداش نمیشه لذت برد یا تو محیط شلوغ استفاده کرد  برا یه دفتر کار که ممکنه هر لحظه آدم رو صدا کنن خوبه که تو پس زمینه کار موسیقی هم گوش کرد  ,60,2
اتو رو در فروش ویژه گرفتم و به نظرم با این قیمت انتظارات رو براورده میکنه  من مشکل خاصی ندیدم  ,72,1
نسبت به قیمت عالیه   ,100,1
این محصول فوق العادس به نسبت قیمتش چون اگر بخوایم به هم قیمت های خودش نگاه کنیم میبینیم که نه شبکه وای فای رو  نه ان اف سی رو دارا هستند در کل عالیه  ,92,1
دو ماهی هست خریدمش و خیلی خیلی ازش راضیم  دست بلندش کار رو خیلی راحت میکنه  صداش کمی زیاده و سبکه و راحت میشه کل خونه رو باهاش جارو کرد  نگه داشتن شارژش خیلی خوبه ولی مدت زمانی که لازمه تا کامل شارژ بشه زیاده  در کل عصای دستم شده بخصوص با وجود پسر کوچولوم ,92,1
واقعا عااااالی    خوشبو  خستگی صورتو به در میکنه  کف معقول  خنک کننده  بعدش صورت حالت مردونه و معقولی داره  خیلی زیادی نرم و لزج نمیشه  واقعا رقیب نداره ,68,3
تا جایی که من تست کردم در حالت Music و Meeting   تنها دو میکروفون فوقانی عمل کردند  و در حالت Interview تنها  دو میکروفون سمت راست عمل کردند  در نتیجه میکروفونِ پایین در قسمت سمت چپِ ضبط کننده عمل نکرد   بنده در هنگام ضبط صدا از هدفون برای تست میکروفون ها استفاده کردم   ممکن است اشکال از دستگاه  بنده باشد  موفق باشید  ,68,1
من حدود یک ماه میشه که این هدفون فوق العاده رو از دیجی کالا خریدم که اون موقع پیشنهاد ویژه بودمن با این هدفون تمام سبک های موسیقی مثل پاپ  جز متال  heavy metal hip hup  تست کردم واقعا فوق العاده و بی نقص هست و حتی اکو های مخفی هم شنیده میشه توی گیمینگ هم عملکرد surrounding عالی داره وبیس مناسب و بالایی به آهنگ میده  عمق صدای بالایی هم داره و اینکه صداش هم خیلی زیاده و طوری طراحی شده که با بلند ترین صدا گوش شما رو به هیچ وجه اذیت نمیکنه و برای استفاده طولانی مدت هم مناسبه و سر رو اذیت نمیکه  در کل هدفون خیلی خوبیه ,100,1
بعد از حدود3 سال هنوز دارمش و کار میکنه مثل روز اول ,80,1
فکر می کردم ساخت اروپا باشد ولی وقتی رسید دستم دیدم ساخت کشور دوست و عزیزمان چین است  ولی چینیه با کیفیته  ,68,1
خودتون میتونید جوهر را بخرید و از قسمت نمدی کارتریج روش بچکونید نیازی به تعویض یا سرنگ هم نیست  فقط هفته ای یه پرینت یا کپی بگیرید که هد دستگاه خراب نشه ,76,1
در کل لپ تاپ خوبیه نسبت به قیمتش خوبه طراحی ساده و شیک و جنس بدنه عالی سخت افزاریشم بد نیست سی پی یو اینتل i3 و 4 گیگ و 1 ترا هارد داره گرافیک on borde 512 برا کارای روز مره بدک نیست ,60,1
برای عکاسی دوربین عالیی هستش اما برای فیلم برداری پیشنهاد نمی کنم  ,68,1
واقعا عالی هستش من که از  خریدم واقعا راضیم ,88,1
اولین بار بود از کرم پودر بورژوا استفاده کردم اولا اینکه من رنگ پوستم گندمی رو به برنزه است و این رنگ 2 درجه تیره تر از پوست من بود و از رنگی که دیجیکالا توی سایت گذاشته خیلی تیره تره و اگه امکان بازگشت داشت برمیگردوندمش دونا اینکه اصلا پوشانندگی نداره و خیلی لایته و البته واسه استفاده روزانه مناسبه در ضمن خیلی زیاد شل و روان هست که عجیبه و بوی الکل بدی هم میده در کل فکر میکنم مارک بی یو و لورآل انتخاب بهتری باشه  ,52,3
کیفیت صدای خوبی داره ولی بزرگ ترین ایرادش نداشتن کنترل صداس   همیپ باعث میشه صدای بلندی رو نداشته باشه ,60,3
به نظرم از قیمتش بیشتر می ارزه  برای کار دفتری  حسابداری و نرمال انتخاب خیلی خوبیه ,72,1
خیلی قدرت پردازشش پایینه پول بیشتر بدید یه کانفیگ بهتر بخرید ,52,3
مهمترین قسمت اتو کفی اون هست و کفی این اتو اصلا خوب نیست  حتی اگه هفتاد درصد هم تخفیف بخوره ارزش خرید نداره  چون اون انتظاری که از یه اتو میره برآورد نمیکنه ,32,3
سالادساز با دو رنده برای خردکردن خیار به صورت حلقه ای و هویج به صورت ریز داره  این سالادساز توی مشخصات کالا نوشته نشده  سیستم دورمعکوس برای وقتی که گوشت توی دستگاه گیر کنه خیلی به درد میخوره  موتورش قویه ولی همین باعث شده صدای دستگاه کمی زیاد باشه  ,92,1
من چند روزه این دستگاه رو دارم  واقعا کار کردن باهاش لذت بخشه  چرخش صفحه نمایش واقعا عالی و کاربردیه توی این چند روز از باتریش راضی بودم میخوام روش pes 2016 بریزم ببینم جواب میده یا نه  اگه جواب داد میگم بهتون کیبوردش واسه منی که تایپیست سریعی هستم اذیت میکنه  کلاً واسه تایپ اذیت میکنه  بعضی از کلید ها رو خیلی بدجا گذاشتن  مثل پیج آپ و پیج داون که گذاشتنش روی کلیدای جهت نما همش قاطی میشن  تاچ پدش متوسطه رو به بالاست  باید عالی درستش میکردن  ولی خب در کل خوبه از مزیت های دیگش دوتا یو اس بی 3 داره یدونه یو اس بی 2 وزنش اگه کمتر از 1 5 بود خیلی بهتر میبود ولی خب همینم خیلی راضی کنندس  اما توی حالت تبلتی یه کم اذیت میکنه  چون تبلت 1 کیلو و نیم که نداریم با این ضخامت در کل من راضی ام ازش ,80,1
سرعت عوض شدن کانال ها کمه و  کانالهای رادیو تلویزیون با هم تو یک  منو هست و با تنظیماتش درست نشد  ,80,1
 سلام بنده حدود یک سال پیش دو عدد از این گوشی خریدم که یکیش برای خودم بود و تا الان ازش راضی ام و با مشکل خاصی برخورد نکردم البته ظرفیت باتری کمه  حدود 6 ساعت  و همون اول تو ذوق میرنه که نسبت به قیمت موبایل  عالیه و مشکل بعدی نداشتن قابلیت اتصال به اینترنت 4g هستش که میتونید با خرید مدل پرو حلش کنید ولی برا من که ازش استفاده عمومی میکنم اشکالی نداره  تا یادم نرفته باید بگم که کیفیت دوربین در همین یکسال به سرعت افت کرد که الان نمیشه با یه دوربین 5 مگاپیکسل مقایسه ش کرد  از جمله نقاط قوتش هم میتونم به کیفیت مطلوب دوربین البته در ماه های اول خرید و سخت افزار  عالی برای کاربری عمومی و نهایتا تولید با استاندارد های جهانی اشاره کنم ولی با توجه به نقاط قوتش در کل خرید خوبی بود و از دیجی کالا به خاطر خدمات خوبش ممنونم ممنون دیجی جون  نظرتومهمه ,72,1
فوق العاده است  من روز مادر برای مادرم خریدم خیلی خیلی خوبه ,100,1
من این محصول رو خریدم ولی اصلا راضی نیستم چون اصلا راحت نیست تو گوش و خیلی زود گوشو خسته میکنه واسه کسانی که مثل من  روزانه چندین ساعت ب موزیک گوش میدن اصلا خوب نیست  ,80,3
یه تلویزیون تمام عیاره چند ماهه از دیجی خریدم و خیلی راضیم ,68,1
من زیاد حرفه ای نیستم ولی نسبتا دوربین خوبیه  ,56,1
اینم یادم رفت بگم اگه طبق تصاویری که دیجی کالا زحمت کشیده گذاشته داخل گوشتون نذارید صداش با یه هدفون چینی یا کره ای هیچ فرقی نداره ,100,1
تقریبا یکسالی داشتمش البته از  اولین تجربه های مایکروسافت بیشتر از این نمی شه انتظار داشت  شدیییییدا افسوس می خورم که زمانی که اینه خریدم با پولش می تونستم یک مک بوک ایر بی نظیر بگیرم که متاسفانه پولم رو هدر دادم  شخصا توصیه می کنم که اگر دنبال لپ تاپ هایی به این شکل هستید و همچنین اگر می خواهید همینقدر هزینه که به سراغ لپ تاپ های اپل بروید  من ترجیح دادم که اینو بفروشم و یک آیفون 6اس بهمراه یک لپ تاپ ویندوزی معمولی بگیرم تا زمانی که توانایی مالی خرید یک مک بوک رو پیدا کنم  ,40,3
من هم قلم خودشو استفاده کردم و هم یه قلم adonit switch از همین سایت گرفتم دقت adonit خیلی بیشتره  نسخه بدون قلمشو بخرید با یه قلم adonit  قیمتش همون میشه  ,88,1
و برای هر پیراهن مردونه مخزن آب باید پر بشه از خریدش اصلا راضی نیستم و خریدش رو اصلا توصیه نمی کنم  ,60,3
کیفیتش خیلی خوبه نسبت به قیمتش عالیه  ,100,1
ای کاش به جای لباسشویی سامسونگ   الجی یا مارکی دیگه میگرفتم  راضی کننده نیست  حتی برنامه یک ساعته ش هم لک ها و چربی ها رو از بین نمیبره و تعریفی نداره ,12,3
تازه به دستم رسید   بنده هم نقد اون دوستمون در خصوص وضعیت ناخوشایند بسته بندی و جعبه رو وارد می دانم  از این موضوع که بگذریم  محصول کاملا رضایت بخش بود و تمامی نکات فنی و ویژگی ها در خصوص این مدل صادق هستنند    مکش این مدل به قدری بالا هست که از خودم می پرسم مگر مکشی بالاتر از این کاربرد هم داره      ترجیح می دم بیشتر مواقع  از قدرت متوسط به پایین اون استفاده کنم  چیزی که برای من بیشتر به نظر آمد خصوصیت آرگونومی و کارکرد راحت تلسکوپی و نازل آن بود که کار کردن با اون  رو راحت کرده  طبق تحقیق و پرس و جویی که کردم این مدل جدیدترین مدل بوش هستش    ,76,1
از کیفیت و حجم صدای خروجی راضی هستم  برای اتصال ساندبار به مجموعه تلویزیون و گیرنده بهتر است گیرنده با کابل HDMI به تلویزیون متصل شده و خروجی صدای اپتیکال تلویزیون به ساندبار متصل گردد  با این کار هرچند امکان کم و زیاد کردن صدای تلویزیون از شما گرفته می شود ولی می توانید صدا را هم با کنترل گیرنده و هم با کنترل ساندبار تنظیم کنید و مهمتر اینکه با روشن کردن تلویزیون  ساندبار هم روشن خواهد شد البته اگر وضعیت auto link power در حالت روشن قرار داشته باشد   با این کار دیگر لازم نیست با هربار روشن کردن گیرنده و تلویزیون  ساندبار را هم روشن کنید  مهمترین مزیت آن هم اتصال آسان با بلوتوث است  بعد از حدود یک هفته از خرید محصول  از کیفیت آن راضی هستم  قیمت دیجی کالا هم به نسبت نمایندگی خیلی پایینتر بود  ,64,1
خیلى گوشت کوب خوبه هست 12حالت سرعت داره که عالیه و کمترین گوشت کوبى این رو داره و اینکه پارچش یه در داره که میشه اون رو توى یخچال نگه داشت بدون اینکه بو بگیره یخچال  خیلى هم شیک و قشنگه ,84,1
در پیشنهاد ویژه خریدم هفته پیش بسیار عالی ,88,1
حتما بخرید ,80,1
خود لبتاب عالیه  از هر لحاظی تحقیق کرده بودم و با اطمینان اقدام به خرید لبتاب   یک کوله کردم   95 6 3 بسته را برایم آوردند   کوله ی مربوطه کوچکتر از ابعاد لبتاب بود و در Cd رام باز نمیشد که همان لحظه تماس و ارجاع داده شد  بعد از 2 روز اومدند کالارو تحویل گرفتند  بعد از 6 روز با هرروز تماس های مداوم و پیگیری های خودم  صحت خرابی تایید  کالا تعویض و مجدد آورده شد  بعد از 9 روز مبلغ کوله به دلیل ناموجود بودن کوله ای با ابعاد لبتاب  عودت خورد  درحالیکه به قول خودشون تعمیر نداریم تعویض داریم  درب کارتن لبتاب و بسته  CD  باز و بدون برچسب بود   خلاصه  کار نداریم  خود Cd هم مشکل داشت  یک cd ویندوز دیگه نصب کردم  درحال حاضرهم بیش از 2 برنامه باز می کنم هنگ می کند و صفحه سیاه میشود و رنگ ها به هم می ریزد  تاچ پد ضعیف و باتری نیز کمتر از آن چیزی که در سایت درج شده بازدهی دارد  وضعیت خدمات پس از فروش هم که زیر صفر  ,60,3
بسیار بد کیفیت از همون موقعی که اومده برام یکیش صداش خیلی کمه و انگار کلا سامسونگ اینطوره چون قبلش هم یکی اینطور گرفته بودم اصلا پیشنهاد نمیکنم ,0,3
دستگاه زیبا و کوچکی است و کیفیت ساخت مناسبی دارد    راه اندازی آن بسیار اسان است و تنها دو دقیقه زمان میبرد   با اتصال ان به فیش آنتن پشت بام 40 کانال را با کیفیت عالی دریافت کرد   رابط کاربری زیبا و مناسبی دارد که کار با آن بسیار آسان است   تعویض کانال با مکث حدود 5 ثانیه ای همراه است که اهمیت چندانی ندارد    در کل نسبت به قیمتش به صرف است و خرید آن را حتما پیشنهاد میکنم    ,68,1
در حد جا قاشقی  برای اشپزخانه خونگی نیست چون قاشق توی ان گم میشه  به جاکفیکر یا ملاقه بیشتر میادتا جاقاشقی تقریبا یک سطل کوچییک هستش که ظاهر اشپزخانه را به هم میزنه نسبت به هیکلش  ورق استیل بکار رفته در ان خیلی نازک و با کوچکترین  فشار  خم میشه ضمنا قیمتش هم خیلی گرونه ,4,3
این شماره اش رو امتحان نکرده بودم ولی عالی بود کاملا رنگ پوستم بود خیلی طبیعی و سبکه ماندگاریشم انصافا خوبه  من ک پوستم متخلطه قسمت بینی و چونه و پیشونیم میزنم برای گونه قبلش باید مرطوب کننده یکم بزنیم ک بهتر بخوابه ,92,1
بهترین انتخاب ,60,1
همه چیز تموم   هوشمند بودن  خوش دست بودن  کفی عالی  عالی عالی بی نظیره ,100,1
واقعا بیشتر از قیمتش کارائی داره و بسیار شیک ,0,1
خیلی سبکه و  اصلا رو پوست حس نمیشه پوشش دهی خوبی داره و صورت رو یکدست میکنه فقط برای پوست من این شماره یکم تیره ست باید روشنش رو میخریدم  ,64,1
من توش ماهی پختم  خیلی خوب شد پیشنهاد میکنم حتما بگیرید  مخصوصا تو شگفت انگیز ,68,1
بشتر از یک ماه هست که خریدم  برای وب گردی و کارای روزمره عالیه یه لینوکس  Ubuntu روش نصب کردم خیلی راحت داره جواب میده  فقط بعضی وقت ها کند میشه  این نسخه لینوکسی skype  بعضی وقتا CPU میگیره  روی بعضی از صفحات وب هم chrome یه کمی کند میشه که خوب با توجه به سخت افزاری که داره طبیعی هست  ,76,1
من سال گذشته این تلویزیون رو از دیجی کالا خریدم  کیفیت تصویر و صدای واقعا بالایی در رنج خودش داره و کاملا قابل رقابت با انواع خارجی هست  اکثر فرمت های صوت و تصویر رو پشتیبانی میکنه که آپشن بسیار خوبیه  گیرنده دیجیتال داخلی قوی ای داره  با هارد اکسترنال حداقل تا یک تراهرتز هیج مشکلی نداره و انواع فلش و همین طور لینک به موبایل  برانصبش خیلی سریع و راحت از شرکت میان و هیچ مشکلی نداره اما تنها ایراداتی که میشه گفت کمی سرعت تعویض کانال پایین هستش وقتی فلش یا هارد وصل میشه سرعت روشن شدن تلویزیون و دریافت کانال ها کم میشه وزیر نویس هارو با فونت ریز نشون میده   درکل با توجه به خدماتش و مبلغی که پرداخت میکنید واقعا عالیه من یک ساله استفاده میکنم و راصی ام   ,80,1
تو پیشنهاد ویژه خریدم  هیچ مشکلیم نداره  خیلی هم عالی ,60,1
تفکیک صدای خیلی خوبی داره  از لحاظ بیس ضعیف هستش  اگه دنبال بیس زیاد هستید مناسبتون نیست چون بیس پایین و نرمی داره  قیمتش تو تخفیف خوبه  با قیمت اصلیش زیاد مناسب نیست چون با اون قیمت گزینه های بهتری میشه خرید  سبک بودنش هم برای استفاده طولانی خیلی خوبه  به گوش فشار نمیاره و وقتی در حال فعالیت هستید از سرتون سر نمیخوره  موادی که برای ساختش استفاده شده با کیفیت هستن و حس خوبی در موقع استفاده میده  از سیم تخت و پهن تو ساختش استفاده شده که زیاد جالب نیست ولی قابل تحمله  ,84,1
یک کلام کیفیت صدا معرکست   ,92,1
به قیمتش نمی ارزه خیلی ظریف وشکننده است  به نظرم قیمتش باید خیلی پایین ترازاین باشه ازخریدم پشیمون شدم ,60,2
عالیه  خیلی جنس خوبی داره  مثل همه محصولات تفال  ,96,1
کیفیت ساخت و متریال بسیار عالی ,100,1
این مینی فرز قابلیت تنظیم سرعت چرخش را دارا میباشد و به کاربر این امکان را میدهد تا در برش با  سرعت دور بالا و همچنین پولیشکاری و سمباده زنی با  سرعت دور پایین  از آن استفاده نماید ,100,1
دوستان دقت داشته باشید با هر ضبطی کار نمیکنه من به ضبط ماشینم وصل کردم ضبط erorr داد و کار نکرد ,16,3
من خریدم واسه مادرم خیلی راضیه ,100,1
با سلام این دوربین از دیجی کالا خریدم میخواستم نظرم بگم تا بقیه دوستان استفاده کنن  از همه لحاظ عالیه  زوم فوق العاده  من از ماه عکس گرفتم چاله چوله های ماه مشخض بود  این دوربین بیشتر به درد عکاسی میخوره  چون اینقدر کیفیت فیلمش بالاست که یه کارت 32 مدت 40 دقیقه پر  میشه ولی با همون ظرفیت میتونید تا 500 عکس بگیرید  به درد عکاسی طبیعت هم میخوره  من با وای فای این دوربین خیلی حال کردم میتونید همه عکسهلیی که گرفتید به گوشیتون انتقال بدید البته قلبش اپ نیکون رو تو گوشی نصب کنید  یه تذکر اگه به مدت زیاد از دوربین استفاده نمیکنید حتما باطریش رو در بیارید  موفق باشید ,60,1
سلام به دوستان  عزیزان کسی این باند رو روی در جلو سمند نصب کرده کیفیتش چطوره   ,48,2
جنس تفلون بسیار خوب است  درب آن فلزی و کنترل خروج بخار دارد ,60,1
عالیه خیلی دوسش دارم قیمتش یه کم زیاده ولی به نظر من ارزششو داره  اندازه ش خیلی خوبه مخصوصا برای کسانی که  بچه شون تازه غذاخور شده ,100,1
من چند ماهه از دیجی کالا خریدم و راضی هستم ,60,1
من این دستگاهو 2ماه پیش از دیجی کالا خریدم  درکل کیفیت مرقوب و ظاهر خوبی داره و استفاده ازش راضی کنندست تنها مشکلی که شاید هم عادی باشه و بین تمام این مدل زودپزها رایجه عملکرد دیر سوپاپ اطمینان و بسته شدن قفل سوپاپ برای جمع شدن بخار در زودپزه که باید در ابتدا شعله در حداکثر توان خودش باشه تا سریعا قفل شده و بخار جمع بشه در دستگاه ,76,2
این هدفون عالیه فقط حتما درایور کارت صدات نصب باشه که واقعا صدای اصلیشو بشنوی در ضمن اگر  ویندوز 10 داری حتما برو تو استور و دالبی اتم رو بگیر  یه دو تا فیلم با صدای شرکت دالبی باهاش دیدم که کف کردم ,76,1
سلام این پوست کن رو تهیه کردم   همونطور که توی شکل هست فقط برای سبزیجات هست و نمیشه پوست میوه و یا سیب زمینی و   باهاش کند   یه جورایی اصلا به کار نمیاد   ,40,3
این موس امروز بدستم رسید قیمتش تو بازار بیشتره  اما تو دیجی با فروش ویژه 4 تا خریدم واقعا به صرفه بود دو بار پیک اومد دم خونه ما نبودیم اما تا زنگ زدم فرداش واسم فرستادنش واقعا ممنونم هیچ هزینه ی اضافی هم بابت پیک نگرفتن خلاصه موس بدستم رسید استفاده کردم و لذت بردم اولین بار بود می گرفتم با توجه به تعریف هایی که شنیده بودم واسه خودم و خواهرم 4 تا رو سفارش دادم من پوستم گندمیه روی پوستم رنگش کاملا طبیعیه نه روشنه نه تیره و مات راضیم خیلی هم سبکه کاورش رو نمی گم 100 درصده اما 70 درصد هست منم پوستم جوش نداره اما چند تا لک کمرنگ داشت که کامل پوشونده راجع به موندگاریشم چون امروز بدستم رسیده خیلی نمیتونم نظر بدم اما الان 3 ساعت بیشتره رو پوستمه که خودشو حفظ کرده سبک هم هست امیدوارم حساسیت نداشته باشم و جوش نزدم که بعید می دونم چون خیلی سبکه ببخشید سرتونو درد آوردم خواستم کمکی کرده باشم ,84,1
کیفیتش قابل قبوله اما عالی نیست انتظار منو که برآورده نکرد صرفا کار راه اندازه  موقع اتصال به لپ تاپ با بلوتوث حتما باید روی سورس بلوتوث باشین و صرفا روشن کردن بلوتوث ساندبار کفایت نمیکنه بلوتوثش روشن میشه و زود هاموش میشه باید حتما روی سورس بلوتوث باشین و بعد بلوتوث رو روشن کنید همین 1 ساعت وقت منو گرفت تا فهمیدم ,68,1
عالیه دیجی تورو خدا موجود کن می خوام یکی دیگه بخرم ,94,1
بی تعصب بگم این پرینتر فوق العاده سریع و قدرتمنده و در هر دقیقه 30 صفحه رو رنگی چاپ میکنه اونم بدون هنگ و مکثی و پشت سرهم چاپ میکنه از نقاط عیب هم میشه به lcd کوچیک و نداشتن دو رو زن اشاره کنیم اما در کل حتما ارزش خرید داره و برای افرادی مثل من که کاربری خونگی دارن مطمئنم یه عمر کار میکنه  ,84,1
این دستگاه در عمل توان مخلوط ساده ای مانند شیر و موز و کمی گردو رو هم نداره  ,44,2
 سختی تمیز کاری محفظه جمع آوری خرده نان مصرف برق معادل 800 وات روزانه حدود 11 الی 37 ثانیه سلیقه ای  برای هر بار کارکرد و برشته سازی نان  بسیار جمع و جور  طول25 عرض 12 و ارتفاع 16 سانت نبود نشانگر کارکرد دستگاه نقطه ضعف محسوب می شود ولی نبودش زیاد هم مهم و تاثیر گذار نیست  قبل از فشردن اهرم اسانسوری به پایین   از اتصال ابزار به برق مطمین شوید  برای عمل کردن نگهدارنده بالابر   استیل بدنه بسیار با کیفیت عدم زنگزدگی و تغییر رنگ در بلند مدت خصوصا درمناطق مرطوب شمال و جنوب  در شماره حرارت 5 در مدت 11 ثانیه نان برشته شده بسیار عالی تحویل میدهد  ورودی نان 13 سانتی با عمق 7 سانت و ضخامت 2 5سانت نان تست بزرگ و کوچک   8 ردیف المنت نواری غیر رشته ای  بسیار با کیفیت دارای صفحات میکای ضخیم به انضمام 4 نوار نگهدارنده 12 پرچی فاصله بسیار مناسب المنت از نان برا یجاوگیری از گیر کردن نان  دکمه توقف برای پراندن اسانسوری نان و توقف عملیات برشته سازی  قطع کن اتوماتیک و ضامن پران آسانسوری نان پلاستیک بدنه در کل با کیفیت کیفیت کمی پایین ولوم انتخابگر حرارت  کابل برق کمی از 1 متر کوتاهتر ,92,1
اصلاراضی نبودم تازه خریدم که تیغه نمی چرخید خراب بود کیفیتشم پایین بود ,60,3
برای خریدش ذوق داشتم و کاربران هم تعریف شو دادن خریدم ولی بد جور زد تو ذوقم از فرمت MKV پشتیبانی نمیکنه و باید رایت کنی رو DVD و نگاه کنی تنها بدیش همینه ,36,3
بسیار شیک و با کیفیت ,96,1
